key,source,zh-CN,module,integration_status,source_refs
app.frame.text_1719_e34050,⚠  TRANSMIT LOCKOUT DISABLED,⚠  发射频段限制已禁用,app.frame,adapter-generated,crates/sdroxide-ui/src/app/frame.rs:1719
app.frame.text_1730_c6d7cc,This engine was started with --oob-tx. The amateur-band lockout is off: it will key the transmitter on any frequency the hardware supports.,此引擎使用 --oob-tx 启动。业余频段发射限制已关闭，可在硬件支持的任何频率上启动发射。,app.frame,adapter-generated,crates/sdroxide-ui/src/app/frame.rs:1730
app.frame.text_1740_1da86c,"Transmitting outside your licence is an offence in every country that issues one. Only continue if you are authorised to use the frequencies you are about to key on — a MARS/CAP or commercial licence, an experimental permit, or a dummy load.",在颁发无线电执照的国家，超出执照许可范围发射均属违法。仅在获准使用即将发射的频率时继续，例如持有 MARS/CAP 或商用执照、实验许可，或连接假负载。,app.frame,adapter-generated,crates/sdroxide-ui/src/app/frame.rs:1740
app.frame.text_1752_fcde45,  I UNDERSTAND  ,  我已理解  ,app.frame,adapter-generated,crates/sdroxide-ui/src/app/frame.rs:1752
app.frame.text_1761_0bbbc1,Restart without --oob-tx to put the lockout back.,不带 --oob-tx 参数重新启动，即可恢复发射频段限制。,app.frame,adapter-generated,crates/sdroxide-ui/src/app/frame.rs:1761
app.frame.text_298_f9236d,Acknowledge,确认,app.frame,adapter-generated,crates/sdroxide-ui/src/app/frame.rs:298
app.frame.text_300_6e6e65,"Re-enables transmit after {swr:.1}:1. Check the antenna first: if the fault is still there, the next transmission stops too.",在驻波比达到 {swr:.1}:1 并停止发射后，重新允许发射。请先检查天线；若故障仍存在，下次发射仍会停止。,app.frame,adapter-generated,crates/sdroxide-ui/src/app/frame.rs:300
app.frame.text_344_487f7f,SDRoxide {version} has been released — this is {}.,SDRoxide {version} 已发布，当前版本为 {}。,app.frame,adapter-generated,crates/sdroxide-ui/src/app/frame.rs:344
app.frame.text_351_fb9713,Get it at sdroxide.com,前往 sdroxide.com 下载,app.frame,adapter-generated,crates/sdroxide-ui/src/app/frame.rs:351
app.frame.text_398_e1301e,Reconnecting in {}s…,将在 {} 秒后重新连接…,app.frame,adapter-generated,crates/sdroxide-ui/src/app/frame.rs:398
app.frame.text_399_27b803,Reconnecting…,正在重新连接…,app.frame,adapter-generated,crates/sdroxide-ui/src/app/frame.rs:399
app.frame.text_400_3b3d27,Not connected.,未连接。,app.frame,adapter-generated,crates/sdroxide-ui/src/app/frame.rs:400
app.frame.text_406_f786f0,Reconnect now,立即重新连接,app.frame,adapter-generated,crates/sdroxide-ui/src/app/frame.rs:406
app.net.qso_upload.fail,FAIL,失败,app.net.qso_upload,reviewed-display-resource,crates/sdroxide-ui/src/app/net.rs:203
app.net.qso_upload.ok,OK,成功,app.net.qso_upload,reviewed-display-resource,crates/sdroxide-ui/src/app/net.rs:203
app.net.text_247_df387f,ADIF import failed: {e},ADIF 导入失败：{e},app.net,adapter-generated,crates/sdroxide-ui/src/app/net.rs:247
app.net.text_255_79e803,ADIF import failed: the file could not be parsed,ADIF 导入失败：无法解析文件,app.net,adapter-generated,crates/sdroxide-ui/src/app/net.rs:255
app.net.text_295_8c962a, (not Unicode; read as {enc}),（非 Unicode，按 {enc} 编码读取）,app.net,adapter-generated,crates/sdroxide-ui/src/app/net.rs:295
app.net.text_302_78706d,", {n} received reports (SWL) left out",，已排除 {n} 条收听报告（SWL）,app.net,adapter-generated,crates/sdroxide-ui/src/app/net.rs:302
app.net.text_305_8b1b64,"ADIF import: {added} added, {skipped} duplicates skipped{reports}{assumed}",ADIF 导入：新增 {added} 条，跳过 {skipped} 条重复记录{reports}{assumed},app.net,adapter-generated,crates/sdroxide-ui/src/app/net.rs:305
app.net.text_325_9ff79c,Channel import failed: {e},信道导入失败：{e},app.net,adapter-generated,crates/sdroxide-ui/src/app/net.rs:325
app.net.text_333_fe59fb,Channel import failed: the file could not be read,信道导入失败：无法读取文件,app.net,adapter-generated,crates/sdroxide-ui/src/app/net.rs:333
app.net.text_340_e8dfcc,"Channel import: nothing to read — a CHIRP CSV file starts with a header                  row naming its columns, one of which must be Frequency",信道导入：没有可读取的内容。CHIRP CSV 文件的首行必须是列名，其中必须包含 Frequency 列,app.net,adapter-generated,crates/sdroxide-ui/src/app/net.rs:340
app.net.text_349_a186dd,", {n} line(s) skipped",，跳过 {n} 行,app.net,adapter-generated,crates/sdroxide-ui/src/app/net.rs:349
app.net.text_352_8c962a, (not Unicode; read as {enc}),（非 Unicode，按 {enc} 编码读取）,app.net,adapter-generated,crates/sdroxide-ui/src/app/net.rs:352
app.net.text_357_baa7bd,Channel import: {n} channel(s) read{skipped}{assumed},信道导入：已读取 {n} 个信道{skipped}{assumed},app.net,adapter-generated,crates/sdroxide-ui/src/app/net.rs:357
app.panels.decodes.text_548_e4ba21,TEXT,文本,app.panels.decodes,adapter-generated,crates/sdroxide-ui/src/app/panels/decodes.rs:548
app.text_81_93b6a9,This radio can only receive — it has no transmitter to key.,此电台仅能接收，没有可启用的发射机。,app,display-helper-adapted,crates/sdroxide-ui/src/app/mod.rs:81
boundaries.app.morse.text_583_86fe61,correct — {c},正确 — {c},boundaries.app.morse,adapter-generated,crates/sdroxide-ui/src/app/morse.rs:583
boundaries.app.morse.text_585_e39877,that was {c},刚才是 {c},boundaries.app.morse,adapter-generated,crates/sdroxide-ui/src/app/morse.rs:585
boundaries.app.panels.cw.text_315_217bfd,Key to send — the characters you send appear here.,按键发射 — 已发送的字符会显示在此处。,boundaries.app.panels.cw,adapter-generated,crates/sdroxide-ui/src/app/panels/cw.rs:315
boundaries.app.panels.cw.text_799_9fd7fb,IDLE {idle:.0}s,保持 {idle:.0} 秒,boundaries.app.panels.cw,adapter-generated,crates/sdroxide-ui/src/app/panels/cw.rs:799
boundaries.app.panels.cw.text_799_b0714f,IDLE 0,保持 0,boundaries.app.panels.cw,adapter-generated,crates/sdroxide-ui/src/app/panels/cw.rs:799
boundaries.app.panels.cw.text_815_5d4fa3,Off — drop at once,关闭 — 立即停止发射保持,boundaries.app.panels.cw,adapter-generated,crates/sdroxide-ui/src/app/panels/cw.rs:815
boundaries.app.panels.vdl2.text_134_4ec086,{} HDLC bad,{} 个 HDLC 错误,boundaries.app.panels.vdl2,adapter-generated,crates/sdroxide-ui/src/app/panels/vdl2.rs:134
boundaries.app.panels.vdl2.text_196_2bfcbb,VDL2 channel,VDL2 信道,boundaries.app.panels.vdl2,adapter-generated,crates/sdroxide-ui/src/app/panels/vdl2.rs:196
boundaries.app.panels.vdl2.text_198_72ba42,"{:.3} MHz, {what} — {r}",{:.3} MHz，{what} — {r},boundaries.app.panels.vdl2,adapter-generated,crates/sdroxide-ui/src/app/panels/vdl2.rs:198
boundaries.app.panels.vdl2.text_200_79c2e6,"{:.3} MHz, {what} — {} bursts, {} frames, noise floor {:.0} dBFS",{:.3} MHz，{what} — {} 个突发，{} 个帧，噪声底 {:.0} dBFS,boundaries.app.panels.vdl2,adapter-generated,crates/sdroxide-ui/src/app/panels/vdl2.rs:200
boundaries.app.panels.vdl2.text_426_bc2dff,"{what} — in use worldwide, and where every link starts. The one to keep if you keep only one.",{what} — 全球通用，所有链路均从这里建立。如果只保留一个信道，就选它。,boundaries.app.panels.vdl2,adapter-generated,crates/sdroxide-ui/src/app/panels/vdl2.rs:426
boundaries.app.panels.vdl2.text_431_f114af,Assigned to an {what}. Which channels carry anything depends on where you are: leave them all on unless you know otherwise.,分配给{what}。哪些信道有通信取决于所在地；除非确定某个信道无需接收，否则保持全部启用。,boundaries.app.panels.vdl2,adapter-generated,crates/sdroxide-ui/src/app/panels/vdl2.rs:431
boundaries.app.qo100.text_1043_3d4d41,decoder runs on the receiving station — its readout is not sent to remote clients,解码器在接收台站上运行 — 解码状态不会发送给远程客户端,boundaries.app.qo100,adapter-generated,crates/sdroxide-ui/src/app/qo100.rs:1043
boundaries.app.qo100.text_1050_01c5cc,"locked — {} block{} tried, {} locked",已锁定 — 已尝试 {} 个数据块{}，其中 {} 个锁定,boundaries.app.qo100,adapter-generated,crates/sdroxide-ui/src/app/qo100.rs:1050
boundaries.app.qo100.text_1057_89118a,"searching — the first window fills after about 24 s, then repeats",正在搜索 — 首个分析窗口约需 24 秒填满，之后循环分析,boundaries.app.qo100,adapter-generated,crates/sdroxide-ui/src/app/qo100.rs:1057
boundaries.app.qo100.text_1060_b7d341,"searching — {} block{} tried, none locked yet",正在搜索 — 已尝试 {} 个数据块{}，尚未锁定,boundaries.app.qo100,adapter-generated,crates/sdroxide-ui/src/app/qo100.rs:1060
boundaries.app.qo100.text_729_f39e16,   last {} ({}s ago),   最近 {}（{} 秒前）,boundaries.app.qo100,adapter-generated,crates/sdroxide-ui/src/app/qo100.rs:729
boundaries.app.scanner.text_241_2866bf,"Look for all the channels that fall inside one receiver window on the same transform the panadapter is made from, and only tune to the ones something is on. A list on one band then costs one tune a lap however long it is, instead of a settling time per channel. The scan still listens on each candidate before stopping, so what stops it is unchanged — but the sweep measures through the FFT rather than through the receiver's filter, so check the threshold if it starts stopping on nothing.",在生成频谱显示的同一次变换中，查找接收窗口内的全部信道，只调谐到有信号的信道。同一波段的列表每轮只需调谐一次，不必为每个信道等待接收机稳定。扫描仍会先监听候选信道再决定是否停留，因此停留条件不变。但快速扫描通过 FFT 测量，而不是接收机滤波器；若它开始停在无信号处，请检查阈值。,boundaries.app.scanner,adapter-generated,crates/sdroxide-ui/src/app/scanner.rs:241
boundaries.app.scanner.text_249_32b51c,"This radio hands over demodulated audio and has no spectrum of its own to search, so its memory scan visits every channel either way.",这台电台提供解调后的音频，没有可搜索的独立频谱，因此存储信道扫描始终逐个访问信道。,boundaries.app.scanner,adapter-generated,crates/sdroxide-ui/src/app/scanner.rs:249
boundaries.app.settings.mod.text_2033_cb4533,Manual — type an offset below,手动 — 在下方输入频偏,boundaries.app.settings.mod,adapter-generated,crates/sdroxide-ui/src/app/settings/mod.rs:2033
boundaries.app.settings.mod.text_2152_20f1bc,"Which frequencies this radio receives, in MHz: 144-146, 430-440. Leave empty to use whatever the device reports about itself.

Band buttons outside the range are greyed out and the dial will not go there.

These are dial frequencies. With a converter set, state the band you tune — 144-148 for a 2 m transverter — not the I.F. the radio is really on.

Takes effect on Apply.","这台电台可接收的频率范围，单位 MHz，例如 144-146, 430-440。留空时采用设备自身报告的范围。

范围外的波段按钮会变灰，调谐也不会进入这些频率。

这里填写面板显示的频率。使用变频器时，填写所调谐的波段 — 例如 2 m 变频器填写 144-148，而不是电台实际使用的中频。

点击应用后生效。",boundaries.app.settings.mod,adapter-generated,crates/sdroxide-ui/src/app/settings/mod.rs:2152
boundaries.app.settings.mod.text_2166_e202ab,"Which frequencies this radio transmits on, in MHz: 144-146, 430-440. Leave empty to use whatever the device reports — and if it reports nothing, the driver is taken at its word and any frequency is allowed.

Dial frequencies, like the receive range above.

This is a limit you set, not a licence: transmitting outside the amateur bands is refused regardless unless you have turned that off in config.toml. Nor does it give a receive-only device a transmitter.

Takes effect on Apply.","这台电台可发射的频率范围，单位 MHz，例如 144-146, 430-440。留空时采用设备报告的范围；若设备未报告范围，则信任驱动，允许任意频率。

与接收范围相同，这里填写面板显示的频率。

这是自行设置的限制，不是发射许可：除非在 config.toml 中关闭限制，软件仍会拒绝在业余频段之外发射。它也不会让仅接收的设备具备发射能力。

点击应用后生效。",boundaries.app.settings.mod,adapter-generated,crates/sdroxide-ui/src/app/settings/mod.rs:2166
boundaries.app.settings.mod.text_2272_e12de0,Transmit is off while a converter is set — say what is in the transmit line above to turn it back on.,设置变频器后发射已关闭 — 请在上方说明发射通路的配置以重新启用。,boundaries.app.settings.mod,adapter-generated,crates/sdroxide-ui/src/app/settings/mod.rs:2272
boundaries.app.settings.mod.text_2276_0f5b1b,"Transmit goes through the same converter, so the radio works the same offset away from the dial in both directions.",发射也经过同一个变频器，因此接收和发射相对于面板频率使用相同的偏移。,boundaries.app.settings.mod,adapter-generated,crates/sdroxide-ui/src/app/settings/mod.rs:2276
boundaries.app.settings.mod.text_2280_c9c68c,"Transmit is not converted: the radio transmits on the frequency the dial shows, while receive comes through the converter.",发射不经过变频器：发射频率就是面板显示的频率，接收则经过变频器。,boundaries.app.settings.mod,adapter-generated,crates/sdroxide-ui/src/app/settings/mod.rs:2280
boundaries.app.settings.mod.text_2284_928804,"Transmit takes its own offset, separate from the receive one.",发射使用独立于接收的频偏。,boundaries.app.settings.mod,adapter-generated,crates/sdroxide-ui/src/app/settings/mod.rs:2284
boundaries.app.settings.mod.text_2342_e6e53a,Cuts/boosts rumble and handling noise.,削弱或增强低频隆隆声及操作噪声。,boundaries.app.settings.mod,adapter-generated,crates/sdroxide-ui/src/app/settings/mod.rs:2342
boundaries.app.settings.mod.text_2350_6b5aac,Presence: a narrow bump or dip somewhere in the voice band.,临场感：在语音频段的某处施加较窄的提升或衰减。,boundaries.app.settings.mod,adapter-generated,crates/sdroxide-ui/src/app/settings/mod.rs:2350
boundaries.app.settings.mod.text_3668_e6af7e,On this computer,本机,boundaries.app.settings.mod,adapter-generated,crates/sdroxide-ui/src/app/settings/mod.rs:3668
boundaries.app.settings.mod.text_3676_923c6b,Add a radio on this computer,添加本机电台,boundaries.app.settings.mod,adapter-generated,crates/sdroxide-ui/src/app/settings/mod.rs:3676
boundaries.app.settings.mod.text_3679_bc29e8,Add a radio on {} — the station serves it straight away,在 {} 上添加电台 — 所属台站会立即提供服务,boundaries.app.settings.mod,adapter-generated,crates/sdroxide-ui/src/app/settings/mod.rs:3679
boundaries.app.settings.mod.text_3904_afae8c,Close this radio (its configuration is kept),关闭这台电台（保留配置）,boundaries.app.settings.mod,adapter-generated,crates/sdroxide-ui/src/app/settings/mod.rs:3904
boundaries.app.settings.mod.text_3906_a1f16a,"Close this tab, or close the radio on its station",关闭此标签页，或关闭所属台站上的电台,boundaries.app.settings.mod,adapter-generated,crates/sdroxide-ui/src/app/settings/mod.rs:3906
boundaries.app.settings.mod.text_3960_afc1ea,"Add a radio — here, or on a station you are connected to",添加电台 — 可在本机或已连接的台站上添加,boundaries.app.settings.mod,adapter-generated,crates/sdroxide-ui/src/app/settings/mod.rs:3960
boundaries.app.settings.mod.text_465_17c5a2,"The bottom of the band this transverter works, on the dial. 144 for 2 m.",变频器覆盖频段的下限，以面板显示的 MHz 频率为准。2 m 波段填写 144。,boundaries.app.settings.mod,adapter-generated,crates/sdroxide-ui/src/app/settings/mod.rs:465
boundaries.app.settings.mod.text_471_996998,"The top of the band, on the dial. 148 for 2 m in Regions 2 and 3, 146 in Region 1.",频段上限，以面板显示的 MHz 频率为准。2 m 波段在第 2、3 区为 148，第 1 区为 146。,boundaries.app.settings.mod,adapter-generated,crates/sdroxide-ui/src/app/settings/mod.rs:471
boundaries.app.settings.radio.text_1564_0bd9ce,Band,波段,boundaries.app.settings.radio,adapter-generated,crates/sdroxide-ui/src/app/settings/radio.rs:1564
boundaries.app.settings.radio.text_1564_f96e06,Outputs asserted,已置位的输出,boundaries.app.settings.radio,adapter-generated,crates/sdroxide-ui/src/app/settings/radio.rs:1564
boundaries.app.settings.radio.text_1675_4a541a,— first one found —,— 首个找到的设备 —,boundaries.app.settings.radio,adapter-generated,crates/sdroxide-ui/src/app/settings/radio.rs:1675
boundaries.app.settings.radio.text_1717_3e76f5,  (often drops samples),  （经常丢失采样）,boundaries.app.settings.radio,adapter-generated,crates/sdroxide-ui/src/app/settings/radio.rs:1717
boundaries.app.settings.radio.text_1922_6f5fd8,  (wired link),  （有线连接）,boundaries.app.settings.radio,adapter-generated,crates/sdroxide-ui/src/app/settings/radio.rs:1922
boundaries.app.settings.radio.text_2271_1eff2f,Automatic (nearest {:.0} kHz),自动（最接近 {:.0} kHz）,boundaries.app.settings.radio,adapter-generated,crates/sdroxide-ui/src/app/settings/radio.rs:2271
boundaries.app.settings.radio.text_2274_9388e8,Stage {} — the server's rate ÷ {},第 {} 级 — 服务器采样率 ÷ {},boundaries.app.settings.radio,adapter-generated,crates/sdroxide-ui/src/app/settings/radio.rs:2274
boundaries.app.settings.radio.text_2292_26fac7,Stage {stage} — rate ÷ {},第 {stage} 级 — 采样率 ÷ {},boundaries.app.settings.radio,adapter-generated,crates/sdroxide-ui/src/app/settings/radio.rs:2292
boundaries.app.settings.radio.text_25_f63475,"Waiting for the machine the radio is attached to: these ask about its hardware and its network, and it answers one at a time.",正在等待电台所连接的计算机响应：这些请求查询它的硬件和网络，它会逐项回答。,boundaries.app.settings.radio,display-helper-adapted,crates/sdroxide-ui/src/app/settings/radio.rs:25
boundaries.app.settings.radio.text_3268_0caba0,  (more than USB 2 will carry),  （超过 USB 2 的传输能力）,boundaries.app.settings.radio,adapter-generated,crates/sdroxide-ui/src/app/settings/radio.rs:3268
boundaries.app.settings.radio.text_3270_f14f00,  (a stock Pluto runs at 2.084),  （原厂 Pluto 运行在 2.084）,boundaries.app.settings.radio,adapter-generated,crates/sdroxide-ui/src/app/settings/radio.rs:3270
boundaries.app.settings.radio.text_4081_6d1f24,Follow the app setting,跟随应用设置,boundaries.app.settings.radio,adapter-generated,crates/sdroxide-ui/src/app/settings/radio.rs:4081
boundaries.app.settings.radio.text_4128_6900bf,Let the driver choose,由驱动选择,boundaries.app.settings.radio,adapter-generated,crates/sdroxide-ui/src/app/settings/radio.rs:4128
boundaries.app.settings.radio.text_4273_4a541a,— first one found —,— 首个找到的设备 —,boundaries.app.settings.radio,adapter-generated,crates/sdroxide-ui/src/app/settings/radio.rs:4273
boundaries.app.settings.radio.text_4378_0cdadd,  · HF only,  · 仅限 HF,boundaries.app.settings.radio,adapter-generated,crates/sdroxide-ui/src/app/settings/radio.rs:4378
boundaries.app.settings.radio.text_4710_4a541a,— first one found —,— 首个找到的设备 —,boundaries.app.settings.radio,adapter-generated,crates/sdroxide-ui/src/app/settings/radio.rs:4710
boundaries.app.settings.radio.text_4765_af1d3f,{:.0} kHz  (16-bit samples),{:.0} kHz  （16 位采样）,boundaries.app.settings.radio,adapter-generated,crates/sdroxide-ui/src/app/settings/radio.rs:4765
boundaries.app.settings.radio.text_4841_b89344,— none (USB control only) —,— 无（仅通过 USB 控制）,boundaries.app.settings.radio,adapter-generated,crates/sdroxide-ui/src/app/settings/radio.rs:4841
boundaries.app.settings.radio.text_4981_9ff7d7,— system default —,— 系统默认 —,boundaries.app.settings.radio,adapter-generated,crates/sdroxide-ui/src/app/settings/radio.rs:4981
boundaries.app.settings.radio.text_5107_4a541a,— first one found —,— 首个找到的设备 —,boundaries.app.settings.radio,adapter-generated,crates/sdroxide-ui/src/app/settings/radio.rs:5107
boundaries.app.settings.radio.text_5400_4a541a,— first one found —,— 首个找到的设备 —,boundaries.app.settings.radio,adapter-generated,crates/sdroxide-ui/src/app/settings/radio.rs:5400
boundaries.app.settings.radio.text_5487_3e64cc,step,档位,boundaries.app.settings.radio,adapter-generated,crates/sdroxide-ui/src/app/settings/radio.rs:5487
boundaries.app.settings.radio.text_5681_4a541a,— first one found —,— 首个找到的设备 —,boundaries.app.settings.radio,adapter-generated,crates/sdroxide-ui/src/app/settings/radio.rs:5681
boundaries.app.settings.radio.text_5755_9bf5da,The antenna SMA — the only socket with the bias tee behind it.,天线 SMA 接口 — 唯一带有偏置供电的接口。,boundaries.app.settings.radio,adapter-generated,crates/sdroxide-ui/src/app/settings/radio.rs:5755
boundaries.app.settings.radio.text_5757_b34cc0,A cable socket. No bias tee here; the hardware puts it on ANT alone.,电缆接口，不带偏置供电；硬件只在 ANT 接口提供偏置供电。,boundaries.app.settings.radio,adapter-generated,crates/sdroxide-ui/src/app/settings/radio.rs:5757
boundaries.app.settings.radio.text_5796_3e64cc,step,档位,boundaries.app.settings.radio,adapter-generated,crates/sdroxide-ui/src/app/settings/radio.rs:5796
boundaries.app.settings.radio.text_6015_4a541a,— first one found —,— 首个找到的设备 —,boundaries.app.settings.radio,adapter-generated,crates/sdroxide-ui/src/app/settings/radio.rs:6015
boundaries.app.settings.radio.text_6044_908cf9,"Through the tuner: LNA, VGA, and the mixer's own frequency range.",通过调谐器：使用 LNA、VGA 和混频器本身的频率范围。,boundaries.app.settings.radio,adapter-generated,crates/sdroxide-ui/src/app/settings/radio.rs:6044
boundaries.app.settings.radio.text_6047_01aedb,"Direct sampling on the HF1 antenna input — no tuner, no LNA/VGA gain, tuned entirely in software.",在 HF1 天线输入上直接采样 — 不使用调谐器或 LNA/VGA 增益，完全通过软件调谐。,boundaries.app.settings.radio,adapter-generated,crates/sdroxide-ui/src/app/settings/radio.rs:6047
boundaries.app.settings.radio.text_6050_0c34b1,"Direct sampling on the HF2 antenna input, same as HF1.",在 HF2 天线输入上直接采样，与 HF1 相同。,boundaries.app.settings.radio,adapter-generated,crates/sdroxide-ui/src/app/settings/radio.rs:6050
boundaries.app.settings.radio.text_6052_7ed011,"Both real ADC channels at once, combined by the diversity filter below — a noise source nulled, or two fading paths combined.",同时使用两个实数 ADC 通道，通过下方的分集滤波器组合 — 可抵消噪声源或合并两条衰落路径。,boundaries.app.settings.radio,adapter-generated,crates/sdroxide-ui/src/app/settings/radio.rs:6052
boundaries.app.settings.radio.text_6261_4a541a,— first one found —,— 首个找到的设备 —,boundaries.app.settings.radio,adapter-generated,crates/sdroxide-ui/src/app/settings/radio.rs:6261
boundaries.app.settings.radio.text_6714_4a541a,— first one found —,— 首个找到的设备 —,boundaries.app.settings.radio,adapter-generated,crates/sdroxide-ui/src/app/settings/radio.rs:6714
boundaries.app.settings.radio.text_6768_3286cb,  (reduced ADC resolution),  （ADC 分辨率降低）,boundaries.app.settings.radio,adapter-generated,crates/sdroxide-ui/src/app/settings/radio.rs:6768
boundaries.app.settings.radio.text_7492_d7be47,First one found,首个找到的设备,boundaries.app.settings.radio,adapter-generated,crates/sdroxide-ui/src/app/settings/radio.rs:7492
boundaries.app.settings.radio.text_7494_45026a,{} (not found),{}（未找到）,boundaries.app.settings.radio,adapter-generated,crates/sdroxide-ui/src/app/settings/radio.rs:7494
boundaries.app.settings.radio.text_7529_578441,Chain {} (RX{}_*),链路 {}（RX{}_*）,boundaries.app.settings.radio,adapter-generated,crates/sdroxide-ui/src/app/settings/radio.rs:7529
boundaries.app.settings.radio.text_7728_295a43,Same as the first,与第一个相同,boundaries.app.settings.radio,adapter-generated,crates/sdroxide-ui/src/app/settings/radio.rs:7728
boundaries.app.settings.radio.text_8266_20a98f,"Receiving on {}, these fall back to the unfiltered wideband path: {}.",在 {} 接收时，以下频段回退到无滤波的宽带通路：{}。,boundaries.app.settings.radio,adapter-generated,crates/sdroxide-ui/src/app/settings/radio.rs:8266
boundaries.app.settings.radio.text_8273_b6f376,"Transmitting on {}, these fall back to the wideband path — no band amplifier and no filtering: {}.",在 {} 发射时，以下频段回退到宽带通路 — 不使用频段放大器或滤波器：{}。,boundaries.app.settings.radio,adapter-generated,crates/sdroxide-ui/src/app/settings/radio.rs:8273
boundaries.app.settings.tle.text_125_5cb72e,"Nothing in this listing is in sdroxide's curated list — that list is                          ten amateur satellites, so this would behave exactly like ""none"".",此列表中的卫星均不在 SDRoxide 的精选列表中。精选列表只有十颗业余卫星，因此此选项的效果与“无”相同。,boundaries.app.settings.tle,adapter-generated,crates/sdroxide-ui/src/app/settings/tle.rs:125
boundaries.app.settings.tle.text_150_fa5d5a,not fetched yet,尚未获取,boundaries.app.settings.tle,adapter-generated,crates/sdroxide-ui/src/app/settings/tle.rs:150
boundaries.app.settings.tle.text_154_fa5d5a,not fetched yet,尚未获取,boundaries.app.settings.tle,adapter-generated,crates/sdroxide-ui/src/app/settings/tle.rs:154
boundaries.app.settings.tle.text_158_ae3c19,{} satellites · {} old,{} 颗卫星 · 数据时龄 {},boundaries.app.settings.tle,adapter-generated,crates/sdroxide-ui/src/app/settings/tle.rs:158
boundaries.app.settings.tle.text_246_fbe4c6,NORAD {} · {} old — too stale to propagate,NORAD {} · 数据时龄 {} — 数据过旧，无法推算轨道,boundaries.app.settings.tle,adapter-generated,crates/sdroxide-ui/src/app/settings/tle.rs:246
boundaries.app.settings.tle.text_254_3bc3f5,NORAD {} · {} old,NORAD {} · 数据时龄 {},boundaries.app.settings.tle,adapter-generated,crates/sdroxide-ui/src/app/settings/tle.rs:254
boundaries.app.settings.tle.text_262_3bc3f5,NORAD {} · {} old,NORAD {} · 数据时龄 {},boundaries.app.settings.tle,adapter-generated,crates/sdroxide-ui/src/app/settings/tle.rs:262
boundaries.app.spectrum.text_343_2c89f5,"This window has no GPU renderer, so the waterfall stays at its                      standard width.",此窗口没有 GPU 渲染器，因此瀑布图保持标准宽度。,boundaries.app.spectrum,adapter-generated,crates/sdroxide-ui/src/app/spectrum.rs:343
boundaries.app.spectrum.text_346_e97c8a,"This machine is drawing without a GPU — every column of the waterfall                  is the processor's work, and it is already sharing that with the radio.",这台计算机不使用 GPU 绘图。瀑布图的每一列都需要处理器计算，而处理器还要同时处理电台数据。,boundaries.app.spectrum,adapter-generated,crates/sdroxide-ui/src/app/spectrum.rs:346
boundaries.app.spectrum.text_350_722030,"This window renders through OpenGL, which is sdroxide's compatibility                  path — a Raspberry Pi, an older graphics chip, or a browser without                  WebGPU. A wider waterfall is not worth the frame rate there.",此窗口通过 OpenGL 渲染，这是 SDRoxide 的兼容模式，适用于树莓派、较旧的显卡或不支持 WebGPU 的浏览器。在这种模式下，不值得为了更宽的瀑布图降低帧率。,boundaries.app.spectrum,adapter-generated,crates/sdroxide-ui/src/app/spectrum.rs:350
boundaries.app.spectrum.text_354_0003d1,This renderer will not hold a texture wider than {} pixels.,此渲染器不支持宽度超过 {} 像素的纹理。,boundaries.app.spectrum,adapter-generated,crates/sdroxide-ui/src/app/spectrum.rs:354
boundaries.app.spectrum.text_357_6d71cb,Wider than this renderer can draw.,超出此渲染器可绘制的宽度。,boundaries.app.spectrum,adapter-generated,crates/sdroxide-ui/src/app/spectrum.rs:357
boundaries.app.spectrum.text_691_319d93,Mem: {f} / {},存储：{f} / {},boundaries.app.spectrum,adapter-generated,crates/sdroxide-ui/src/app/spectrum.rs:691
boundaries.app.spectrum.text_692_bd072d,Mem: {},存储：{},boundaries.app.spectrum,adapter-generated,crates/sdroxide-ui/src/app/spectrum.rs:692
boundaries.app.spots.text_384_df49de,no spots — enable a feed in ⚙ SETUP,暂无报告 — 请在 ⚙ 设置中启用报告源,boundaries.app.spots,adapter-generated,crates/sdroxide-ui/src/app/spots.rs:384
boundaries.app.spots.text_386_0a8afc,nothing matches the search,没有匹配搜索条件的结果,boundaries.app.spots,adapter-generated,crates/sdroxide-ui/src/app/spots.rs:386
boundaries.app.winlink.text_357_17f9a0,DATE,日期,boundaries.app.winlink,adapter-generated,crates/sdroxide-ui/src/app/winlink.rs:357
boundaries.app.winlink.text_358_c3bd7d,TO,收件人,boundaries.app.winlink,adapter-generated,crates/sdroxide-ui/src/app/winlink.rs:358
boundaries.app.winlink.text_358_f4383c,FROM,发件人,boundaries.app.winlink,adapter-generated,crates/sdroxide-ui/src/app/winlink.rs:358
boundaries.app.winlink.text_360_5995c8,SUBJECT,主题,boundaries.app.winlink,adapter-generated,crates/sdroxide-ui/src/app/winlink.rs:360
boundary25.app_settings_radio.text_1633_2917bc,{} / TX {},{} / 发射 {},boundary25.app_settings_radio,adapter-generated,crates/sdroxide-ui/src/app/settings/radio.rs:1633
boundary25.hpsdr.header.05c449776a88,RX,接收,boundary25.hpsdr.header,shared-ui-label-resource,
boundary25.hpsdr.header.536939ed0e78,TX,发射,boundary25.hpsdr.header,shared-ui-label-resource,
boundary25.js8.command.02636f0e723f,GRID?,询问网格定位符（GRID?）,boundary25.js8.command,shared-ui-label-resource,
boundary25.js8.command.06e734d66876,HEARING?,询问已听到的电台（HEARING?）,boundary25.js8.command,shared-ui-label-resource,
boundary25.js8.command.0c60e7cbb27d,STATUS?,询问台站状态（STATUS?）,boundary25.js8.command,shared-ui-label-resource,
boundary25.js8.command.2404583d41e0,SNR?,询问信噪比（SNR?）,boundary25.js8.command,shared-ui-label-resource,
boundary25.js8.command.51183e99822a,HW CPY?,询问抄收情况（HW CPY?）,boundary25.js8.command,shared-ui-label-resource,
boundary25.js8.command.96061e92f58e,73,祝好（73）,boundary25.js8.command,shared-ui-label-resource,
boundary25.js8.command.e6c5af58dda1,RR,确认收到（RR）,boundary25.js8.command,shared-ui-label-resource,
boundary25.js8.speed.3d0f05378002,SLOW,慢速,boundary25.js8.speed,shared-ui-label-resource,
boundary25.js8.speed.8cccdd3ece30,TURBO,极速,boundary25.js8.speed,shared-ui-label-resource,
boundary25.js8.speed.8d5ebd1c930f,FAST,快速,boundary25.js8.speed,shared-ui-label-resource,
boundary25.js8.speed.db2cb3fe28e2,NORMAL,正常,boundary25.js8.speed,shared-ui-label-resource,
boundary25.meter.row.72d549da2ec6,PO,功率,boundary25.meter.row,shared-ui-label-resource,
boundary25.widgets_smeter.text_705_536939,TX,发射,boundary25.widgets_smeter,adapter-generated,crates/sdroxide-ui/src/widgets/smeter.rs:705
boundary25.widgets_smeter.text_730_751d5e,OVL,过载,boundary25.widgets_smeter,adapter-generated,crates/sdroxide-ui/src/widgets/smeter.rs:730
choices.app.settings.radio.text_1126_13915b,— none —,— 无 —,choices.app.settings.radio,adapter-generated,crates/sdroxide-ui/src/app/settings/radio.rs:1126
choices.app.settings.radio.text_1531_4f586d,ALEX BAND CODE,ALEX 波段编码,choices.app.settings.radio,adapter-generated,crates/sdroxide-ui/src/app/settings/radio.rs:1531
choices.app.settings.radio.text_2089_34f9cc,Input A,输入 A,choices.app.settings.radio,adapter-generated,crates/sdroxide-ui/src/app/settings/radio.rs:2089
choices.app.settings.radio.text_2089_c70d6c,Hi-Z,高阻抗,choices.app.settings.radio,adapter-generated,crates/sdroxide-ui/src/app/settings/radio.rs:2089
choices.app.settings.radio.text_2089_d7bd3e,Input B,输入 B,choices.app.settings.radio,adapter-generated,crates/sdroxide-ui/src/app/settings/radio.rs:2089
choices.app.settings.radio.text_2405_15e3a6,whole band,整个波段,choices.app.settings.radio,adapter-generated,crates/sdroxide-ui/src/app/settings/radio.rs:2405
choices.app.settings.radio.text_2416_15e3a6,whole band,整个波段,choices.app.settings.radio,adapter-generated,crates/sdroxide-ui/src/app/settings/radio.rs:2416
choices.app.settings.radio.text_2976_a7248e,Normal,正常,choices.app.settings.radio,adapter-generated,crates/sdroxide-ui/src/app/settings/radio.rs:2976
choices.app.settings.radio.text_2976_d461a4,Automatic,自动,choices.app.settings.radio,adapter-generated,crates/sdroxide-ui/src/app/settings/radio.rs:2976
choices.app.settings.radio.text_2976_ed059f,Mirrored,镜像,choices.app.settings.radio,adapter-generated,crates/sdroxide-ui/src/app/settings/radio.rs:2976
choices.app.settings.radio.text_3194_13915b,— none —,— 无 —,choices.app.settings.radio,adapter-generated,crates/sdroxide-ui/src/app/settings/radio.rs:3194
choices.app.settings.radio.text_3290_929260,auto,自动,choices.app.settings.radio,adapter-generated,crates/sdroxide-ui/src/app/settings/radio.rs:3290
choices.app.settings.radio.text_3593_13915b,— none —,— 无 —,choices.app.settings.radio,adapter-generated,crates/sdroxide-ui/src/app/settings/radio.rs:3593
choices.app.settings.radio.text_433_8a3c9e,— select —,— 请选择 —,choices.app.settings.radio,adapter-generated,crates/sdroxide-ui/src/app/settings/radio.rs:433
choices.app.settings.radio.text_6360_d461a4,Automatic,自动,choices.app.settings.radio,adapter-generated,crates/sdroxide-ui/src/app/settings/radio.rs:6360
choices.app.settings.radio.text_6782_028624,Auto,自动,choices.app.settings.radio,adapter-generated,crates/sdroxide-ui/src/app/settings/radio.rs:6782
choices.app.settings.radio.text_7593_d461a4,Automatic,自动,choices.app.settings.radio,adapter-generated,crates/sdroxide-ui/src/app/settings/radio.rs:7593
choices.app.settings.radio.text_8036_d461a4,Automatic,自动,choices.app.settings.radio,adapter-generated,crates/sdroxide-ui/src/app/settings/radio.rs:8036
common.accel,Accel,加速,common,adapter-generated,crates/sdroxide-ui/src/app/settings/controls.rs:85
common.adaptation,  Adaptation,  自适应,common,adapter-generated,crates/sdroxide-ui/src/app/settings/radio.rs:1464
common.add_gateway,+ ADD GATEWAY,+ 添加网关,common,adapter-generated,crates/sdroxide-ui/src/app/settings/mod.rs:3009
common.add_midi_control,+ Add MIDI control,+ 添加 MIDI 控件,common,adapter-generated,crates/sdroxide-ui/src/app/settings/controls.rs:490
common.add_mouse_button,+ Add mouse button,+ 添加鼠标按键,common,adapter-generated,crates/sdroxide-ui/src/app/settings/controls.rs:291
common.add_pasted,+ Add pasted,+ 添加粘贴内容,common,adapter-generated,crates/sdroxide-ui/src/app/settings/tle.rs:312
common.add_shortcut,+ Add shortcut,+ 添加快捷键,common,adapter-generated,crates/sdroxide-ui/src/app/settings/controls.rs:146
common.age.text_41_07f67a,{s}s,{s}秒,common.age,adapter-generated,crates/sdroxide-ui/src/app/util.rs:41
common.age.text_43_d8ed65,{}m,{}分钟,common.age,adapter-generated,crates/sdroxide-ui/src/app/util.rs:43
common.age.text_45_bb1507,{}h,{}小时,common.age,adapter-generated,crates/sdroxide-ui/src/app/util.rs:45
common.all_satellites,all satellites,全部卫星,common,adapter-generated,crates/sdroxide-ui/src/app/settings/tle.rs:136
common.allow_if_gain_reduction_below_20_db,Allow IF gain reduction below 20 dB,允许中频增益衰减低于 20 dB,common,adapter-generated,crates/sdroxide-ui/src/app/settings/radio.rs:6888
common.antenna_is,Antenna is,天线用途,common,adapter-generated,crates/sdroxide-ui/src/app/settings/mod.rs:2183
common.applies_immediately_on_every_band_and_to_tune_as_well,"Applies immediately, on every band and to TUNE as well.",立即应用于所有波段及调谐载波。,common,adapter-generated,crates/sdroxide-ui/src/app/settings/mod.rs:595
common.apply, APPLY , 应用 ,common,adapter-generated,crates/sdroxide-ui/src/app/settings/mod.rs:2819;crates/sdroxide-ui/src/app/settings/mod.rs:3061;crates/sdroxide-ui/src/app/settings/mod.rs:3267;crates/sdroxide-ui/src/app/settings/net.rs:144;crates/sdroxide-ui/src/app/settings/relay.rs:670
common.apply_reconnect,Apply / reconnect,应用／重新连接,common,adapter-generated,crates/sdroxide-ui/src/app/settings/mod.rs:2626
common.as_the_device_reports,as the device reports,以设备报告为准,common,adapter-generated,crates/sdroxide-ui/src/app/settings/mod.rs:389
common.ask_the_radio_engine_to_fetch_every_enabled_subscription_now,Ask the radio engine to fetch every enabled subscription now,立即下载所有已启用订阅,common,adapter-generated,crates/sdroxide-ui/src/app/settings/tle.rs:187
common.attack_decay,  Attack / decay,  衰减／恢复,common,adapter-generated,crates/sdroxide-ui/src/app/settings/radio.rs:1271
common.audible_alerts,Audible alerts,声音提醒,common,adapter-generated,crates/sdroxide-ui/src/app/settings/alerts.rs:22
common.audio_from,Audio from,音频来源,common,adapter-generated,crates/sdroxide-ui/src/app/settings/mod.rs:3558
common.auto,Auto,自动,common,adapter-generated,crates/sdroxide-ui/src/app/settings/radio.rs:4564;crates/sdroxide-ui/src/app/settings/radio.rs:6787
common.automatic,Automatic,自动,common,adapter-generated,crates/sdroxide-ui/src/app/settings/radio.rs:2283;crates/sdroxide-ui/src/app/settings/radio.rs:6374;crates/sdroxide-ui/src/app/settings/radio.rs:7600;crates/sdroxide-ui/src/app/settings/radio.rs:8043;crates/sdroxide-ui/src/app/settings/radio.rs:2353;crates/sdroxide-ui/src/app/settings/radio.rs:5189
common.az,az,方位角,common,adapter-generated,crates/sdroxide-ui/src/app/settings/servers.rs:362
common.band,Band,波段,common,adapter-generated,crates/sdroxide-ui/src/app/awards.rs:118;crates/sdroxide-ui/src/solar3d/overlay.rs:546
common.band_decoder_outputs,Band decoder outputs,波段译码输出,common,adapter-generated,crates/sdroxide-ui/src/app/settings/relay.rs:569
common.belongs_to_radio,Belongs to radio,所属电台,common,adapter-generated,crates/sdroxide-ui/src/app/settings/relay.rs:468
common.bind_hold_to_talk_to_space,Bind hold-to-talk to Space,将按住发射绑定到空格键,common,adapter-generated,crates/sdroxide-ui/src/app/settings/controls.rs:157
common.blank_on_transmit,Blank on transmit,发射时暂停频谱显示,common,adapter-generated,crates/sdroxide-ui/src/app/settings/mod.rs:3595
common.board,Board,板卡,common,adapter-generated,crates/sdroxide-ui/src/app/settings/relay.rs:86
common.calibrate_automatically,Calibrate automatically,自动校准,common,adapter-generated,crates/sdroxide-ui/src/app/settings/radio.rs:7678
common.call_grid_set_on_the_general_tab,{call} / {grid}  — set on the General tab,{call} / {grid}  — 在“常规”页设置,common,adapter-generated,crates/sdroxide-ui/src/app/settings/net.rs:53
common.call_this_one_on_the_next_connect,Call this one on the next connect,下次连接时呼叫此网关,common,adapter-generated,crates/sdroxide-ui/src/app/settings/mod.rs:2971
common.callsign,Callsign,呼号,common,adapter-generated,crates/sdroxide-ui/src/app/settings/mod.rs:1838
common.callsign_and_grid_are_set_on_the_general_tab,Callsign and grid are set on the General tab.,请在“常规”页设置呼号与网格定位符。,common,adapter-generated,crates/sdroxide-ui/src/app/settings/net.rs:43;crates/sdroxide-ui/src/app/settings/net.rs:130
common.cancel_mirror_images,Cancel mirror images,消除镜像,common,adapter-generated,crates/sdroxide-ui/src/app/settings/radio.rs:288
common.celestrak_groups,CelesTrak groups,CelesTrak 分组,common,adapter-generated,crates/sdroxide-ui/src/app/settings/tle.rs:195
common.checking,checking…,正在检查…,common,adapter-generated,crates/sdroxide-ui/src/app/settings/net.rs:294
common.choose_a_provider_to_enter_its_login,Choose a provider to enter its login.,选择服务提供商，填写登录信息。,common,adapter-generated,crates/sdroxide-ui/src/app/settings/mod.rs:3099
common.clear,CLEAR,清除,common,adapter-generated,crates/sdroxide-ui/src/app/panels/decodes.rs:1392;crates/sdroxide-ui/src/app/panels/fsq.rs:264;crates/sdroxide-ui/src/app/scanner.rs:159;crates/sdroxide-ui/src/app/settings/mod.rs:2941
common.clear_83b12c22,Clear,清除,common,adapter-generated,crates/sdroxide-ui/src/app/panels/sstv.rs:1188
common.clear_all,Clear all,全部清除,common,adapter-generated,crates/sdroxide-ui/src/app/settings/controls.rs:494
common.clear_box,Clear box,清空,common,adapter-generated,crates/sdroxide-ui/src/app/settings/tle.rs:345
common.click_then_move_the_control_you_want_to_bind,"Click, then move the control you want to bind",点击后，操作需要绑定的控件,common,adapter-generated,crates/sdroxide-ui/src/app/settings/controls.rs:419
common.click_tune_rounding,Click-tune rounding,点击调谐取整,common,adapter-generated,crates/sdroxide-ui/src/app/settings/controls.rs:213
common.close_it_on_where,Close it on {where_},在 {where_} 上关闭,common,adapter-generated,crates/sdroxide-ui/src/app/settings/mod.rs:4081
common.close_this_tab,Close this tab,关闭此标签页,common,adapter-generated,crates/sdroxide-ui/src/app/settings/mod.rs:4062
common.comment,Comment,注释,common,adapter-generated,crates/sdroxide-ui/src/app/panels/setup.rs:486
common.connected_to,Connected to,连接至,common,adapter-generated,crates/sdroxide-ui/src/app/settings/mod.rs:3533
common.contacts,Contacts,接点,common,adapter-generated,crates/sdroxide-ui/src/app/settings/relay.rs:218
common.control,Control,控件,common,adapter-generated,crates/sdroxide-ui/src/app/settings/controls.rs:406
common.controller,Controller,控制器,common,adapter-generated,crates/sdroxide-ui/src/app/settings/controls.rs:356
common.converter,Converter,变频器,common,adapter-generated,crates/sdroxide-ui/src/app/settings/mod.rs:2014
common.copy_built_in,Copy built-in,复制内置配置,common,adapter-generated,crates/sdroxide-ui/src/app/settings/tle.rs:457
common.correct_the_image_and_fine_tune,Correct the image and fine-tune,校正镜像并精调,common,adapter-generated,crates/sdroxide-ui/src/app/settings/radio.rs:5287
common.dc_on_the_antenna_port,DC on the antenna port,天线端口直流供电,common,adapter-generated,crates/sdroxide-ui/src/app/settings/radio.rs:5535;crates/sdroxide-ui/src/app/settings/radio.rs:5849;crates/sdroxide-ui/src/app/settings/radio.rs:6407
common.dc_on_the_hf_antenna_port,DC on the HF antenna port,HF 天线端口直流供电,common,adapter-generated,crates/sdroxide-ui/src/app/settings/radio.rs:4527
common.dc_on_the_vhf_antenna_port,DC on the VHF antenna port,VHF 天线端口直流供电,common,adapter-generated,crates/sdroxide-ui/src/app/settings/radio.rs:4579
common.delete,Delete,删除,common,adapter-generated,crates/sdroxide-ui/src/app/windows.rs:141
common.device,Device,设备,common,adapter-generated,crates/sdroxide-ui/src/app/settings/relay.rs:130
common.dither,Dither,抖动,common,adapter-generated,crates/sdroxide-ui/src/app/panels/sstv.rs:1912
common.does,Does,操作,common,adapter-generated,crates/sdroxide-ui/src/app/settings/controls.rs:83;crates/sdroxide-ui/src/app/settings/controls.rs:407
common.download_failed_e_using_the_built_in_schedule,⚠ Download failed: {e}. Using the built-in schedule.,⚠ 下载失败：{e}。正在使用内置时刻表。,common,adapter-generated,crates/sdroxide-ui/src/app/settings/net.rs:195
common.el,el,仰角,common,adapter-generated,crates/sdroxide-ui/src/app/settings/servers.rs:364
common.enable,Enable,启用,common,adapter-generated,crates/sdroxide-ui/src/app/settings/radio.rs:4502;crates/sdroxide-ui/src/app/settings/radio.rs:7010;crates/sdroxide-ui/src/app/settings/radio.rs:7032;crates/sdroxide-ui/src/app/settings/controls.rs:351;crates/sdroxide-ui/src/app/settings/net.rs:74;crates/sdroxide-ui/src/app/settings/radio.rs:2131;crates/sdroxide-ui/src/app/settings/radio.rs:4518;crates/sdroxide-ui/src/app/settings/radio.rs:5545;crates/sdroxide-ui/src/app/settings/radio.rs:5867
common.enable_below_2_mhz,Enable below 2 MHz,在 2 MHz 以下启用,common,adapter-generated,crates/sdroxide-ui/src/app/settings/radio.rs:7053
common.enabled,Enabled,已启用,common,adapter-generated,crates/sdroxide-ui/src/app/settings/mod.rs:2319;crates/sdroxide-ui/src/app/settings/mod.rs:2685;crates/sdroxide-ui/src/app/settings/mod.rs:2704;crates/sdroxide-ui/src/app/settings/radio.rs:2501;crates/sdroxide-ui/src/app/settings/radio.rs:6473;crates/sdroxide-ui/src/app/settings/radio.rs:8001
common.every_output_off_on_every_band_which_is_what_none_does,"Every output off on every band, which is what ""None"" does.",所有波段的全部输出关闭，与“无”设置相同。,common,adapter-generated,crates/sdroxide-ui/src/app/settings/radio.rs:1546
common.external_reference,External reference,外部参考,common,adapter-generated,crates/sdroxide-ui/src/app/settings/radio.rs:6133
common.failed_e,Failed: {e},失败：{e},common,adapter-generated,crates/sdroxide-ui/src/app/settings/radio.rs:3148
common.fan,Fan,风扇,common,adapter-generated,crates/sdroxide-ui/src/app/settings/radio.rs:8208
common.feed_4_5_v_dc_up_the_coax,Feed ~4.5 V DC up the coax,通过同轴馈线供约 4.5 V 直流电,common,adapter-generated,crates/sdroxide-ui/src/app/settings/radio.rs:1830
common.feed_4_5_v_dc_up_the_remote_coax,Feed ~4.5 V DC up the remote coax,通过远端同轴馈线供约 4.5 V 直流电,common,adapter-generated,crates/sdroxide-ui/src/app/settings/radio.rs:2047
common.feed_4_7_v_dc_up_the_coax,Feed ~4.7 V DC up the coax,通过同轴馈线供约 4.7 V 直流电,common,adapter-generated,crates/sdroxide-ui/src/app/settings/radio.rs:7108
common.feed_dc_up_the_coax,Feed DC up the coax,通过同轴馈线供直流电,common,adapter-generated,crates/sdroxide-ui/src/app/settings/radio.rs:5271
common.feedback_to,Feedback to,反馈输出,common,adapter-generated,crates/sdroxide-ui/src/app/settings/controls.rs:366
common.fetch_and_track_this_listing,Fetch and track this listing,下载并跟踪此条目,common,adapter-generated,crates/sdroxide-ui/src/app/settings/tle.rs:90
common.fetch_this_season_s_schedule_again_replacing_the_cached_copy,"Fetch this season's schedule again, replacing the cached copy",重新下载本播出季的时刻表，替换缓存,common,adapter-generated,crates/sdroxide-ui/src/app/settings/net.rs:227
common.filters_in_circuit,Filters in circuit,接入的滤波器,common,adapter-generated,crates/sdroxide-ui/src/app/settings/radio.rs:4806
common.first_one_found,— first one found —,— 首个发现的设备 —,common,adapter-generated,crates/sdroxide-ui/src/app/settings/radio.rs:1683
common.first_one_found_d7be474a,First one found,首个发现的设备,common,adapter-generated,crates/sdroxide-ui/src/app/settings/radio.rs:7500
common.flrig_address,flrig address,flrig 地址,common,adapter-generated,crates/sdroxide-ui/src/app/settings/radio.rs:409
common.follow_the_app_setting,Follow the app setting,跟随应用设置,common,adapter-generated,crates/sdroxide-ui/src/app/settings/radio.rs:4085
common.follow_the_dial,Follow the dial,跟随调谐频率,common,adapter-generated,crates/sdroxide-ui/src/app/settings/mod.rs:3568;crates/sdroxide-ui/src/app/settings/radio.rs:8165
common.forget,FORGET,移除,common,adapter-generated,crates/sdroxide-ui/src/app/settings/mod.rs:2995
common.forget_this_gateway,Forget this gateway,从列表中移除此网关,common,adapter-generated,crates/sdroxide-ui/src/app/settings/mod.rs:2995
common.freq,Freq,频率,common,adapter-generated,crates/sdroxide-ui/src/app/settings/mod.rs:2331
common.frequencies,Frequencies,频率,common,adapter-generated,crates/sdroxide-ui/src/app/settings/tle.rs:377
common.gain,Gain,增益,common,adapter-generated,crates/sdroxide-ui/src/app/settings/mod.rs:2332
common.gpio_chip,GPIO chip,GPIO 芯片,common,adapter-generated,crates/sdroxide-ui/src/app/settings/relay.rs:164
common.gpio_pin,GPIO pin,GPIO 引脚,common,adapter-generated,crates/sdroxide-ui/src/app/settings/relay.rs:154
common.grid_square,Grid square,网格定位符,common,adapter-generated,crates/sdroxide-ui/src/app/settings/mod.rs:1848
common.hang_up_the_radio_stays_on_where,Hang up. The radio stays on {where_}.,断开连接，电台继续在 {where_} 上运行。,common,adapter-generated,crates/sdroxide-ui/src/app/settings/mod.rs:4063
common.hardware,Hardware,硬件,common,adapter-generated,crates/sdroxide-ui/src/app/settings/relay.rs:64
common.high,High,高,common,adapter-generated,crates/sdroxide-ui/src/app/settings/radio.rs:5199
common.hold,Hold,保持时间,common,adapter-generated,crates/sdroxide-ui/src/app/settings/radio.rs:7318;crates/sdroxide-ui/src/app/settings/radio.rs:7859;crates/sdroxide-ui/src/app/settings/radio.rs:7933;crates/sdroxide-ui/src/app/settings/relay.rs:250;crates/sdroxide-ui/src/app/settings/radio.rs:1473
common.host_iq_dc_correction,Host IQ / DC correction,本机 I/Q／直流校正,common,adapter-generated,crates/sdroxide-ui/src/app/settings/radio.rs:7664
common.host_or_host_port_e_g_kiwi_example_org_8073,"host or host:port, e.g. kiwi.example.org:8073",主机名或主机:端口，例如 kiwi.example.org:8073,common,adapter-generated,crates/sdroxide-ui/src/app/settings/radio.rs:2578
common.host_or_host_port_e_g_raspberrypi_local_1234,"host or host:port, e.g. raspberrypi.local:1234",主机名或主机:端口，例如 raspberrypi.local:1234,common,adapter-generated,crates/sdroxide-ui/src/app/settings/radio.rs:1894
common.host_or_host_port_e_g_raspberrypi_local_5555,"host or host:port, e.g. raspberrypi.local:5555",主机名或主机:端口，例如 raspberrypi.local:5555,common,adapter-generated,crates/sdroxide-ui/src/app/settings/radio.rs:2244
common.host_or_ip_e_g_192_168_1_50,"host or IP, e.g. 192.168.1.50",主机名或 IP，例如 192.168.1.50,common,adapter-generated,crates/sdroxide-ui/src/app/settings/radio.rs:2886
common.host_port_e_g_127_0_0_1_50001,"host:port, e.g. 127.0.0.1:50001",主机:端口，例如 127.0.0.1:50001,common,adapter-generated,crates/sdroxide-ui/src/app/settings/radio.rs:2773
common.iaru_region,IARU region,IARU 区域,common,adapter-generated,crates/sdroxide-ui/src/app/settings/mod.rs:1874
common.in_the_receive_path,In the receive path,接收路径中,common,adapter-generated,crates/sdroxide-ui/src/app/settings/radio.rs:115
common.invert_spectrum,Invert spectrum,反转频谱,common,adapter-generated,crates/sdroxide-ui/src/app/settings/mod.rs:3576
common.job,Job,用途,common,adapter-generated,crates/sdroxide-ui/src/app/settings/relay.rs:247
common.keep_receiving_while_transmitting,Keep receiving while transmitting,发射时继续接收,common,adapter-generated,crates/sdroxide-ui/src/app/settings/radio.rs:3385
common.keyboard,Keyboard,键盘,common,adapter-generated,crates/sdroxide-ui/src/app/settings/controls.rs:69
common.last_message_value_v,Last message: {}  value {v},最近消息：{}  数值 {v},common,adapter-generated,crates/sdroxide-ui/src/app/settings/controls.rs:397
common.lead,Lead,提前量,common,adapter-generated,crates/sdroxide-ui/src/app/settings/relay.rs:249
common.let_the_driver_choose,Let the driver choose,由驱动选择,common,adapter-generated,crates/sdroxide-ui/src/app/settings/radio.rs:4132
common.let_the_receiver_ride_its_own_gain,let the receiver ride its own gain,由接收机自行调整增益,common,adapter-generated,crates/sdroxide-ui/src/app/settings/radio.rs:2692
common.line,Line,线路,common,adapter-generated,crates/sdroxide-ui/src/app/settings/relay.rs:440
common.link,LINK,连接,common,adapter-generated,crates/sdroxide-ui/src/app/sat.rs:1078;crates/sdroxide-ui/src/app/settings/mod.rs:3870;crates/sdroxide-ui/src/multi.rs:695
common.link_031ece6b,+ Link,+ 添加链路,common,adapter-generated,crates/sdroxide-ui/src/app/settings/tle.rs:449
common.lna_on,LNA on,启用 LNA,common,adapter-generated,crates/sdroxide-ui/src/app/settings/radio.rs:5236
common.locator,locator,网格定位符,common,adapter-generated,crates/sdroxide-ui/src/app/settings/mod.rs:2216
common.max_transverters_is_the_most_this_table_holds,{MAX_TRANSVERTERS} is the most this table holds,此表最多支持 {MAX_TRANSVERTERS} 项,common,adapter-generated,crates/sdroxide-ui/src/app/settings/mod.rs:538
common.maximum_transmit_drive,Maximum transmit drive,最大发射激励,common,adapter-generated,crates/sdroxide-ui/src/app/settings/mod.rs:563
common.midi_controller,MIDI controller,MIDI 控制器,common,adapter-generated,crates/sdroxide-ui/src/app/settings/controls.rs:333
common.mixer,Mixer,混频器,common,adapter-generated,crates/sdroxide-ui/src/app/settings/radio.rs:5510;crates/sdroxide-ui/src/app/settings/radio.rs:5819
common.mode,Mode,模式,common,adapter-generated,crates/sdroxide-ui/src/app/panels/text_modem.rs:746;crates/sdroxide-ui/src/app/scanner.rs:111
common.mouse_buttons,Mouse buttons,鼠标按键,common,adapter-generated,crates/sdroxide-ui/src/app/settings/controls.rs:245
common.move_a_control_to_see_it_here,Move a control to see it here.,操作一个控件，即可在此查看其消息。,common,adapter-generated,crates/sdroxide-ui/src/app/settings/controls.rs:399
common.mute_on_transmit,Mute on transmit,发射时静音,common,adapter-generated,crates/sdroxide-ui/src/app/settings/mod.rs:3585
common.mute_this_radio_s_audio,Mute this radio's audio,将此电台的音频静音,common,adapter-generated,crates/sdroxide-ui/src/app/settings/mod.rs:3846;crates/sdroxide-ui/src/multi.rs:717
common.name,name,名称,common,adapter-generated,crates/sdroxide-ui/src/app/panels/fsq.rs:475;crates/sdroxide-ui/src/app/settings/tle.rs:93;crates/sdroxide-ui/src/app/settings/tle.rs:233;crates/sdroxide-ui/src/app/settings/tle.rs:400;crates/sdroxide-ui/src/app/settings/tle.rs:500;crates/sdroxide-ui/src/app/windows.rs:238
common.name_dcd1d522,Name,名称,common,adapter-generated,crates/sdroxide-ui/src/app/settings/mod.rs:4013;crates/sdroxide-ui/src/app/settings/relay.rs:246
common.no,No.,编号,common,adapter-generated,crates/sdroxide-ui/src/app/settings/relay.rs:242
common.none,— none —,— 无 —,common,adapter-generated,crates/sdroxide-ui/src/app/panels/fsq.rs:235;crates/sdroxide-ui/src/app/settings/controls.rs:520
common.none_dc937b59,None,无,common,adapter-generated,crates/sdroxide-ui/src/app/settings/mod.rs:3512
common.not_a_radio,not a radio,非电台,common,adapter-generated,crates/sdroxide-ui/src/app/settings/radio.rs:3852
common.not_connected,Not connected.,未连接。,common,adapter-generated,crates/sdroxide-ui/src/app/settings/controls.rs:389
common.not_open,Not open.,未打开。,common,adapter-generated,crates/sdroxide-ui/src/app/settings/relay.rs:531
common.not_usable_yet_why,Not usable yet: {why},尚不可用：{why},common,adapter-generated,crates/sdroxide-ui/src/app/settings/relay.rs:518
common.notch_filter,Notch filter,陷波滤波器,common,adapter-generated,crates/sdroxide-ui/src/app/settings/radio.rs:8207
common.nothing_is_switched,Nothing is switched.,未执行任何切换。,common,adapter-generated,crates/sdroxide-ui/src/app/settings/relay.rs:197
common.offset,Offset,偏移,common,adapter-generated,crates/sdroxide-ui/src/app/settings/mod.rs:2049;crates/sdroxide-ui/src/app/settings/mod.rs:3537
common.on,On,开启,common,adapter-generated,crates/sdroxide-ui/src/app/settings/controls.rs:86;crates/sdroxide-ui/src/app/settings/controls.rs:411
common.on_receive,On receive,接收时,common,adapter-generated,crates/sdroxide-ui/src/app/settings/relay.rs:184
common.on_transmit,On transmit,发射时,common,adapter-generated,crates/sdroxide-ui/src/app/settings/relay.rs:176
common.one_per_line_e_g_set_filter_cont_eu,"one per line, e.g. set/filter cont=eu",每行一条，例如 set/filter cont=eu,common,adapter-generated,crates/sdroxide-ui/src/app/settings/mod.rs:2724
common.one_per_line_e_g_set_ft8,"one per line, e.g. SET/FT8",每行一条，例如 SET/FT8,common,adapter-generated,crates/sdroxide-ui/src/app/settings/mod.rs:2698
common.optional_e_g_192_168_1_50,"optional, e.g. 192.168.1.50",可选，例如 192.168.1.50,common,adapter-generated,crates/sdroxide-ui/src/app/settings/radio.rs:1156;crates/sdroxide-ui/src/app/settings/radio.rs:3630
common.optional_e_g_a_uuid_of_your_own,"optional, e.g. a UUID of your own",可选，例如自行指定的 UUID,common,adapter-generated,crates/sdroxide-ui/src/app/settings/radio.rs:3703
common.orbits,Orbits,轨道,common,adapter-generated,crates/sdroxide-ui/src/app/settings/tle.rs:105
common.other,Other,其他,common,adapter-generated,crates/sdroxide-ui/src/app/settings/relay.rs:602
common.output,Output,输出,common,adapter-generated,crates/sdroxide-ui/src/app/settings/alerts.rs:36
common.panadapter,Panadapter,频谱显示,common,adapter-generated,crates/sdroxide-ui/src/app/settings/mod.rs:3484
common.panadapter_mouse,Panadapter mouse,频谱鼠标操作,common,adapter-generated,crates/sdroxide-ui/src/app/settings/controls.rs:190
common.panadapter_receiver_for,Panadapter receiver for {},{} 的频谱接收机,common,adapter-generated,crates/sdroxide-ui/src/app/settings/mod.rs:3832
common.password,Password,密码,common,adapter-generated,crates/sdroxide-ui/src/login.rs:582
common.paste_two_or_three_line_element_sets_here,Paste two- or three-line element sets here,在此粘贴两行或三行轨道根数,common,adapter-generated,crates/sdroxide-ui/src/app/settings/tle.rs:308
common.pasted_element_sets,Pasted element sets,粘贴的轨道根数,common,adapter-generated,crates/sdroxide-ui/src/app/settings/tle.rs:213
common.persist_and_re_connect,Persist and (re)connect,保存并连接／重新连接,common,adapter-generated,crates/sdroxide-ui/src/app/settings/net.rs:148
common.persist_and_re_connect_the_feeds,Persist and (re)connect the feeds,保存并连接／重新连接通报源,common,adapter-generated,crates/sdroxide-ui/src/app/settings/mod.rs:2823
common.persist_and_re_open_the_switch,Persist and (re)open the switch,保存并打开／重新打开切换器,common,adapter-generated,crates/sdroxide-ui/src/app/settings/relay.rs:674
common.persist_the_winlink_account,Persist the Winlink account,保存 Winlink 账户,common,adapter-generated,crates/sdroxide-ui/src/app/settings/mod.rs:3065
common.port,Port,端口,common,adapter-generated,crates/sdroxide-ui/src/app/settings/relay.rs:107
common.press_apply_reconnect_to_switch_without_a_restart,"Press ""Apply / reconnect"" to switch without a restart.",点击“应用／重新连接”即可切换，无需重启。,common,adapter-generated,crates/sdroxide-ui/src/app/settings/radio.rs:962
common.q_slope,Q / Slope,Q 值／斜率,common,adapter-generated,crates/sdroxide-ui/src/app/settings/mod.rs:2333
common.radio_interface,Radio interface,电台接口,common,adapter-generated,crates/sdroxide-ui/src/app/settings/mod.rs:1971
common.range,  Range,  范围,common,adapter-generated,crates/sdroxide-ui/src/app/settings/radio.rs:1298
common.re_read_your_station_file_after_editing_it,Re-read your station file after editing it,编辑后重新读取电台文件,common,adapter-generated,crates/sdroxide-ui/src/app/settings/net.rs:221
common.reads_as,Reads as,读取方式,common,adapter-generated,crates/sdroxide-ui/src/app/settings/controls.rs:408
common.receiver,Receiver,接收机,common,adapter-generated,crates/sdroxide-ui/src/app/settings/mod.rs:3499
common.reload,Reload,重新加载,common,adapter-generated,crates/sdroxide-ui/src/app/settings/net.rs:221
common.remove,REMOVE,删除,common,adapter-generated,crates/sdroxide-ui/src/app/settings/mod.rs:524
common.remove_c3812fc4,Remove,删除,common,adapter-generated,crates/sdroxide-ui/src/app/settings/relay.rs:360;crates/sdroxide-ui/src/app/settings/tle.rs:278
common.remove_dc_and_the_mirror_image,Remove DC and the mirror image,消除直流及镜像,common,adapter-generated,crates/sdroxide-ui/src/app/settings/radio.rs:6421
common.remove_the_centre_spike_and_mirror_image,Remove the centre spike and mirror image,消除中心尖峰及镜像,common,adapter-generated,crates/sdroxide-ui/src/app/settings/radio.rs:1816;crates/sdroxide-ui/src/app/settings/radio.rs:2028
common.remove_this_binding,Remove this binding,删除此绑定,common,adapter-generated,crates/sdroxide-ui/src/app/settings/controls.rs:131
common.remove_this_satellite_s_entry,Remove this satellite's entry,删除此卫星记录,common,adapter-generated,crates/sdroxide-ui/src/app/settings/tle.rs:407
common.remove_this_subscription,Remove this subscription,删除此订阅,common,adapter-generated,crates/sdroxide-ui/src/app/settings/tle.rs:99
common.rescan_ports,Rescan ports,重新扫描端口,common,adapter-generated,crates/sdroxide-ui/src/app/settings/controls.rs:378
common.reset,Reset,重置,common,adapter-generated,crates/sdroxide-ui/src/app/panels/sstv.rs:1752
common.restore_defaults,Restore defaults,恢复默认设置,common,adapter-generated,crates/sdroxide-ui/src/app/settings/controls.rs:150
common.restore_mouse_defaults,Restore mouse defaults,恢复鼠标默认设置,common,adapter-generated,crates/sdroxide-ui/src/app/settings/controls.rs:238
common.rigctld_address,rigctld address,rigctld 地址,common,adapter-generated,crates/sdroxide-ui/src/app/settings/radio.rs:387
common.run_both_tuners,Run both tuners,同时运行两个调谐器,common,adapter-generated,crates/sdroxide-ui/src/app/settings/radio.rs:7147
common.rx_range,RX range,接收范围,common,adapter-generated,crates/sdroxide-ui/src/app/settings/mod.rs:2147
common.satellite,+ Satellite,+ 添加卫星,common,adapter-generated,crates/sdroxide-ui/src/app/settings/tle.rs:502
common.satellites_element_sets_and_frequencies,Satellites: element sets and frequencies,卫星：轨道根数与频率,common,adapter-generated,crates/sdroxide-ui/src/app/settings/tle.rs:33
common.save_the_gateway_above_to_the_list,Save the gateway above to the list,将上方网关保存至列表,common,adapter-generated,crates/sdroxide-ui/src/app/settings/mod.rs:3010
common.sdr_antenna,SDR antenna,SDR 天线,common,adapter-generated,crates/sdroxide-ui/src/app/settings/relay.rs:279
common.season,Season,播出季,common,adapter-generated,crates/sdroxide-ui/src/app/settings/net.rs:175
common.send_the_current_value_back_to_light_an_led_or_move_a,"Send the current value back, to light an LED or move a fader",回传当前数值，以点亮 LED 或移动推子,common,adapter-generated,crates/sdroxide-ui/src/app/settings/controls.rs:473
common.set_your_callsign_and_grid_on_the_general_tab,⚠ Set your callsign and grid on the General tab.,⚠ 请在“常规”页设置呼号与网格定位符。,common,adapter-generated,crates/sdroxide-ui/src/app/settings/net.rs:49
common.shortcut,Shortcut,快捷键,common,adapter-generated,crates/sdroxide-ui/src/app/settings/controls.rs:82
common.show,Show,显示,common,adapter-generated,crates/sdroxide-ui/src/app/settings/radio.rs:2395
common.show_the_two_element_lines,Show the two element lines,显示两行轨道根数,common,adapter-generated,crates/sdroxide-ui/src/app/settings/tle.rs:275
common.speed_sensitivity_spin_faster_to_tune_faster,Speed sensitivity: spin faster to tune faster,速度感应：旋转越快，调谐越快,common,adapter-generated,crates/sdroxide-ui/src/app/settings/controls.rs:453
common.station,Station,本站,common,adapter-generated,crates/sdroxide-ui/src/app/settings/mod.rs:1824
common.status_unknown_press_apply,Status unknown — press APPLY.,状态未知，请点击“应用”。,common,adapter-generated,crates/sdroxide-ui/src/app/settings/relay.rs:533
common.step,  Step,  步进,common,adapter-generated,crates/sdroxide-ui/src/app/settings/radio.rs:1259
common.step_mode,Step / mode,步进／模式,common,adapter-generated,crates/sdroxide-ui/src/app/settings/controls.rs:84;crates/sdroxide-ui/src/app/settings/controls.rs:409
common.subscription,+ Subscription,+ 添加订阅,common,adapter-generated,crates/sdroxide-ui/src/app/settings/tle.rs:177
common.subscriptions,Subscriptions,订阅,common,adapter-generated,crates/sdroxide-ui/src/app/settings/tle.rs:74
common.swap_i_q,Swap I/Q,交换 I/Q,common,adapter-generated,crates/sdroxide-ui/src/app/settings/radio.rs:206;crates/sdroxide-ui/src/app/settings/radio.rs:1381;crates/sdroxide-ui/src/app/settings/radio.rs:3708
common.switch_modulation_input_to_lan,Switch modulation input to LAN,将调制输入切换到局域网,common,adapter-generated,crates/sdroxide-ui/src/app/settings/radio.rs:3063
common.sync_confirmations,SYNC CONFIRMATIONS,同步通联确认,common,adapter-generated,crates/sdroxide-ui/src/app/settings/mod.rs:3275
common.system_default,— system default —,— 系统默认 —,common,adapter-generated,crates/sdroxide-ui/src/app/settings/radio.rs:4986
common.table_steps,  Table steps,  增益表步数,common,adapter-generated,crates/sdroxide-ui/src/app/settings/radio.rs:1444
common.test,Test,测试,common,adapter-generated,crates/sdroxide-ui/src/app/settings/alerts.rs:46
common.test_dd441137,Test {},测试 {},common,adapter-generated,crates/sdroxide-ui/src/app/settings/net.rs:281
common.this_radio_is_s_panadapter,This radio is {}'s panadapter,此电台为 {} 提供频谱显示,common,adapter-generated,crates/sdroxide-ui/src/app/settings/mod.rs:3435
common.time,Time,时间,common,adapter-generated,crates/sdroxide-ui/src/solar3d/overlay.rs:259
common.track_this_one,Track this one,跟踪此卫星,common,adapter-generated,crates/sdroxide-ui/src/app/settings/tle.rs:230
common.transmit,Transmit,发射,common,adapter-generated,crates/sdroxide-ui/src/app/settings/mod.rs:2081
common.transmit_drive_by_band,Transmit drive by band,按波段设置发射激励,common,adapter-generated,crates/sdroxide-ui/src/app/settings/mod.rs:612
common.transmit_eq,Transmit EQ,发射均衡器,common,adapter-generated,crates/sdroxide-ui/src/app/settings/mod.rs:2313
common.transmit_is_blocked_refusal,Transmit is blocked: {refusal},发射已被阻止：{refusal},common,adapter-generated,crates/sdroxide-ui/src/app/settings/radio.rs:8230
common.transmit_is_not_armed_so_there_is_nothing_here_to_correct,"Transmit is not armed, so there is nothing here to correct.",发射尚未就绪，没有需要校正的信号。,common,adapter-generated,crates/sdroxide-ui/src/app/settings/radio.rs:7977
common.transmit_receive_switch,Transmit/receive switch,收发切换器,common,adapter-generated,crates/sdroxide-ui/src/app/settings/relay.rs:43
common.transmit_sense_input,Transmit sense input,发射状态输入,common,adapter-generated,crates/sdroxide-ui/src/app/settings/relay.rs:425
common.transmitting_is,Transmitting is,发射状态,common,adapter-generated,crates/sdroxide-ui/src/app/settings/relay.rs:454
common.transverters,Transverters,变频收发器,common,adapter-generated,crates/sdroxide-ui/src/app/settings/mod.rs:430
common.tune_step,Tune step,调谐步进,common,adapter-generated,crates/sdroxide-ui/src/app/settings/controls.rs:203
common.tx_closes,TX closes,发射时闭合,common,adapter-generated,crates/sdroxide-ui/src/app/settings/relay.rs:248
common.tx_range,TX range,发射范围,common,adapter-generated,crates/sdroxide-ui/src/app/settings/mod.rs:2161
common.unkey_a_held_ptt_after,Unkey a held PTT after,按住 PTT 的自动停止时间,common,adapter-generated,crates/sdroxide-ui/src/app/settings/controls.rs:174
common.update_now, UPDATE NOW , 立即更新 ,common,adapter-generated,crates/sdroxide-ui/src/app/settings/tle.rs:183
common.use,USE,使用,common,adapter-generated,crates/sdroxide-ui/src/app/publicsdr.rs:191;crates/sdroxide-ui/src/app/settings/mod.rs:2970
common.volume,Volume,音量,common,adapter-generated,crates/sdroxide-ui/src/app/settings/alerts.rs:32
common.waiting_for_the_station_s_network_configuration,Waiting for the station's network configuration…,正在等待本站的网络配置…,common,adapter-generated,crates/sdroxide-ui/src/app/settings/mod.rs:371
common.waiting_for_the_station_s_satellite_configuration,Waiting for the station's satellite configuration…,正在等待本站的卫星配置…,common,adapter-generated,crates/sdroxide-ui/src/app/settings/tle.rs:40
common.waiting_for_the_station_s_t_r_switch_configuration,Waiting for the station's T/R switch configuration…,正在等待本站的收发切换配置…,common,adapter-generated,crates/sdroxide-ui/src/app/settings/relay.rs:47
common.wheel,Wheel,滚轮,common,adapter-generated,crates/sdroxide-ui/src/app/settings/controls.rs:195
common.wheel_shift,Wheel + Shift,滚轮 + Shift,common,adapter-generated,crates/sdroxide-ui/src/app/settings/controls.rs:199
common.width,Width,宽度,common,adapter-generated,crates/sdroxide-ui/src/app/panels/text_modem.rs:403
common.wind_the_gain_back_when_the_adc_overflows,Wind the gain back when the ADC overflows,ADC 溢出时降低增益,common,adapter-generated,crates/sdroxide-ui/src/app/settings/radio.rs:1248
common.zoom_rate,Zoom rate,缩放速度,common,adapter-generated,crates/sdroxide-ui/src/app/settings/controls.rs:209
controls.app.awards.text_120_a52ace,All,全部,controls.app.awards,adapter-generated,crates/sdroxide-ui/src/app/awards.rs:120
controls.app.awards.text_131_59fdba,Grids,网格,controls.app.awards,adapter-generated,crates/sdroxide-ui/src/app/awards.rs:131
controls.app.hfdl.text_251_ce8133,DECODING,正在解码,controls.app.hfdl,adapter-generated,crates/sdroxide-ui/src/app/hfdl.rs:251
controls.app.hfdl.text_253_639457,DECODING OFF,解码已关闭,controls.app.hfdl,adapter-generated,crates/sdroxide-ui/src/app/hfdl.rs:253
controls.app.hfdl.text_261_4b990b,{} aircraft,{} 架飞机,controls.app.hfdl,adapter-generated,crates/sdroxide-ui/src/app/hfdl.rs:261
controls.app.hfdl.text_262_79abfe,{} bursts,{} 个突发,controls.app.hfdl,adapter-generated,crates/sdroxide-ui/src/app/hfdl.rs:262
controls.app.hfdl.text_263_0fbef1,{} decodes,{} 条解码,controls.app.hfdl,adapter-generated,crates/sdroxide-ui/src/app/hfdl.rs:263
controls.app.ism.text_482_013f54,age,时龄,controls.app.ism,adapter-generated,crates/sdroxide-ui/src/app/ism.rs:482
controls.app.ism.text_487_263a4d,device,设备,controls.app.ism,adapter-generated,crates/sdroxide-ui/src/app/ism.rs:487
controls.app.ism.text_488_a56145,id,标识,controls.app.ism,adapter-generated,crates/sdroxide-ui/src/app/ism.rs:488
controls.app.ism.text_490_a54399,sig,信号,controls.app.ism,adapter-generated,crates/sdroxide-ui/src/app/ism.rs:490
controls.app.ism.text_491_1b16b1,n,数量,controls.app.ism,adapter-generated,crates/sdroxide-ui/src/app/ism.rs:491
controls.app.ism.text_493_303d03,readings,读数,controls.app.ism,adapter-generated,crates/sdroxide-ui/src/app/ism.rs:493
controls.app.panels.cw.text_563_503c31,"Hold what is typed until Return, then send the line in one piece instead of keying each character as it is typed. Worth having on a transceiver that keys itself from text, where every hand-off to its keyer is another transmit-receive cycle.",暂存输入内容，按回车后再一次发送整行，而不是边输入边逐字发射。对于通过文本自动发射的收发信机，这样可减少每次向键控器提交内容所引起的收发切换。,controls.app.panels.cw,adapter-generated,crates/sdroxide-ui/src/app/panels/cw.rs:563
controls.app.panels.cw.text_632_dde116,CW MESSAGES,CW 消息,controls.app.panels.cw,adapter-generated,crates/sdroxide-ui/src/app/panels/cw.rs:632
controls.app.panels.decodes.text_526_fa4bdd,EVEN,偶数,controls.app.panels.decodes,adapter-generated,crates/sdroxide-ui/src/app/panels/decodes.rs:526
controls.app.panels.decodes.text_528_ca60f1,ODD,奇数,controls.app.panels.decodes,adapter-generated,crates/sdroxide-ui/src/app/panels/decodes.rs:528
controls.app.panels.fsq.text_381_3f326b, SEND , 发送 ,controls.app.panels.fsq,adapter-generated,crates/sdroxide-ui/src/app/panels/fsq.rs:381
controls.app.panels.fsq.text_485_9b8949,DEL,删除,controls.app.panels.fsq,adapter-generated,crates/sdroxide-ui/src/app/panels/fsq.rs:485
controls.app.panels.js8.text_1134_3f326b, SEND , 发送 ,controls.app.panels.js8,adapter-generated,crates/sdroxide-ui/src/app/panels/js8.rs:1134
controls.app.panels.mod.text_1218_800154,   TX   ,   发射   ,controls.app.panels.mod,adapter-generated,crates/sdroxide-ui/src/app/panels/mod.rs:1218
controls.app.panels.mod.text_1218_b56202,  TX ON  ,  发射中  ,controls.app.panels.mod,adapter-generated,crates/sdroxide-ui/src/app/panels/mod.rs:1218
controls.app.panels.mod.text_205_a479ac,Save what this panel has decoded to a file,将本面板的解码内容保存到文件,controls.app.panels.mod,adapter-generated,crates/sdroxide-ui/src/app/panels/mod.rs:205
controls.app.panels.mod.text_916_530640,⇵ FREQ,⇵ 频率,controls.app.panels.mod,adapter-generated,crates/sdroxide-ui/src/app/panels/mod.rs:916
controls.app.panels.text_modem.text_239_800154,   TX   ,   发射   ,controls.app.panels.text_modem,adapter-generated,crates/sdroxide-ui/src/app/panels/text_modem.rs:239
controls.app.panels.text_modem.text_239_b56202,  TX ON  ,  发射中  ,controls.app.panels.text_modem,adapter-generated,crates/sdroxide-ui/src/app/panels/text_modem.rs:239
controls.app.panels.text_modem.text_287_5ba984,"Hold what is typed until Return, then send the line in one piece instead of streaming each character onto the air as it is typed. Lets a line be read back and corrected before any of it goes out.",暂存输入内容，按回车后再一次发送整行，而不是边输入边逐字发射。这样可在发出之前检查并修改整行。,controls.app.panels.text_modem,adapter-generated,crates/sdroxide-ui/src/app/panels/text_modem.rs:287
controls.app.panels.text_modem.text_331_2b1427,MESSAGES,消息,controls.app.panels.text_modem,adapter-generated,crates/sdroxide-ui/src/app/panels/text_modem.rs:331
controls.app.panels.text_modem.text_555_800154,   TX   ,   发射   ,controls.app.panels.text_modem,adapter-generated,crates/sdroxide-ui/src/app/panels/text_modem.rs:555
controls.app.panels.text_modem.text_555_b56202,  TX ON  ,  发射中  ,controls.app.panels.text_modem,adapter-generated,crates/sdroxide-ui/src/app/panels/text_modem.rs:555
controls.app.panels.text_modem.text_606_02ca78,"Hold what is typed until Return, then send the line in one piece instead of painting each character onto the strip as it is typed. A correction typed live is already on the paper; one made before Return never was.",暂存输入内容，按回车后再一次发送整行，而不是边输入边将每个字符画到接收纸带上。实时输入的更正也会留在纸带上；回车前完成的修改则不会发出去。,controls.app.panels.text_modem,adapter-generated,crates/sdroxide-ui/src/app/panels/text_modem.rs:606
controls.app.panels.text_modem.text_638_2e544a,Shift,频移,controls.app.panels.text_modem,adapter-generated,crates/sdroxide-ui/src/app/panels/text_modem.rs:638
controls.app.panels.text_modem.text_663_45c66a,Baud,波特率,controls.app.panels.text_modem,adapter-generated,crates/sdroxide-ui/src/app/panels/text_modem.rs:663
controls.app.panels.text_modem.text_702_f6b22b,Tones,音调数,controls.app.panels.text_modem,adapter-generated,crates/sdroxide-ui/src/app/panels/text_modem.rs:702
controls.app.panels.text_modem.text_710_c690f1,BW,带宽,controls.app.panels.text_modem,adapter-generated,crates/sdroxide-ui/src/app/panels/text_modem.rs:710
controls.app.panels.text_modem.text_720_5e23ec,Mode,模式,controls.app.panels.text_modem,adapter-generated,crates/sdroxide-ui/src/app/panels/text_modem.rs:720
controls.app.panels.text_modem.text_752_e187dc,"{} — {:.1} char/s, {:.0} Hz wide, {}",{} — {:.1} 字符/秒，带宽 {:.0} Hz，{},controls.app.panels.text_modem,adapter-generated,crates/sdroxide-ui/src/app/panels/text_modem.rs:752
controls.app.panels.text_modem.text_756_3ca857,on/off keyed,通断键控,controls.app.panels.text_modem,adapter-generated,crates/sdroxide-ui/src/app/panels/text_modem.rs:756
controls.app.panels.text_modem.text_756_b522cc,frequency-shifted,频移键控,controls.app.panels.text_modem,adapter-generated,crates/sdroxide-ui/src/app/panels/text_modem.rs:756
controls.app.settings.mod.text_2684_c16e78,DX cluster (telnet),DX 集群（telnet）,controls.app.settings.mod,adapter-generated,crates/sdroxide-ui/src/app/settings/mod.rs:2684
controls.app.settings.mod.text_2686_4a8231,Host,主机,controls.app.settings.mod,adapter-generated,crates/sdroxide-ui/src/app/settings/mod.rs:2686
controls.app.settings.mod.text_2691_e9b34c,Login call,登录呼号,controls.app.settings.mod,adapter-generated,crates/sdroxide-ui/src/app/settings/mod.rs:2691
controls.app.settings.mod.text_2703_7df86f,Reverse Beacon Network,反向信标网络（RBN）,controls.app.settings.mod,adapter-generated,crates/sdroxide-ui/src/app/settings/mod.rs:2703
controls.app.settings.mod.text_2711_4a8231,Host,主机,controls.app.settings.mod,adapter-generated,crates/sdroxide-ui/src/app/settings/mod.rs:2711
controls.app.settings.mod.text_2717_e9b34c,Login call,登录呼号,controls.app.settings.mod,adapter-generated,crates/sdroxide-ui/src/app/settings/mod.rs:2717
controls.app.settings.mod.text_2761_7b2e6c,Antenna,天线,controls.app.settings.mod,adapter-generated,crates/sdroxide-ui/src/app/settings/mod.rs:2761
controls.app.settings.mod.text_2829_a5068e,Broadcast stations,广播电台,controls.app.settings.mod,adapter-generated,crates/sdroxide-ui/src/app/settings/mod.rs:2829
controls.app.settings.mod.text_2843_90d635,Winlink account,Winlink 账户,controls.app.settings.mod,adapter-generated,crates/sdroxide-ui/src/app/settings/mod.rs:2843
controls.app.settings.mod.text_2844_830a83,Callsign,呼号,controls.app.settings.mod,adapter-generated,crates/sdroxide-ui/src/app/settings/mod.rs:2844
controls.app.settings.mod.text_2845_e7cf3e,Password,密码,controls.app.settings.mod,adapter-generated,crates/sdroxide-ui/src/app/settings/mod.rs:2845
controls.app.settings.mod.text_2853_cb4796,Locator,网格定位码,controls.app.settings.mod,adapter-generated,crates/sdroxide-ui/src/app/settings/mod.rs:2853
controls.app.settings.mod.text_2856_2198ec,How to connect,连接方式,controls.app.settings.mod,adapter-generated,crates/sdroxide-ui/src/app/settings/mod.rs:2856
controls.app.settings.mod.text_2878_41ed52,Gateway,网关,controls.app.settings.mod,adapter-generated,crates/sdroxide-ui/src/app/settings/mod.rs:2878
controls.app.settings.mod.text_2955_e02699,My gateways,我的网关,controls.app.settings.mod,adapter-generated,crates/sdroxide-ui/src/app/settings/mod.rs:2955
controls.app.settings.mod.text_3025_169309,Internet gateway,互联网网关,controls.app.settings.mod,adapter-generated,crates/sdroxide-ui/src/app/settings/mod.rs:3025
controls.app.settings.mod.text_3026_a0c3b2,CMS address,CMS 地址,controls.app.settings.mod,adapter-generated,crates/sdroxide-ui/src/app/settings/mod.rs:3026
controls.app.settings.mod.text_3027_b6626c,Client name,客户端名称,controls.app.settings.mod,adapter-generated,crates/sdroxide-ui/src/app/settings/mod.rs:3027
controls.app.settings.mod.text_3039_1d1179,Automatic connection,自动连接,controls.app.settings.mod,adapter-generated,crates/sdroxide-ui/src/app/settings/mod.rs:3039
controls.app.settings.mod.text_3075_73cfda,Callsign lookup,呼号查询,controls.app.settings.mod,adapter-generated,crates/sdroxide-ui/src/app/settings/mod.rs:3075
controls.app.settings.mod.text_3105_769234,QRZ user,QRZ 用户名,controls.app.settings.mod,adapter-generated,crates/sdroxide-ui/src/app/settings/mod.rs:3105
controls.app.settings.mod.text_3106_e15087,QRZ pass,QRZ 密码,controls.app.settings.mod,adapter-generated,crates/sdroxide-ui/src/app/settings/mod.rs:3106
controls.app.settings.mod.text_3109_8662ff,HamQTH user,HamQTH 用户名,controls.app.settings.mod,adapter-generated,crates/sdroxide-ui/src/app/settings/mod.rs:3109
controls.app.settings.mod.text_3110_d36fa6,HamQTH pass,HamQTH 密码,controls.app.settings.mod,adapter-generated,crates/sdroxide-ui/src/app/settings/mod.rs:3110
controls.app.settings.mod.text_3122_865e89,Upload,上传,controls.app.settings.mod,adapter-generated,crates/sdroxide-ui/src/app/settings/mod.rs:3122
controls.app.settings.mod.text_3186_b0288c,QRZ log key,QRZ 日志密钥,controls.app.settings.mod,adapter-generated,crates/sdroxide-ui/src/app/settings/mod.rs:3186
controls.app.settings.mod.text_3197_866295,eQSL user,eQSL 用户名,controls.app.settings.mod,adapter-generated,crates/sdroxide-ui/src/app/settings/mod.rs:3197
controls.app.settings.mod.text_3198_1810bb,eQSL pass,eQSL 密码,controls.app.settings.mod,adapter-generated,crates/sdroxide-ui/src/app/settings/mod.rs:3198
controls.app.settings.mod.text_3210_8662ff,HamQTH user,HamQTH 用户名,controls.app.settings.mod,adapter-generated,crates/sdroxide-ui/src/app/settings/mod.rs:3210
controls.app.settings.mod.text_3211_d36fa6,HamQTH pass,HamQTH 密码,controls.app.settings.mod,adapter-generated,crates/sdroxide-ui/src/app/settings/mod.rs:3211
controls.app.settings.mod.text_3222_de1de7,Club Log email,Club Log 邮箱,controls.app.settings.mod,adapter-generated,crates/sdroxide-ui/src/app/settings/mod.rs:3222
controls.app.settings.mod.text_3223_f70727,Club Log pass,Club Log 密码,controls.app.settings.mod,adapter-generated,crates/sdroxide-ui/src/app/settings/mod.rs:3223
controls.app.settings.mod.text_3224_e9d189,Club Log key,Club Log 密钥,controls.app.settings.mod,adapter-generated,crates/sdroxide-ui/src/app/settings/mod.rs:3224
controls.app.settings.mod.text_3227_ff8ed6,WRL API key,WRL API 密钥,controls.app.settings.mod,adapter-generated,crates/sdroxide-ui/src/app/settings/mod.rs:3227
controls.app.settings.mod.text_3247_6c2e1c,Confirmations (download),确认记录（下载）,controls.app.settings.mod,adapter-generated,crates/sdroxide-ui/src/app/settings/mod.rs:3247
controls.app.settings.mod.text_3248_36f3fc,LoTW user,LoTW 用户名,controls.app.settings.mod,adapter-generated,crates/sdroxide-ui/src/app/settings/mod.rs:3248
controls.app.settings.mod.text_3249_aad900,LoTW pass,LoTW 密码,controls.app.settings.mod,adapter-generated,crates/sdroxide-ui/src/app/settings/mod.rs:3249
controls.app.settings.net.text_100_b1fa10,Reporting,上报,controls.app.settings.net,adapter-generated,crates/sdroxide-ui/src/app/settings/net.rs:100
controls.app.settings.net.text_183_480316,downloading…,正在下载…,controls.app.settings.net,adapter-generated,crates/sdroxide-ui/src/app/settings/net.rs:183
controls.app.settings.net.text_185_b7a8a8,downloaded,已下载,controls.app.settings.net,adapter-generated,crates/sdroxide-ui/src/app/settings/net.rs:185
controls.app.settings.net.text_187_195d62,using the built-in copy,使用内置副本,controls.app.settings.net,adapter-generated,crates/sdroxide-ui/src/app/settings/net.rs:187
controls.app.settings.net.text_41_291101,Operator,操作员,controls.app.settings.net,adapter-generated,crates/sdroxide-ui/src/app/settings/net.rs:41
controls.app.settings.net.text_85_115ccf,Station,本站,controls.app.settings.net,adapter-generated,crates/sdroxide-ui/src/app/settings/net.rs:85
controls.app.settings.net.text_86_2f7766,Message,消息,controls.app.settings.net,adapter-generated,crates/sdroxide-ui/src/app/settings/net.rs:86
controls.app.settings.net.text_89_aef7de,Server,服务器,controls.app.settings.net,adapter-generated,crates/sdroxide-ui/src/app/settings/net.rs:89
controls.app.settings.net.text_90_4a8231,Host,主机,controls.app.settings.net,adapter-generated,crates/sdroxide-ui/src/app/settings/net.rs:90
display.adsb.112ddf2f0bd2,lighter than air,轻于空气航空器,display.adsb,shared-ui-label-resource,
display.adsb.1478751812f1,service vehicle,服务车辆,display.adsb,shared-ui-label-resource,
display.adsb.19f2af1f4b44,no communication,通信失效,display.adsb,shared-ui-label-resource,
display.adsb.22d5925ed646,heavy,重型飞机,display.adsb,shared-ui-label-resource,
display.adsb.248d5e8a0855,high performance,高性能飞机,display.adsb,shared-ui-label-resource,
display.adsb.2b7dc10d4ee6,ultralight,超轻型航空器,display.adsb,shared-ui-label-resource,
display.adsb.3ed44f748267,glider,滑翔机,display.adsb,shared-ui-label-resource,
display.adsb.3f09a9859668,rotorcraft,旋翼航空器,display.adsb,shared-ui-label-resource,
display.adsb.50aed3badc42,unmanned,无人机,display.adsb,shared-ui-label-resource,
display.adsb.52b27285c75e,unlawful interference,非法干扰,display.adsb,shared-ui-label-resource,
display.adsb.65035c825285,downed aircraft,坠毁航空器,display.adsb,shared-ui-label-resource,
display.adsb.7cdfbbbc6056,parachutist,跳伞者,display.adsb,shared-ui-label-resource,
display.adsb.81db8ebbbbc6,small,小型飞机,display.adsb,shared-ui-label-resource,
display.adsb.99a7026172d4,light,轻型飞机,display.adsb,shared-ui-label-resource,
display.adsb.af7a50ca6cd4,general emergency,一般紧急情况,display.adsb,shared-ui-label-resource,
display.adsb.b32698e1f28d,space vehicle,航天器,display.adsb,shared-ui-label-resource,
display.adsb.b42a5cb0b08b,obstacle,障碍物,display.adsb,shared-ui-label-resource,
display.adsb.b72adf6b27c6,emergency vehicle,应急车辆,display.adsb,shared-ui-label-resource,
display.adsb.bcb14466c66f,minimum fuel,最低油量,display.adsb,shared-ui-label-resource,
display.adsb.c09979f91090,lifeguard / medical,救援／医疗,display.adsb,shared-ui-label-resource,
display.adsb.d35c416a85b8,large,大型飞机,display.adsb,shared-ui-label-resource,
display.adsb.f493f2ac0c80,high-vortex large,高尾涡大型飞机,display.adsb,shared-ui-label-resource,
display.ais.079e72535154,anti-pollution,防污染船,display.ais,shared-ui-label-resource,
display.ais.0944c67a0936,"beacon, preferred channel starboard",右侧主航道立标,display.ais,shared-ui-label-resource,
display.ais.0f3e6e23976e,pushing ahead or towing alongside,顶推或旁拖,display.ais,shared-ui-label-resource,
display.ais.12581ff11e02,port hand mark,左侧标,display.ais,shared-ui-label-resource,
display.ais.1293db93c0ad,hazard category A,危险类别 A,display.ais,shared-ui-label-resource,
display.ais.1b3da1b78b6f,leading light rear,后导灯,display.ais,shared-ui-label-resource,
display.ais.1c0688264b55,hazard category B,危险类别 B,display.ais,shared-ui-label-resource,
display.ais.1d4337996a1a,"beacon, preferred channel port",左侧主航道立标,display.ais,shared-ui-label-resource,
display.ais.27b0deee8aa2,wing in ground,地效翼船,display.ais,shared-ui-label-resource,
display.ais.2c4b70fa47b6,"beacon, cardinal S",南方位立标,display.ais,shared-ui-label-resource,
display.ais.2e5a4a36c1b9,reserved (HSC),保留（高速船）,display.ais,shared-ui-label-resource,
display.ais.313c3c78f43e,not under command,失去控制,display.ais,shared-ui-label-resource,
display.ais.31f269ae1eb2,isolated danger,孤立危险物标,display.ais,shared-ui-label-resource,
display.ais.32fcd6ac3882,towing astern,尾拖,display.ais,shared-ui-label-resource,
display.ais.3322532d8589,cargo,货船,display.ais,shared-ui-label-resource,
display.ais.33ef73c07832,aground,搁浅,display.ais,shared-ui-label-resource,
display.ais.38a89c6d7cba,constrained by draught,受吃水限制,display.ais,shared-ui-label-resource,
display.ais.3ae513e24e62,medical transport,医疗运输船,display.ais,shared-ui-label-resource,
display.ais.4203bf44e806,cardinal mark N,北方位标,display.ais,shared-ui-label-resource,
display.ais.4402e9cf592b,preferred channel port,左侧主航道标,display.ais,shared-ui-label-resource,
display.ais.445c6fff006b,SART / MOB / EPIRB,搜救应答器／落水信标／应急示位标,display.ais,shared-ui-label-resource,
display.ais.483b4b5da999,noncombatant,非战斗船舶,display.ais,shared-ui-label-resource,
display.ais.48bcf3873a78,safe water,安全水域标,display.ais,shared-ui-label-resource,
display.ais.50df404e000e,special mark,专用标,display.ais,shared-ui-label-resource,
display.ais.51779f0f586c,military ops,军事作业,display.ais,shared-ui-label-resource,
display.ais.54fe7848193f,leading light front,前导灯,display.ais,shared-ui-label-resource,
display.ais.561a1180988c,"beacon, cardinal W",西方位立标,display.ais,shared-ui-label-resource,
display.ais.5a1f138990f7,"beacon, starboard hand",右侧立标,display.ais,shared-ui-label-resource,
display.ais.60b48bc52d32,high-speed craft,高速船,display.ais,shared-ui-label-resource,
display.ais.60b8be08fa1d,hazard category D,危险类别 D,display.ais,shared-ui-label-resource,
display.ais.61d3b9dfd896,light vessel / LANBY / rig,灯船／大型助航浮标／海上平台,display.ais,shared-ui-label-resource,
display.ais.657bb11b226a,hazard category C,危险类别 C,display.ais,shared-ui-label-resource,
display.ais.67ee9b8ad5f2,"beacon, isolated danger",孤立危险物立标,display.ais,shared-ui-label-resource,
display.ais.6912bc107778,towing,拖带,display.ais,shared-ui-label-resource,
display.ais.6ef0b4aac0b0,moored,系泊,display.ais,shared-ui-label-resource,
display.ais.7114b5d05c04,under way sailing,帆航,display.ais,shared-ui-label-resource,
display.ais.73431e5b06c1,"beacon, special mark",专用立标,display.ais,shared-ui-label-resource,
display.ais.77277a5b425a,preferred channel starboard,右侧主航道标,display.ais,shared-ui-label-resource,
display.ais.78d3985419c9,offshore structure,海上设施,display.ais,shared-ui-label-resource,
display.ais.7d8cc6849ea7,diving ops,潜水作业,display.ais,shared-ui-label-resource,
display.ais.826ef9e043e3,"light, without sectors",无分区灯标,display.ais,shared-ui-label-resource,
display.ais.8367d878a8ef,associated craft,附属艇,display.ais,shared-ui-label-resource,
display.ais.847db3a6d29a,towing (long or wide),拖带（超长或超宽）,display.ais,shared-ui-label-resource,
display.ais.864238119314,"beacon, cardinal N",北方位立标,display.ais,shared-ui-label-resource,
display.ais.8cb6ef1d18f6,law enforcement,执法船,display.ais,shared-ui-label-resource,
display.ais.8ce17c16d87a,sailing,帆船,display.ais,shared-ui-label-resource,
display.ais.8e91b813aaf9,"beacon, safe water",安全水域立标,display.ais,shared-ui-label-resource,
display.ais.956b512cb39f,Class A,A 类,display.ais,shared-ui-label-resource,
display.ais.97c5d50a66b7,cardinal mark S,南方位标,display.ais,shared-ui-label-resource,
display.ais.995c30d4975f,cardinal mark W,西方位标,display.ais,shared-ui-label-resource,
display.ais.a0daef01ab98,not available,未提供,display.ais,shared-ui-label-resource,
display.ais.a14bc69a3f1b,restricted manoeuvrability,操纵能力受限,display.ais,shared-ui-label-resource,
display.ais.a1c8f4590a88,tanker,液货船,display.ais,shared-ui-label-resource,
display.ais.a1d154d72b3b,RACON,雷达应答信标（RACON）,display.ais,shared-ui-label-resource,
display.ais.a5bc63ff1651,pilot vessel,引航船,display.ais,shared-ui-label-resource,
display.ais.a6e7ad39c854,local vessel,地方船舶,display.ais,shared-ui-label-resource,
display.ais.a8bb3557a624,"light, with sectors",分区灯标,display.ais,shared-ui-label-resource,
display.ais.aacae261ece9,Class B,B 类,display.ais,shared-ui-label-resource,
display.ais.b0120ab45955,fishing,捕鱼,display.ais,shared-ui-label-resource,
display.ais.bb2a4cedafa2,starboard hand mark,右侧标,display.ais,shared-ui-label-resource,
display.ais.bf816809a4d8,passenger,客船,display.ais,shared-ui-label-resource,
display.ais.c0d03c1239e0,reserved,保留,display.ais,shared-ui-label-resource,
display.ais.c169ed76e6ed,search and rescue,搜救船,display.ais,shared-ui-label-resource,
display.ais.c32d2b96a6b1,under way using engine,机动航行,display.ais,shared-ui-label-resource,
display.ais.c43dcbe5f9cb,base station,基站,display.ais,shared-ui-label-resource,
display.ais.c70e5aeb47ea,SAR aircraft,搜救航空器,display.ais,shared-ui-label-resource,
display.ais.cd0946974361,cardinal mark E,东方位标,display.ais,shared-ui-label-resource,
display.ais.cdfbc8a3662a,at anchor,锚泊,display.ais,shared-ui-label-resource,
display.ais.cf2d97067369,spare,备用,display.ais,shared-ui-label-resource,
display.ais.d057e21a48a2,reference point,参考点,display.ais,shared-ui-label-resource,
display.ais.d2a98e20a492,"beacon, port hand",左侧立标,display.ais,shared-ui-label-resource,
display.ais.d5a7dd24a1ac,reserved (WIG),保留（地效翼船）,display.ais,shared-ui-label-resource,
display.ais.d9298a10d1b0,other,其他,display.ais,shared-ui-label-resource,
display.ais.dccb4b22b716,pleasure craft,休闲船艇,display.ais,shared-ui-label-resource,
display.ais.e6bbc6867045,tug,拖轮,display.ais,shared-ui-label-resource,
display.ais.e7c72d44c992,aid to navigation,助航设施,display.ais,shared-ui-label-resource,
display.ais.eb045d78d273,undefined,未定义,display.ais,shared-ui-label-resource,
display.ais.ef7085f5161f,dredging or underwater ops,疏浚或水下作业,display.ais,shared-ui-label-resource,
display.ais.f315e968c900,"beacon, cardinal E",东方位立标,display.ais,shared-ui-label-resource,
display.ais.f3f3a5b0a7b3,AIS-SART / MOB / EPIRB,AIS 搜救应答器／落水信标／应急示位标,display.ais,shared-ui-label-resource,
display.ais.f53351271dab,port tender,港口供应船,display.ais,shared-ui-label-resource,
display.atchat.role.backup,BACKUP,备用节点,display.atchat.role,reviewed-display-resource,crates/sdroxide-ui/src/app/panels/atchat.rs:112
display.atchat.role.master,MASTER,主节点,display.atchat.role,reviewed-display-resource,crates/sdroxide-ui/src/app/panels/atchat.rs:111
display.atchat.roster.active,active,在线,display.atchat.roster,shared-ui-label-resource,
display.atchat.roster.lost,lost,已失联,display.atchat.roster,shared-ui-label-resource,
display.bandplan.0803af4739de,6cm HAM,6cm 业余,display.bandplan,shared-ui-label-resource,
display.bandplan.0a35b8f7b60e,40m HAM,40m 业余,display.bandplan,shared-ui-label-resource,
display.bandplan.0ea1cffafb45,GEN,通用,display.bandplan,shared-ui-label-resource,
display.bandplan.1bf4cdfb8b75,12m HAM,12m 业余,display.bandplan,shared-ui-label-resource,
display.bandplan.22480eeb7680,LW AM,长波 AM,display.bandplan,shared-ui-label-resource,
display.bandplan.22d75ff9fa8c,2m HAM,2m 业余,display.bandplan,shared-ui-label-resource,
display.bandplan.24f826f8f089,75m BC,75m 广播,display.bandplan,shared-ui-label-resource,
display.bandplan.271aba23bf3f,9cm HAM,9cm 业余,display.bandplan,shared-ui-label-resource,
display.bandplan.2826d05fd26d,17m HAM,17m 业余,display.bandplan,shared-ui-label-resource,
display.bandplan.2c24f55ad54e,25m BC,25m 广播,display.bandplan,shared-ui-label-resource,
display.bandplan.3258194029da,80m HAM,80m 业余,display.bandplan,shared-ui-label-resource,
display.bandplan.3e7ad9ccfc41,1.25m HAM,1.25m 业余,display.bandplan,shared-ui-label-resource,
display.bandplan.4341da0d3d86,11m CB,11m 民用,display.bandplan,shared-ui-label-resource,
display.bandplan.46db8cab1416,13m BC,13m 广播,display.bandplan,shared-ui-label-resource,
display.bandplan.4cdb20b68639,31m BC,31m 广播,display.bandplan,shared-ui-label-resource,
display.bandplan.4fa49a1484d3,60m BC,60m 广播,display.bandplan,shared-ui-label-resource,
display.bandplan.553c6623574e,23cm HAM,23cm 业余,display.bandplan,shared-ui-label-resource,
display.bandplan.624809e28c3f,30m HAM,30m 业余,display.bandplan,shared-ui-label-resource,
display.bandplan.62bdff56d8f8,19m BC,19m 广播,display.bandplan,shared-ui-label-resource,
display.bandplan.678423e1ca29,160m HAM,160m 业余,display.bandplan,shared-ui-label-resource,
display.bandplan.8adffb470336,11m BC,11m 广播,display.bandplan,shared-ui-label-resource,
display.bandplan.90d0d65f9754,15m HAM,15m 业余,display.bandplan,shared-ui-label-resource,
display.bandplan.9a0068ef44f9,22m BC,22m 广播,display.bandplan,shared-ui-label-resource,
display.bandplan.a31a2b59383e,10m HAM,10m 业余,display.bandplan,shared-ui-label-resource,
display.bandplan.a418b91640a6,16m BC,16m 广播,display.bandplan,shared-ui-label-resource,
display.bandplan.a52ace420f21,All,全部,display.bandplan,shared-ui-label-resource,
display.bandplan.aa32a6a5cbbb,33cm HAM,33cm 业余,display.bandplan,shared-ui-label-resource,
display.bandplan.ae885f9d71d8,60m HAM,60m 业余,display.bandplan,shared-ui-label-resource,
display.bandplan.am_lw_mw,AM / LW / MW,调幅／长波／中波,display.enums,display-helper-adapted,crates/sdroxide-types/src/ui.rs:179
display.bandplan.b79a16e0b2ed,Digi,数字,display.bandplan,shared-ui-label-resource,
display.bandplan.beacon,Beacon,信标,display.enums,adapter-generated,crates/sdroxide-types/src/ui.rs:177;crates/sdroxide-ui/src/app/panels/setup.rs:230;crates/sdroxide-ui/src/app/panels/setup.rs:496
display.bandplan.bf7b0ead2797,CB,民用 CB,display.bandplan,shared-ui-label-resource,
display.bandplan.broadcast,Broadcast,广播,display.enums,display-helper-adapted,crates/sdroxide-types/src/ui.rs:178
display.bandplan.caa8b4190149,3cm HAM,3cm 业余,display.bandplan,shared-ui-label-resource,
display.bandplan.cb,CB,民用频段（CB）,display.enums,display-helper-adapted,crates/sdroxide-types/src/ui.rs:180
display.bandplan.ce52bcf84c9e,5cm HAM,5cm 业余,display.bandplan,shared-ui-label-resource,
display.bandplan.ce60b51377f7,Bcn,信标,display.bandplan,shared-ui-label-resource,
display.bandplan.cw,CW,CW,display.enums,adapter-generated,crates/sdroxide-types/src/ui.rs:174;crates/sdroxide-ui/src/app/panels/cw.rs:60;crates/sdroxide-ui/src/app/settings/ui_tab.rs:439
display.bandplan.d21558349cd2,13cm HAM,13cm 业余,display.bandplan,shared-ui-label-resource,
display.bandplan.d65698cfac24,20m HAM,20m 业余,display.bandplan,shared-ui-label-resource,
display.bandplan.d768cd13ccc7,41m BC,41m 广播,display.bandplan,shared-ui-label-resource,
display.bandplan.d944c78d8e6a,6m HAM,6m 业余,display.bandplan,shared-ui-label-resource,
display.bandplan.d9c2890b42ef,MW AM,中波 AM,display.bandplan,shared-ui-label-resource,
display.bandplan.digital,Digital,数字通信,display.enums,display-helper-adapted,crates/sdroxide-types/src/ui.rs:175
display.bandplan.ec2f73b79587,49m BC,49m 广播,display.bandplan,shared-ui-label-resource,
display.bandplan.ef3341e90955,4m HAM,4m 业余,display.bandplan,shared-ui-label-resource,
display.bandplan.fddb3319425e,70cm HAM,70cm 业余,display.bandplan,shared-ui-label-resource,
display.bandplan.ham,Ham,业余无线电,display.enums,display-helper-adapted,crates/sdroxide-types/src/ui.rs:173
display.bandplan.voice,Voice,话音,display.enums,display-helper-adapted,crates/sdroxide-types/src/ui.rs:176
display.chrome.angled,Angled,斜角,display.enums,display-helper-adapted,crates/sdroxide-types/src/ui.rs:425
display.chrome.bevel,3D bevel,三维斜面,display.enums,display-helper-adapted,crates/sdroxide-types/src/ui.rs:429
display.chrome.gradient,Gradient,渐变,display.enums,display-helper-adapted,crates/sdroxide-types/src/ui.rs:428
display.chrome.rectangular,Rectangular,矩形,display.enums,display-helper-adapted,crates/sdroxide-types/src/ui.rs:426
display.chrome.rounded,Rounded,圆角,display.enums,display-helper-adapted,crates/sdroxide-types/src/ui.rs:427
display.chrome.terminal,Terminal,终端,display.enums,display-helper-adapted,crates/sdroxide-types/src/ui.rs:430
display.colormap.amber,Amber,琥珀,display.colormap,shared-ui-label-resource,
display.colormap.blue,Blue,蓝色,display.colormap,shared-ui-label-resource,
display.colormap.classic,Classic,经典,display.colormap,shared-ui-label-resource,
display.colormap.gray,Gray,灰度,display.colormap,shared-ui-label-resource,
display.colormap.icom,Icom,Icom,display.colormap,shared-ui-label-resource,
display.colormap.matrix,Matrix,矩阵,display.colormap,shared-ui-label-resource,
display.colormap.neon,Neon,霓虹,display.colormap,shared-ui-label-resource,
display.colormap.rainbow,Rainbow,彩虹,display.colormap,shared-ui-label-resource,
display.colormap.synthwave,Synthwave,合成波,display.colormap,shared-ui-label-resource,
display.colormap.tron,Tron,Tron,display.colormap,shared-ui-label-resource,
display.colormap.viridis,Viridis,Viridis,display.colormap,shared-ui-label-resource,
display.compass.072f005fc3f2,SW,西南,display.compass,shared-ui-label-resource,
display.compass.293bea8e370f,WSW,西南西,display.compass,shared-ui-label-resource,
display.compass.44feed335487,ESE,东南东,display.compass,shared-ui-label-resource,
display.compass.50c55d637ab5,SSW,南南西,display.compass,shared-ui-label-resource,
display.compass.5c89f37c9b97,SSE,南南东,display.compass,shared-ui-label-resource,
display.compass.8059795be3c1,WNW,西北西,display.compass,shared-ui-label-resource,
display.compass.8ce86a6ae65d,N,北,display.compass,shared-ui-label-resource,
display.compass.8de0b3c47f11,S,南,display.compass,shared-ui-label-resource,
display.compass.a9f51566bd67,E,东,display.compass,shared-ui-label-resource,
display.compass.c1fcf83e875d,NW,西北,display.compass,shared-ui-label-resource,
display.compass.c41d4a1b3c6e,NNE,北北东,display.compass,shared-ui-label-resource,
display.compass.c82954187960,NNW,北北西,display.compass,shared-ui-label-resource,
display.compass.d539cd97ca1a,NE,东北,display.compass,shared-ui-label-resource,
display.compass.f031b70a2653,SE,东南,display.compass,shared-ui-label-resource,
display.compass.f63701418d99,ENE,东北东,display.compass,shared-ui-label-resource,
display.compass.fcb5f40df9be,W,西,display.compass,shared-ui-label-resource,
display.config.error.0c71b2f9be02,parse: {0},解析错误：{0},display.config.error,shared-ui-label-resource,
display.config.error.6808803bd7f8,"{0} could not be read, so it has not been written over — close whatever else has it open and start again",无法读取 {0}，因此未覆盖该文件；请关闭占用它的其他程序后重新启动,display.config.error,shared-ui-label-resource,
display.config.error.6e767bc9ab5b,serialize: {0},序列化错误：{0},display.config.error,shared-ui-label-resource,
display.config.error.d9d1618177a6,no home/config directory available,找不到主目录或配置目录,display.config.error,shared-ui-label-resource,
display.config.error.f61aecf6b59e,I/O: {0},输入／输出错误：{0},display.config.error,shared-ui-label-resource,
display.config.fallback.cde0fb0dec14,settings,设置,display.config.fallback,shared-ui-label-resource,
display.config.transfer.0eded9ef1c8e,nested directories are not part of a settings bundle,设置包不包含嵌套目录,display.config.transfer,shared-ui-label-resource,
display.config.transfer.2803082f1839,{} settings file(s) restored,已恢复 {} 个设置文件,display.config.transfer,shared-ui-label-resource,
display.config.transfer.2e3610dee240,not a settings file this version carries,不是本版本支持导入的设置文件,display.config.transfer,shared-ui-label-resource,
display.config.transfer.8be9388c33e4,"{} settings file(s) for {radios} radio(s), from sdroxide {}",{} 个设置文件，涉及 {radios} 台电台，导出自 SDRoxide {},display.config.transfer,shared-ui-label-resource,
display.config.transfer.ac343b1e8550,not a settings file or a radio-<n> directory,不是设置文件或 radio-<n> 目录,display.config.transfer,shared-ui-label-resource,
display.config.transfer.bdf434349c34,"this is a {:?} file, not an sdroxide settings export",这是 {:?} 类型的文件，不是 SDRoxide 导出的设置文件,display.config.transfer,shared-ui-label-resource,
display.config.transfer.c2946621b6c4,not a plain settings file name,不是有效的设置文件名,display.config.transfer,shared-ui-label-resource,
display.config.transfer.c94c63752372,this is not an sdroxide settings file: {e},这不是 SDRoxide 设置文件：{e},display.config.transfer,shared-ui-label-resource,
display.config.transfer.e98d15710f26,this settings file is version {} and this sdroxide reads version {FORMAT} — update sdroxide to import it,此设置文件的格式版本为 {}，当前 SDRoxide 支持读取的格式版本为 {FORMAT}；请更新 SDRoxide 后再导入,display.config.transfer,shared-ui-label-resource,
display.config.transfer.fe3e66ac5a53,; {} skipped,；跳过 {} 个,display.config.transfer,shared-ui-label-resource,
display.date.3c3f5c7edb56,{month}/{day},{month}月{day}日,display.date,shared-ui-label-resource,
display.device.rate.07f0cee18b5d,"Mini — 24 MB/s, 18 packed",Mini，24 MB/s，打包后 18 MB/s,display.device.rate,shared-ui-label-resource,
display.device.rate.1ce7f89c633e,"Mini — 12 MB/s, 9 packed",Mini，12 MB/s，打包后 9 MB/s,display.device.rate,shared-ui-label-resource,
display.device.rate.28b315e5bd8b,"Discovery, R3.0.7+ — zero-IF",Discovery，R3.0.7 及以上固件，零中频,display.device.rate,shared-ui-label-resource,
display.device.rate.2ac6446f52e9,"alternate — 24 MB/s, 18 packed",替代速率，24 MB/s，打包后 18 MB/s,display.device.rate,shared-ui-label-resource,
display.device.rate.32384bb18434,R4.0.0+ — low-IF,R4.0.0 及以上固件，低中频,display.device.rate,shared-ui-label-resource,
display.device.rate.361ebcb4ccf0,HackRF Pro only — 2 MB/s,仅 HackRF Pro，2 MB/s,display.device.rate,shared-ui-label-resource,
display.device.rate.376b2c1ac2f0,"HackRF Pro only — 0.5 MB/s, and narrow in the FPGA rather than aliased",仅 HackRF Pro，0.5 MB/s；在 FPGA 内缩窄带宽，避免混叠,display.device.rate,shared-ui-label-resource,
display.device.rate.40e1fafe66af,lowest specified rate — 16 MB/s,规定的最低速率，16 MB/s,display.device.rate,shared-ui-label-resource,
display.device.rate.41957550945e,"listed — 40 MB/s, 30 packed",列表提供，40 MB/s，打包后 30 MB/s,display.device.rate,shared-ui-label-resource,
display.device.rate.58f35c31828c,beyond USB 3 — PCIe boards only,超出 USB 3 传输能力，仅适用于 PCIe 板卡,display.device.rate,shared-ui-label-resource,
display.device.rate.624fb9988b36,"below the MAX5864's spec — but the usual choice, and 4 MB/s",低于 MAX5864 的规定速率，但为常用设置，4 MB/s,display.device.rate,shared-ui-label-resource,
display.device.rate.6261948097e2,"alternate — 32 MB/s, 24 packed",替代速率，32 MB/s，打包后 24 MB/s,display.device.rate,shared-ui-label-resource,
display.device.rate.658c7848afcc,"listed — 20 MB/s, 15 packed",列表提供，20 MB/s，打包后 15 MB/s,display.device.rate,shared-ui-label-resource,
display.device.rate.76a9669bb2aa,"alternate — 16.4 MB/s, 12.3 packed",替代速率，16.4 MB/s，打包后 12.3 MB/s,display.device.rate,shared-ui-label-resource,
display.device.rate.8452b694326f,before R4.0.0 — low-IF,早于 R4.0.0 的固件，低中频,display.device.rate,shared-ui-label-resource,
display.device.rate.8f87c620a345,"alternate — 48 MB/s over USB, 36 packed",替代速率，USB 数据量 48 MB/s，打包后 36 MB/s,display.device.rate,shared-ui-label-resource,
display.device.rate.9037ed149c57,R4.0.4+ — low-IF,R4.0.4 及以上固件，低中频,display.device.rate,shared-ui-label-resource,
display.device.rate.9cb1c2c66aa4,40 MB/s — wants a real USB 3 port and a modern CPU,40 MB/s，需要支持 USB 3 的端口和性能较新的 CPU,display.device.rate,shared-ui-label-resource,
display.device.rate.a4da555b3a84,HackRF Pro only — 3 MB/s,仅 HackRF Pro，3 MB/s,display.device.rate,shared-ui-label-resource,
display.device.rate.ab0ad0ec11ad,low-IF,低中频,display.device.rate,shared-ui-label-resource,
display.device.rate.ab9115c8376c,"listed — 10 MB/s, 7.5 packed",列表提供，10 MB/s，打包后 7.5 MB/s,display.device.rate,shared-ui-label-resource,
display.device.rate.b38a0e7a421a,"R2 — 40 MB/s over USB, 30 packed",R2，USB 数据量 40 MB/s，打包后 30 MB/s,display.device.rate,shared-ui-label-resource,
display.device.rate.b7d056913942,HackRF Pro only — 1 MB/s,仅 HackRF Pro，1 MB/s,display.device.rate,shared-ui-label-resource,
display.device.rate.c0fc5294fdcf,"Discovery, R3.0.7+ — low-IF",Discovery，R3.0.7 及以上固件，低中频,display.device.rate,shared-ui-label-resource,
display.device.rate.d8e9887b8b4a,needs a good USB 3 port,需要性能良好的 USB 3 端口,display.device.rate,shared-ui-label-resource,
display.device.rate.e46ee0704e61,below the MAX5864's spec — 8 MB/s,低于 MAX5864 的规定速率，8 MB/s,display.device.rate,shared-ui-label-resource,
display.device.rate.f02ef87489a3,"R2 — 10 MB/s, 7.5 packed",R2，10 MB/s，打包后 7.5 MB/s,display.device.rate,shared-ui-label-resource,
display.device.rate.f6faeb6b7610,no LO offset below 1 Msps,低于 1 Msps 时无法使用本振偏移,display.device.rate,shared-ui-label-resource,
display.device.rate.fdf23808ffea,every model — zero-IF,所有型号，零中频,display.device.rate,shared-ui-label-resource,
display.entity.01b52b5a5e16,Chagos Islands,查戈斯群岛,display.entity,shared-ui-label-resource,
display.entity.01bc40093900,Eritrea,厄立特里亚,display.entity,shared-ui-label-resource,
display.entity.01cd3b851422,South Cook Islands,南库克群岛,display.entity,shared-ui-label-resource,
display.entity.020e438bafc3,Venezuela,委内瑞拉,display.entity,shared-ui-label-resource,
display.entity.026b5f35f594,South Shetland Islands,南设得兰群岛,display.entity,shared-ui-label-resource,
display.entity.02bf1dfa9a03,Ireland,爱尔兰,display.entity,shared-ui-label-resource,
display.entity.04952a0f984d,Nigeria,尼日利亚,display.entity,shared-ui-label-resource,
display.entity.04f64d2b7d7c,Trindade & Martim Vaz,特林达德岛和马丁瓦斯群岛,display.entity,shared-ui-label-resource,
display.entity.0539adea931c,Austral Islands,南方群岛,display.entity,shared-ui-label-resource,
display.entity.0593aa0c8ed5,Grenada,格林纳达,display.entity,shared-ui-label-resource,
display.entity.05ea67b526a7,St. Pierre & Miquelon,圣皮埃尔和密克隆,display.entity,shared-ui-label-resource,
display.entity.066b02130b7e,Tajikistan,塔吉克斯坦,display.entity,shared-ui-label-resource,
display.entity.07f62b021771,Brazil,巴西,display.entity,shared-ui-label-resource,
display.entity.07f8d1144a39,Sri Lanka,斯里兰卡,display.entity,shared-ui-label-resource,
display.entity.085807f22f69,Cameroon,喀麦隆,display.entity,shared-ui-label-resource,
display.entity.08731bba3167,Kingdom of Eswatini,埃斯瓦蒂尼王国,display.entity,shared-ui-label-resource,
display.entity.097ced582f09,Gibraltar,直布罗陀,display.entity,shared-ui-label-resource,
display.entity.09b75f447a20,Aves Island,阿韦斯岛,display.entity,shared-ui-label-resource,
display.entity.0b6e276f2d4f,French Polynesia,法属波利尼西亚,display.entity,shared-ui-label-resource,
display.entity.0c2cb01a2da1,Cambodia,柬埔寨,display.entity,shared-ui-label-resource,
display.entity.0c47ddaf993c,British Virgin Islands,英属维尔京群岛,display.entity,shared-ui-label-resource,
display.entity.0cf3878b94e1,Wales,威尔士,display.entity,shared-ui-label-resource,
display.entity.0d0b4e410222,Cuba,古巴,display.entity,shared-ui-label-resource,
display.entity.0ea781cd42b6,Samoa,萨摩亚,display.entity,shared-ui-label-resource,
display.entity.10436829032f,China,中国,display.entity,shared-ui-label-resource,
display.entity.10aeba697f6b,Estonia,爱沙尼亚,display.entity,shared-ui-label-resource,
display.entity.10c3c2e2edc1,Kuwait,科威特,display.entity,shared-ui-label-resource,
display.entity.10d025c203be,Christmas Island,圣诞岛,display.entity,shared-ui-label-resource,
display.entity.12442dae2857,Hawaii,夏威夷,display.entity,shared-ui-label-resource,
display.entity.127bcfe97660,Montserrat,蒙特塞拉特,display.entity,shared-ui-label-resource,
display.entity.12c8f8f4912c,Rwanda,卢旺达,display.entity,shared-ui-label-resource,
display.entity.14128a87a1e6,Vienna Intl Ctr,维也纳国际中心,display.entity,shared-ui-label-resource,
display.entity.14ad63a1c63f,Moldova,摩尔多瓦,display.entity,shared-ui-label-resource,
display.entity.14d693f1259d,Chatham Islands,查塔姆群岛,display.entity,shared-ui-label-resource,
display.entity.1672f60c3a9a,Botswana,博茨瓦纳,display.entity,shared-ui-label-resource,
display.entity.17067fceafd6,Sov Mil Order of Malta,马耳他主权军事骑士团,display.entity,shared-ui-label-resource,
display.entity.1714c231dbc3,Trinidad & Tobago,特立尼达和多巴哥,display.entity,shared-ui-label-resource,
display.entity.18d4e170765c,Iran,伊朗,display.entity,shared-ui-label-resource,
display.entity.1a3b7e310f1c,Bear Island,熊岛,display.entity,shared-ui-label-resource,
display.entity.1a8bdac3a0c2,African Italy,意大利非洲部分,display.entity,shared-ui-label-resource,
display.entity.1af00b874ff3,Albania,阿尔巴尼亚,display.entity,shared-ui-label-resource,
display.entity.1c769ecb9e80,Czech Republic,捷克共和国,display.entity,shared-ui-label-resource,
display.entity.1eb48c03805a,American Samoa,美属萨摩亚,display.entity,shared-ui-label-resource,
display.entity.1ed8c7e56c94,Hong Kong,香港,display.entity,shared-ui-label-resource,
display.entity.21c1903af254,Yemen,也门,display.entity,shared-ui-label-resource,
display.entity.2275583196d7,Switzerland,瑞士,display.entity,shared-ui-label-resource,
display.entity.22b965328179,Angola,安哥拉,display.entity,shared-ui-label-resource,
display.entity.230450a2499d,San Marino,圣马力诺,display.entity,shared-ui-label-resource,
display.entity.2898e16d4e4e,New Zealand,新西兰,display.entity,shared-ui-label-resource,
display.entity.2aa2fcef50db,Libya,利比亚,display.entity,shared-ui-label-resource,
display.entity.2b457cd87edb,French Guiana,法属圭亚那,display.entity,shared-ui-label-resource,
display.entity.2ca26c60fe02,Ecuador,厄瓜多尔,display.entity,shared-ui-label-resource,
display.entity.2cbebc541f98,Niger,尼日尔,display.entity,shared-ui-label-resource,
display.entity.2d273d879707,St. Lucia,圣卢西亚,display.entity,shared-ui-label-resource,
display.entity.2dac42ad2f58,St. Peter & St. Paul,圣彼得和圣保罗群岛,display.entity,shared-ui-label-resource,
display.entity.2ddc5634ff5e,Armenia,亚美尼亚,display.entity,shared-ui-label-resource,
display.entity.2e5e81066a29,Vietnam,越南,display.entity,shared-ui-label-resource,
display.entity.2f1d47eb679b,Bangladesh,孟加拉国,display.entity,shared-ui-label-resource,
display.entity.304a7ea100d7,Northern Ireland,北爱尔兰,display.entity,shared-ui-label-resource,
display.entity.30b1ff9aeeeb,Tuvalu,图瓦卢,display.entity,shared-ui-label-resource,
display.entity.30e230229746,Algeria,阿尔及利亚,display.entity,shared-ui-label-resource,
display.entity.310bc3250979,Tonga,汤加,display.entity,shared-ui-label-resource,
display.entity.32bb6de42cf5,Desecheo Island,德塞切奥岛,display.entity,shared-ui-label-resource,
display.entity.34096f96f68f,Isle of Man,马恩岛,display.entity,shared-ui-label-resource,
display.entity.348841ef53db,Belgium,比利时,display.entity,shared-ui-label-resource,
display.entity.3552ac0c0324,Israel,以色列,display.entity,shared-ui-label-resource,
display.entity.355fe1b7d7ed,Antigua & Barbuda,安提瓜和巴布达,display.entity,shared-ui-label-resource,
display.entity.35c9de3c639a,Guadeloupe,瓜德罗普,display.entity,shared-ui-label-resource,
display.entity.364e5f6525c7,Senegal,塞内加尔,display.entity,shared-ui-label-resource,
display.entity.39123f3282d1,Revillagigedo,雷维利亚希赫多群岛,display.entity,shared-ui-label-resource,
display.entity.3a386c13d283,Netherlands,荷兰,display.entity,shared-ui-label-resource,
display.entity.3a6f3ad7ed31,Temotu Province,泰莫图省,display.entity,shared-ui-label-resource,
display.entity.3c63da5a3072,Ceuta & Melilla,休达和梅利利亚,display.entity,shared-ui-label-resource,
display.entity.3e049d78d958,South Africa,南非,display.entity,shared-ui-label-resource,
display.entity.3e340be4de18,Andorra,安道尔,display.entity,shared-ui-label-resource,
display.entity.3fe62e28937e,Curacao,库拉索,display.entity,shared-ui-label-resource,
display.entity.403aa0c5a4fc,DPR of Korea,朝鲜,display.entity,shared-ui-label-resource,
display.entity.4076c000aa81,Mount Athos,阿索斯山,display.entity,shared-ui-label-resource,
display.entity.4080343ee0fe,Togo,多哥,display.entity,shared-ui-label-resource,
display.entity.41f882d925ab,Madeira Islands,马德拉群岛,display.entity,shared-ui-label-resource,
display.entity.4256e512fcfb,Chad,乍得,display.entity,shared-ui-label-resource,
display.entity.42c298ba17fe,Jamaica,牙买加,display.entity,shared-ui-label-resource,
display.entity.43f4a9b88f0f,Sardinia,撒丁岛,display.entity,shared-ui-label-resource,
display.entity.45a15a2470e1,Guatemala,危地马拉,display.entity,shared-ui-label-resource,
display.entity.4609682a2f3d,Tunisia,突尼斯,display.entity,shared-ui-label-resource,
display.entity.4678a57b3091,Djibouti,吉布提,display.entity,shared-ui-label-resource,
display.entity.4691492179d2,Georgia,格鲁吉亚,display.entity,shared-ui-label-resource,
display.entity.46e008ce5997,Shetland Islands,设得兰群岛,display.entity,shared-ui-label-resource,
display.entity.4821c97753a4,San Felix & San Ambrosio,圣费利克斯岛和圣安布罗休岛,display.entity,shared-ui-label-resource,
display.entity.48df619474ce,Mariana Islands,马里亚纳群岛,display.entity,shared-ui-label-resource,
display.entity.48e10296ae1f,Greenland,格陵兰,display.entity,shared-ui-label-resource,
display.entity.4956c2090fd7,Niue,纽埃,display.entity,shared-ui-label-resource,
display.entity.49dca65f362f,United States,美国,display.entity,shared-ui-label-resource,
display.entity.4b29ae1d8aec,Jan Mayen,扬马延岛,display.entity,shared-ui-label-resource,
display.entity.4b48389b0a87,Asiatic Russia,俄罗斯亚洲部分,display.entity,shared-ui-label-resource,
display.entity.4bc2f1c23b3d,Uzbekistan,乌兹别克斯坦,display.entity,shared-ui-label-resource,
display.entity.4bef16df1755,Belarus,白俄罗斯,display.entity,shared-ui-label-resource,
display.entity.4c7de2c3da6d,Portugal,葡萄牙,display.entity,shared-ui-label-resource,
display.entity.4d0dfb877f2e,Norfolk Island,诺福克岛,display.entity,shared-ui-label-resource,
display.entity.4e9eb5c3223d,Palmyra & Jarvis Islands,巴尔米拉岛和贾维斯岛,display.entity,shared-ui-label-resource,
display.entity.504be3084f44,Hungary,匈牙利,display.entity,shared-ui-label-resource,
display.entity.508731a3c5d3,Peru,秘鲁,display.entity,shared-ui-label-resource,
display.entity.50aa7455049a,St. Martin,圣马丁（法属）,display.entity,shared-ui-label-resource,
display.entity.51814bd9a4a8,Clipperton Island,克利珀顿岛,display.entity,shared-ui-label-resource,
display.entity.51f32a81171c,Dem. Rep. of the Congo,刚果民主共和国,display.entity,shared-ui-label-resource,
display.entity.52b25b94f7e1,Malpelo Island,马尔佩洛岛,display.entity,shared-ui-label-resource,
display.entity.54c92c5a1aed,Agalega & St. Brandon,阿加莱加群岛和圣布兰登群岛,display.entity,shared-ui-label-resource,
display.entity.54e826c79213,Macquarie Island,麦夸里岛,display.entity,shared-ui-label-resource,
display.entity.557c1599d9a0,Egypt,埃及,display.entity,shared-ui-label-resource,
display.entity.55ccc5014f2a,Qatar,卡塔尔,display.entity,shared-ui-label-resource,
display.entity.56059e7fb4e9,Slovenia,斯洛文尼亚,display.entity,shared-ui-label-resource,
display.entity.566c70f8e86f,US Virgin Islands,美属维尔京群岛,display.entity,shared-ui-label-resource,
display.entity.570d53862bd0,Svalbard,斯瓦尔巴群岛,display.entity,shared-ui-label-resource,
display.entity.57e900885d44,Nauru,瑙鲁,display.entity,shared-ui-label-resource,
display.entity.57f14f86ea94,St. Kitts & Nevis,圣基茨和尼维斯,display.entity,shared-ui-label-resource,
display.entity.580eedc669f3,Ukraine,乌克兰,display.entity,shared-ui-label-resource,
display.entity.583201c1efbf,Ghana,加纳,display.entity,shared-ui-label-resource,
display.entity.58f91a2aeffd,Bahamas,巴哈马,display.entity,shared-ui-label-resource,
display.entity.593d5b6c6723,Turks & Caicos Islands,特克斯和凯科斯群岛,display.entity,shared-ui-label-resource,
display.entity.595d6d914950,Iceland,冰岛,display.entity,shared-ui-label-resource,
display.entity.598925fcd844,Galapagos Islands,加拉帕戈斯群岛,display.entity,shared-ui-label-resource,
display.entity.59a63a08e288,Tokelau Islands,托克劳群岛,display.entity,shared-ui-label-resource,
display.entity.59dc935745dc,Amsterdam & St. Paul Is.,阿姆斯特丹岛和圣保罗岛,display.entity,shared-ui-label-resource,
display.entity.59de7914e969,Tristan da Cunha & Gough,特里斯坦·达库尼亚群岛和戈夫岛,display.entity,shared-ui-label-resource,
display.entity.5a9cf672c8be,Italy,意大利,display.entity,shared-ui-label-resource,
display.entity.5b155b056455,Ascension Island,阿森松岛,display.entity,shared-ui-label-resource,
display.entity.5c2e4745c608,Lesotho,莱索托,display.entity,shared-ui-label-resource,
display.entity.5c4b321ecb42,Guam,关岛,display.entity,shared-ui-label-resource,
display.entity.5c83a631bce2,Lithuania,立陶宛,display.entity,shared-ui-label-resource,
display.entity.5dbddf911f9e,Afghanistan,阿富汗,display.entity,shared-ui-label-resource,
display.entity.5e286ab849d6,Marquesas Islands,马克萨斯群岛,display.entity,shared-ui-label-resource,
display.entity.5f1162c57ecf,Cyprus,塞浦路斯,display.entity,shared-ui-label-resource,
display.entity.611025cdde0a,Malawi,马拉维,display.entity,shared-ui-label-resource,
display.entity.61f432048733,Balearic Islands,巴利阿里群岛,display.entity,shared-ui-label-resource,
display.entity.6470d20a887f,Ducie Island,迪西岛,display.entity,shared-ui-label-resource,
display.entity.647294383b2c,Japan,日本,display.entity,shared-ui-label-resource,
display.entity.64fbf7d5cfe7,Eastern Kiribati,东基里巴斯,display.entity,shared-ui-label-resource,
display.entity.66b86bf0f045,Bulgaria,保加利亚,display.entity,shared-ui-label-resource,
display.entity.6754bc2cf814,UK Base Areas on Cyprus,英国驻塞浦路斯主权基地区,display.entity,shared-ui-label-resource,
display.entity.679c02dcd2ba,Fiji,斐济,display.entity,shared-ui-label-resource,
display.entity.69d0a7b84cd1,Benin,贝宁,display.entity,shared-ui-label-resource,
display.entity.6acc5c6b2e92,ITU HQ,国际电信联盟总部,display.entity,shared-ui-label-resource,
display.entity.6b615adb1300,Colombia,哥伦比亚,display.entity,shared-ui-label-resource,
display.entity.6cab870996e2,Central Kiribati,中基里巴斯,display.entity,shared-ui-label-resource,
display.entity.6cd2f653fe33,Chesterfield Islands,切斯特菲尔德群岛,display.entity,shared-ui-label-resource,
display.entity.6d88b38ffc0a,Dodecanese,多德卡尼斯群岛,display.entity,shared-ui-label-resource,
display.entity.6e49e65081b2,Thailand,泰国,display.entity,shared-ui-label-resource,
display.entity.6eb56a83befe,North Cook Islands,北库克群岛,display.entity,shared-ui-label-resource,
display.entity.6f189bf077b6,Kyrgyzstan,吉尔吉斯斯坦,display.entity,shared-ui-label-resource,
display.entity.6fc656b17a3b,Aland Islands,奥兰群岛,display.entity,shared-ui-label-resource,
display.entity.6ff080c07894,Liechtenstein,列支敦士登,display.entity,shared-ui-label-resource,
display.entity.71dc81f13c2d,Belize,伯利兹,display.entity,shared-ui-label-resource,
display.entity.71e9eb10755c,Malta,马耳他,display.entity,shared-ui-label-resource,
display.entity.72660b541499,Swains Island,斯温斯岛,display.entity,shared-ui-label-resource,
display.entity.72fbffb7cb4b,Cocos Island,科科斯岛,display.entity,shared-ui-label-resource,
display.entity.7328d3f829b7,Croatia,克罗地亚,display.entity,shared-ui-label-resource,
display.entity.737c16b35852,Fernando de Noronha,费尔南多·迪诺罗尼亚群岛,display.entity,shared-ui-label-resource,
display.entity.7491ff18fff6,Republic of the Congo,刚果共和国,display.entity,shared-ui-label-resource,
display.entity.74e1891dc615,Kenya,肯尼亚,display.entity,shared-ui-label-resource,
display.entity.75c02b8d2f91,Kazakhstan,哈萨克斯坦,display.entity,shared-ui-label-resource,
display.entity.75e8f462f9da,Guinea-Bissau,几内亚比绍,display.entity,shared-ui-label-resource,
display.entity.764a8c04ad45,Jersey,泽西岛,display.entity,shared-ui-label-resource,
display.entity.773ca4d61809,Faroe Islands,法罗群岛,display.entity,shared-ui-label-resource,
display.entity.79c89fd457dc,Bermuda,百慕大,display.entity,shared-ui-label-resource,
display.entity.7a1ca4ef7515,France,法国,display.entity,shared-ui-label-resource,
display.entity.7ab597e1b5cc,Montenegro,黑山,display.entity,shared-ui-label-resource,
display.entity.7b9d5dc4cd9f,Sao Tome & Principe,圣多美和普林西比,display.entity,shared-ui-label-resource,
display.entity.7cd9b5f254c4,Glorioso Islands,格洛里厄斯群岛,display.entity,shared-ui-label-resource,
display.entity.7d94977e033d,Ethiopia,埃塞俄比亚,display.entity,shared-ui-label-resource,
display.entity.7e222a78e771,Gabon,加蓬,display.entity,shared-ui-label-resource,
display.entity.7e2bffdc42d0,N.Z. Subantarctic Is.,新西兰亚南极群岛,display.entity,shared-ui-label-resource,
display.entity.7eb5655f8ec1,Slovak Republic,斯洛伐克共和国,display.entity,shared-ui-label-resource,
display.entity.7f69649ad704,Poland,波兰,display.entity,shared-ui-label-resource,
display.entity.7fa64773dcd6,Palau,帕劳,display.entity,shared-ui-label-resource,
display.entity.7fb4d179ec62,Paraguay,巴拉圭,display.entity,shared-ui-label-resource,
display.entity.813832a8518d,Minami Torishima,南鸟岛,display.entity,shared-ui-label-resource,
display.entity.81e884cb2e85,Dominican Republic,多米尼加共和国,display.entity,shared-ui-label-resource,
display.entity.82acd933d9a8,Easter Island,复活节岛,display.entity,shared-ui-label-resource,
display.entity.83f2b333646e,Cayman Islands,开曼群岛,display.entity,shared-ui-label-resource,
display.entity.853637136575,Sweden,瑞典,display.entity,shared-ui-label-resource,
display.entity.893d538563bc,Uganda,乌干达,display.entity,shared-ui-label-resource,
display.entity.8994687843a3,Equatorial Guinea,赤道几内亚,display.entity,shared-ui-label-resource,
display.entity.89b94e523fb5,Western Sahara,西撒哈拉,display.entity,shared-ui-label-resource,
display.entity.8a7c37e0cb48,Kerguelen Islands,凯尔盖朗群岛,display.entity,shared-ui-label-resource,
display.entity.8e8dfae9b752,Barbados,巴巴多斯,display.entity,shared-ui-label-resource,
display.entity.8ef41e6f4b07,Spain,西班牙,display.entity,shared-ui-label-resource,
display.entity.8f3bb51eb6a4,Corsica,科西嘉岛,display.entity,shared-ui-label-resource,
display.entity.8fb54471a4b8,Maldives,马尔代夫,display.entity,shared-ui-label-resource,
display.entity.911609099934,Midway Island,中途岛,display.entity,shared-ui-label-resource,
display.entity.935018cc4153,Monaco,摩纳哥,display.entity,shared-ui-label-resource,
display.entity.94b2859b913c,Bahrain,巴林,display.entity,shared-ui-label-resource,
display.entity.94e6bd574b6e,Nicaragua,尼加拉瓜,display.entity,shared-ui-label-resource,
display.entity.9555664fcf43,Tanzania,坦桑尼亚,display.entity,shared-ui-label-resource,
display.entity.95ee59a72a89,Baker & Howland Islands,贝克岛和豪兰岛,display.entity,shared-ui-label-resource,
display.entity.9621c0736440,Bolivia,玻利维亚,display.entity,shared-ui-label-resource,
display.entity.962981ce11b8,Franz Josef Land,法兰士约瑟夫地群岛,display.entity,shared-ui-label-resource,
display.entity.9717ae05cfc5,Scarborough Reef,黄岩岛,display.entity,shared-ui-label-resource,
display.entity.97e1362f8d64,Andaman & Nicobar Is.,安达曼和尼科巴群岛,display.entity,shared-ui-label-resource,
display.entity.988c8160b754,Latvia,拉脱维亚,display.entity,shared-ui-label-resource,
display.entity.98e18f46684b,Laos,老挝,display.entity,shared-ui-label-resource,
display.entity.99a7c065a730,Mongolia,蒙古,display.entity,shared-ui-label-resource,
display.entity.9bceead2abbe,Pratas Island,东沙岛,display.entity,shared-ui-label-resource,
display.entity.9c8023a844db,St. Vincent,圣文森特,display.entity,shared-ui-label-resource,
display.entity.9c93ad439373,Greece,希腊,display.entity,shared-ui-label-resource,
display.entity.9cb00896759a,Bouvet,布韦岛,display.entity,shared-ui-label-resource,
display.entity.9d1911dfdb6a,Asiatic Turkey,土耳其亚洲部分,display.entity,shared-ui-label-resource,
display.entity.9d9cb85adc47,Crete,克里特岛,display.entity,shared-ui-label-resource,
display.entity.9fa6f2daa567,Cape Verde,佛得角,display.entity,shared-ui-label-resource,
display.entity.9fd0eb912258,Kure Island,库雷岛,display.entity,shared-ui-label-resource,
display.entity.a03ef3b63d4d,Canary Islands,加那利群岛,display.entity,shared-ui-label-resource,
display.entity.a246670dbf76,Scotland,苏格兰,display.entity,shared-ui-label-resource,
display.entity.a3ce2a5098db,Wallis & Futuna Islands,瓦利斯和富图纳群岛,display.entity,shared-ui-label-resource,
display.entity.a4540283a77d,Guantanamo Bay,关塔那摩湾,display.entity,shared-ui-label-resource,
display.entity.a4a0c7e7b76d,Anguilla,安圭拉,display.entity,shared-ui-label-resource,
display.entity.a564371ac0f2,Burkina Faso,布基纳法索,display.entity,shared-ui-label-resource,
display.entity.a7d355b26bda,Mexico,墨西哥,display.entity,shared-ui-label-resource,
display.entity.a7fac3edde64,Western Kiribati,西基里巴斯,display.entity,shared-ui-label-resource,
display.entity.a857fa7ed5cc,St. Paul Island,圣保罗岛,display.entity,shared-ui-label-resource,
display.entity.aa8057ecb40b,Mauritius,毛里求斯,display.entity,shared-ui-label-resource,
display.entity.abb93f0daf53,Tromelin Island,特罗姆兰岛,display.entity,shared-ui-label-resource,
display.entity.abd149214539,India,印度,display.entity,shared-ui-label-resource,
display.entity.ae01b18e1cd9,South Orkney Islands,南奥克尼群岛,display.entity,shared-ui-label-resource,
display.entity.aed8f531aa7e,Finland,芬兰,display.entity,shared-ui-label-resource,
display.entity.b0ce10296f2b,Vatican City,梵蒂冈,display.entity,shared-ui-label-resource,
display.entity.b112059e620f,Pitcairn Island,皮特凯恩岛,display.entity,shared-ui-label-resource,
display.entity.b13c435a8c8e,St. Barthelemy,圣巴泰勒米,display.entity,shared-ui-label-resource,
display.entity.b1bf0d8aa903,Wake Island,威克岛,display.entity,shared-ui-label-resource,
display.entity.b1cb8eac5b31,Suriname,苏里南,display.entity,shared-ui-label-resource,
display.entity.b2507dc8323e,Republic of South Sudan,南苏丹共和国,display.entity,shared-ui-label-resource,
display.entity.b3dfc8505d59,Turkmenistan,土库曼斯坦,display.entity,shared-ui-label-resource,
display.entity.b47b490f59b0,Kaliningrad,加里宁格勒,display.entity,shared-ui-label-resource,
display.entity.b48c230e7889,Johnston Island,约翰斯顿岛,display.entity,shared-ui-label-resource,
display.entity.b4b7fb7df835,Navassa Island,纳瓦萨岛,display.entity,shared-ui-label-resource,
display.entity.b566255eb054,Aruba,阿鲁巴,display.entity,shared-ui-label-resource,
display.entity.b5f9221ae041,Zambia,赞比亚,display.entity,shared-ui-label-resource,
display.entity.b675f5df5fe6,Morocco,摩洛哥,display.entity,shared-ui-label-resource,
display.entity.b79b5f97bc67,Honduras,洪都拉斯,display.entity,shared-ui-label-resource,
display.entity.b7df52936663,South Sandwich Islands,南桑威奇群岛,display.entity,shared-ui-label-resource,
display.entity.b8e56e41ad28,Cocos (Keeling) Islands,科科斯（基林）群岛,display.entity,shared-ui-label-resource,
display.entity.b9c48cb1fe9a,Guernsey,根西岛,display.entity,shared-ui-label-resource,
display.entity.ba2039a4cf69,Myanmar,缅甸,display.entity,shared-ui-label-resource,
display.entity.bba28b08306f,Sint Maarten,圣马丁（荷属）,display.entity,shared-ui-label-resource,
display.entity.bc247ee1bd81,Reunion Island,留尼汪岛,display.entity,shared-ui-label-resource,
display.entity.bd05d324d8a3,Somalia,索马里,display.entity,shared-ui-label-resource,
display.entity.be2a7f5684fd,Dominica,多米尼克,display.entity,shared-ui-label-resource,
display.entity.be55ef3f4c4e,Canada,加拿大,display.entity,shared-ui-label-resource,
display.entity.be59b059eaf6,Sicily,西西里岛,display.entity,shared-ui-label-resource,
display.entity.be60011f5621,New Caledonia,新喀里多尼亚,display.entity,shared-ui-label-resource,
display.entity.bea54a349795,Norway,挪威,display.entity,shared-ui-label-resource,
display.entity.bf4ee0d96996,United Nations HQ,联合国总部,display.entity,shared-ui-label-resource,
display.entity.bfb0c8d36f4a,Mauritania,毛里塔尼亚,display.entity,shared-ui-label-resource,
display.entity.c0ea960b065c,England,英格兰,display.entity,shared-ui-label-resource,
display.entity.c17ac113230f,Alaska,阿拉斯加,display.entity,shared-ui-label-resource,
display.entity.c1ef40ce0484,Australia,澳大利亚,display.entity,shared-ui-label-resource,
display.entity.c3668f581289,Panama,巴拿马,display.entity,shared-ui-label-resource,
display.entity.c3782c86d809,Philippines,菲律宾,display.entity,shared-ui-label-resource,
display.entity.c383c654c952,Willis Island,威利斯岛,display.entity,shared-ui-label-resource,
display.entity.c387e2d50fff,Falkland Islands,福克兰群岛,display.entity,shared-ui-label-resource,
display.entity.c3ce4bf88db5,Oman,阿曼,display.entity,shared-ui-label-resource,
display.entity.c408d26c1ec1,El Salvador,萨尔瓦多,display.entity,shared-ui-label-resource,
display.entity.c43f33f0578d,Antarctica,南极洲,display.entity,shared-ui-label-resource,
display.entity.c52709757760,Denmark,丹麦,display.entity,shared-ui-label-resource,
display.entity.c5b2a6de9d5a,Vanuatu,瓦努阿图,display.entity,shared-ui-label-resource,
display.entity.c5fdcee33a53,Annobon Island,安诺本岛,display.entity,shared-ui-label-resource,
display.entity.c65742ceb289,Papua New Guinea,巴布亚新几内亚,display.entity,shared-ui-label-resource,
display.entity.c65906dc7ccb,Martinique,马提尼克,display.entity,shared-ui-label-resource,
display.entity.c72199a85b54,Zimbabwe,津巴布韦,display.entity,shared-ui-label-resource,
display.entity.c73dda02a61c,Crozet Island,克罗泽群岛,display.entity,shared-ui-label-resource,
display.entity.c835bd1c4578,Burundi,布隆迪,display.entity,shared-ui-label-resource,
display.entity.c8e47018e070,Cote d'Ivoire,科特迪瓦,display.entity,shared-ui-label-resource,
display.entity.c9054826f71c,Mozambique,莫桑比克,display.entity,shared-ui-label-resource,
display.entity.c96dd81db196,Singapore,新加坡,display.entity,shared-ui-label-resource,
display.entity.c9cab0238deb,Austria,奥地利,display.entity,shared-ui-label-resource,
display.entity.c9d2604dd518,Liberia,利比里亚,display.entity,shared-ui-label-resource,
display.entity.cc87ae446965,"Juan de Nova, Europa",胡安·德诺瓦岛和欧罗巴岛,display.entity,shared-ui-label-resource,
display.entity.ccaea1c5f247,European Turkey,土耳其欧洲部分,display.entity,shared-ui-label-resource,
display.entity.cd84722648fe,North Macedonia,北马其顿,display.entity,shared-ui-label-resource,
display.entity.cf6ac29be1f7,Syria,叙利亚,display.entity,shared-ui-label-resource,
display.entity.cff4c58de0ba,Solomon Islands,所罗门群岛,display.entity,shared-ui-label-resource,
display.entity.d019d1006ac3,South Georgia Island,南乔治亚岛,display.entity,shared-ui-label-resource,
display.entity.d02a7ba9bbee,Pr. Edward & Marion Is.,爱德华王子岛和马里恩岛,display.entity,shared-ui-label-resource,
display.entity.d08b4a0f0dcd,Mayotte,马约特,display.entity,shared-ui-label-resource,
display.entity.d090b87e4a3b,Haiti,海地,display.entity,shared-ui-label-resource,
display.entity.d1d633208511,Seychelles,塞舌尔,display.entity,shared-ui-label-resource,
display.entity.d2c19dff04a7,Lakshadweep Islands,拉克沙群岛,display.entity,shared-ui-label-resource,
display.entity.d3a830adb96e,Market Reef,梅尔凯特礁,display.entity,shared-ui-label-resource,
display.entity.d3d1b02bb833,Republic of Kosovo,科索沃共和国,display.entity,shared-ui-label-resource,
display.entity.d3f8d0a36604,Mellish Reef,梅利什礁,display.entity,shared-ui-label-resource,
display.entity.d4359fd40e8e,The Gambia,冈比亚,display.entity,shared-ui-label-resource,
display.entity.d61ed46b2b34,Ogasawara,小笠原群岛,display.entity,shared-ui-label-resource,
display.entity.d6804464c5f4,Madagascar,马达加斯加,display.entity,shared-ui-label-resource,
display.entity.d70835b5644a,Micronesia,密克罗尼西亚,display.entity,shared-ui-label-resource,
display.entity.d889e2172a21,Bhutan,不丹,display.entity,shared-ui-label-resource,
display.entity.d9aa43ead5f1,Puerto Rico,波多黎各,display.entity,shared-ui-label-resource,
display.entity.da3053f5cfa2,St. Helena,圣赫勒拿,display.entity,shared-ui-label-resource,
display.entity.db886f0033de,Juan Fernandez Islands,胡安·费尔南德斯群岛,display.entity,shared-ui-label-resource,
display.entity.dbc74a36d8e7,Indonesia,印度尼西亚,display.entity,shared-ui-label-resource,
display.entity.dc7ddfb7ee2a,San Andres & Providencia,圣安德烈斯岛和普罗维登西亚岛,display.entity,shared-ui-label-resource,
display.entity.dcec6b8a5281,West Malaysia,西马来西亚,display.entity,shared-ui-label-resource,
display.entity.dd21f15d7893,Kermadec Islands,克马德克群岛,display.entity,shared-ui-label-resource,
display.entity.dd591d77ea53,Guinea,几内亚,display.entity,shared-ui-label-resource,
display.entity.dd64913c8b91,United Arab Emirates,阿拉伯联合酋长国,display.entity,shared-ui-label-resource,
display.entity.dd76af196e2c,Taiwan,台湾,display.entity,shared-ui-label-resource,
display.entity.de5008d194a7,Iraq,伊拉克,display.entity,shared-ui-label-resource,
display.entity.e10953f7760d,Macao,澳门,display.entity,shared-ui-label-resource,
display.entity.e15a18aadcac,Nepal,尼泊尔,display.entity,shared-ui-label-resource,
display.entity.e2567312ec53,Pakistan,巴基斯坦,display.entity,shared-ui-label-resource,
display.entity.e26742d7cdd9,Costa Rica,哥斯达黎加,display.entity,shared-ui-label-resource,
display.entity.e2d73333643e,Bonaire,博奈尔,display.entity,shared-ui-label-resource,
display.entity.e34dd616b94b,Lebanon,黎巴嫩,display.entity,shared-ui-label-resource,
display.entity.e509cda4c446,Central African Republic,中非共和国,display.entity,shared-ui-label-resource,
display.entity.e5ad96d31015,Banaba Island,巴纳巴岛,display.entity,shared-ui-label-resource,
display.entity.e6148def1d29,Rotuma Island,罗图马岛,display.entity,shared-ui-label-resource,
display.entity.e63565dff31b,Conway Reef,康韦礁,display.entity,shared-ui-label-resource,
display.entity.e7f07a7ef3fe,Heard Island,赫德岛,display.entity,shared-ui-label-resource,
display.entity.e801d62abea3,Bosnia-Herzegovina,波斯尼亚和黑塞哥维那,display.entity,shared-ui-label-resource,
display.entity.e814fdb45fd4,Comoros,科摩罗,display.entity,shared-ui-label-resource,
display.entity.e86cc518bd01,Lord Howe Island,豪勋爵岛,display.entity,shared-ui-label-resource,
display.entity.e8739c839576,Serbia,塞尔维亚,display.entity,shared-ui-label-resource,
display.entity.e8bfe1ed6935,Jordan,约旦,display.entity,shared-ui-label-resource,
display.entity.ea0b937ea317,Argentina,阿根廷,display.entity,shared-ui-label-resource,
display.entity.ea23726dd0fd,Romania,罗马尼亚,display.entity,shared-ui-label-resource,
display.entity.ea3bfc26fa5c,Guyana,圭亚那,display.entity,shared-ui-label-resource,
display.entity.ea5bd39848d8,Namibia,纳米比亚,display.entity,shared-ui-label-resource,
display.entity.ed68d4def1af,Sudan,苏丹,display.entity,shared-ui-label-resource,
display.entity.ed76f191621c,Luxembourg,卢森堡,display.entity,shared-ui-label-resource,
display.entity.ed9ad13611d7,Saudi Arabia,沙特阿拉伯,display.entity,shared-ui-label-resource,
display.entity.ee3ba8e2407b,Republic of Korea,韩国,display.entity,shared-ui-label-resource,
display.entity.ee5721a5a60b,Mali,马里,display.entity,shared-ui-label-resource,
display.entity.efa9150afdea,Azerbaijan,阿塞拜疆,display.entity,shared-ui-label-resource,
display.entity.f031568cd1c1,Rodriguez Island,罗德里格斯岛,display.entity,shared-ui-label-resource,
display.entity.f0eb91369fda,Spratly Islands,南沙群岛,display.entity,shared-ui-label-resource,
display.entity.f189744591c2,Palestine,巴勒斯坦,display.entity,shared-ui-label-resource,
display.entity.f196e55ef16d,Brunei Darussalam,文莱达鲁萨兰国,display.entity,shared-ui-label-resource,
display.entity.f1cbfb932b47,European Russia,俄罗斯欧洲部分,display.entity,shared-ui-label-resource,
display.entity.f405b98d5ffc,Sierra Leone,塞拉利昂,display.entity,shared-ui-label-resource,
display.entity.f40909699426,Timor - Leste,东帝汶,display.entity,shared-ui-label-resource,
display.entity.f4256e2f318f,Fed. Rep. of Germany,德意志联邦共和国,display.entity,shared-ui-label-resource,
display.entity.f5273e236d49,Chile,智利,display.entity,shared-ui-label-resource,
display.entity.f65276a6ede3,East Malaysia,东马来西亚,display.entity,shared-ui-label-resource,
display.entity.f812b48bcec8,Saba & St. Eustatius,萨巴岛和圣尤斯特歇斯岛,display.entity,shared-ui-label-resource,
display.entity.f9ee24fba7bf,Azores,亚速尔群岛,display.entity,shared-ui-label-resource,
display.entity.fc0d0524f599,Sable Island,塞布尔岛,display.entity,shared-ui-label-resource,
display.entity.fc7f18849b57,Peter 1 Island,彼得一世岛,display.entity,shared-ui-label-resource,
display.entity.fe2403f25e8f,Uruguay,乌拉圭,display.entity,shared-ui-label-resource,
display.entity.fe33c925ce22,Marshall Islands,马绍尔群岛,display.entity,shared-ui-label-resource,
display.enum.1750_hz_tone_burst,1750 Hz tone burst,1750 Hz 音频脉冲,display.enum,shared-ui-label-resource,
display.enum.a_station_is_calling_me,A station is calling me,电台正在呼叫本站,display.enum,shared-ui-label-resource,
display.enum.abort_transmit,Abort transmit,停止发射,display.enum,shared-ui-label-resource,
display.enum.adaptation,Adaptation,自适应,display.enum,shared-ui-label-resource,
display.enum.adc_clock,ADC clock,ADC 时钟,display.enum,shared-ui-label-resource,
display.enum.adc_range,ADC range,ADC 输入范围,display.enum,shared-ui-label-resource,
display.enum.address,Address,地址,display.enum,shared-ui-label-resource,
display.enum.agc_cycle,AGC (cycle),AGC（循环切换）,display.enum,shared-ui-label-resource,
display.enum.agc_max_gain,AGC max gain,AGC 最大增益,display.enum,shared-ui-label-resource,
display.enum.agc_set_point,AGC set point,AGC 目标电平,display.enum,shared-ui-label-resource,
display.enum.agc_threshold,AGC threshold,AGC 阈值,display.enum,shared-ui-label-resource,
display.enum.all,All,全部,display.enum,shared-ui-label-resource,
display.enum.allow_if_gain_reduction_below_20_db,Allow IF gain reduction below 20 dB,允许中频增益衰减低于 20 dB,display.enum,shared-ui-label-resource,
display.enum.analog_filter,Analog filter,模拟滤波器,display.enum,shared-ui-label-resource,
display.enum.announce_as,Announce as,报告名称,display.enum,shared-ui-label-resource,
display.enum.announcements_on_off,Announcements on/off,播报开关,display.enum,shared-ui-label-resource,
display.enum.antenna,Antenna,天线,display.enum,shared-ui-label-resource,
display.enum.antennas,Antennas,天线,display.enum,shared-ui-label-resource,
display.enum.applied_at_once_and_remembered_for_the_next_start,"Applied at once, and remembered for the next start.",立即生效，并保存供下次启动使用。,display.enum,shared-ui-label-resource,
display.enum.applies_immediately,Applies immediately.,立即生效。,display.enum,shared-ui-label-resource,
display.enum.apply_reconnect,Apply / reconnect,应用／重新连接,display.enum,shared-ui-label-resource,
display.enum.archive,ARCHIVE,归档,display.enum,shared-ui-label-resource,
display.enum.at_the_station,At the station,本站,display.enum,shared-ui-label-resource,
display.enum.attenuator,Attenuator,衰减器,display.enum,shared-ui-label-resource,
display.enum.audio,Audio,音频,display.enum,shared-ui-label-resource,
display.enum.audio_sample_rate,Audio sample rate,音频采样率,display.enum,shared-ui-label-resource,
display.enum.auto,Auto,自动,display.enum,shared-ui-label-resource,
display.enum.auto_notch,Auto notch,自动陷波,display.enum,shared-ui-label-resource,
display.enum.automatic,Automatic,自动,display.enum,shared-ui-label-resource,
display.enum.back_extra_1,Back (extra 1),后退键（附加键 1）,display.enum,shared-ui-label-resource,
display.enum.band,Band,波段,display.enum,shared-ui-label-resource,
display.enum.band_4dde89d1,Band {},波段 {},display.enum,shared-ui-label-resource,
display.enum.band_down,Band down,下一波段,display.enum,shared-ui-label-resource,
display.enum.band_up,Band up,上一波段,display.enum,shared-ui-label-resource,
display.enum.band_view,Band view,波段视图,display.enum,shared-ui-label-resource,
display.enum.band_view_span,Band view span,波段视图范围,display.enum,shared-ui-label-resource,
display.enum.band_view_speed,Band view speed,波段视图速度,display.enum,shared-ui-label-resource,
display.enum.baseband_filter,Baseband filter,基带滤波器,display.enum,shared-ui-label-resource,
display.enum.baud,Baud,波特率,display.enum,shared-ui-label-resource,
display.enum.baud_rate_is_ignored_the_port_is_usb,Baud rate is ignored — the port is USB,此端口使用 USB，忽略波特率设置,display.enum,shared-ui-label-resource,
display.enum.bias_tee,Bias tee,偏置供电,display.enum,shared-ui-label-resource,
display.enum.bias_tee_vhf,Bias tee (VHF),偏置供电（VHF）,display.enum,shared-ui-label-resource,
display.enum.binaural_audio,Binaural audio,双耳音频,display.enum,shared-ui-label-resource,
display.enum.blank_station_callsign,blank = station callsign,留空使用本站呼号,display.enum,shared-ui-label-resource,
display.enum.board,Board,板卡,display.enum,shared-ui-label-resource,
display.enum.buffer_size,Buffer size,缓冲区大小,display.enum,shared-ui-label-resource,
display.enum.calibrate_automatically,Calibrate automatically,自动校准,display.enum,shared-ui-label-resource,
display.enum.calibrate_now,Calibrate now,立即校准,display.enum,shared-ui-label-resource,
display.enum.cancel_mirror_images,Cancel mirror images,消除镜像,display.enum,shared-ui-label-resource,
display.enum.carrier,CARRIER,载波,display.enum,shared-ui-label-resource,
display.enum.cat_family,CAT family,CAT 协议系列,display.enum,shared-ui-label-resource,
display.enum.changing_either_reopens_the_radio,Changing either reopens the radio.,修改任一项都会重新打开电台。,display.enum,shared-ui-label-resource,
display.enum.clear,CLEAR,清除,display.enum,shared-ui-label-resource,
display.enum.clock_source,Clock source,时钟源,display.enum,shared-ui-label-resource,
display.enum.clock_trim,Clock trim,时钟微调,display.enum,shared-ui-label-resource,
display.enum.collapse_spectrum,Collapse spectrum,折叠频谱,display.enum,shared-ui-label-resource,
display.enum.collapse_waterfall,Collapse waterfall,折叠瀑布图,display.enum,shared-ui-label-resource,
display.enum.connected,Connected,已连接,display.enum,shared-ui-label-resource,
display.enum.connected_by,Connected by,连接方式,display.enum,shared-ui-label-resource,
display.enum.control_port,Control port,控制端口,display.enum,shared-ui-label-resource,
display.enum.copy_a_b,Copy A→B,复制 A→B,display.enum,shared-ui-label-resource,
display.enum.copy_diagnostic_report,Copy diagnostic report,复制诊断报告,display.enum,shared-ui-label-resource,
display.enum.correct_the_image_and_fine_tune,Correct the image and fine-tune,校正镜像并精调,display.enum,shared-ui-label-resource,
display.enum.corrections,Corrections,校正,display.enum,shared-ui-label-resource,
display.enum.corrects_the_reference_oscillator,Corrects the reference oscillator.,校正参考振荡器。,display.enum,shared-ui-label-resource,
display.enum.crystal_tcxo_error_in_ppm_applied_to_rx_and_tx_applies_immediately,"Crystal/TCXO error in ppm, applied to RX and TX. Applies immediately.",晶体／TCXO 误差，单位为 ppm，同时应用于接收和发射，立即生效。,display.enum,shared-ui-label-resource,
display.enum.curated,Curated,精选,display.enum,shared-ui-label-resource,
display.enum.cw_keying,CW keying,CW 键控,display.enum,shared-ui-label-resource,
display.enum.cw_straight_key,CW straight key,CW 手键,display.enum,shared-ui-label-resource,
display.enum.dab_notch,DAB notch,DAB 陷波,display.enum,shared-ui-label-resource,
display.enum.data_bits,Data bits,数据位,display.enum,shared-ui-label-resource,
display.enum.dax_iq_channel,DAX IQ channel,DAX I/Q 通道,display.enum,shared-ui-label-resource,
display.enum.dc_notch,DC notch,直流陷波,display.enum,shared-ui-label-resource,
display.enum.dc_on_the_antenna_port,DC on the antenna port,天线端口直流供电,display.enum,shared-ui-label-resource,
display.enum.dc_on_the_hf_antenna_port,DC on the HF antenna port,HF 天线端口直流供电,display.enum,shared-ui-label-resource,
display.enum.dc_on_the_vhf_antenna_port,DC on the VHF antenna port,VHF 天线端口直流供电,display.enum,shared-ui-label-resource,
display.enum.dc_removal,DC removal,直流消除,display.enum,shared-ui-label-resource,
display.enum.device,Device,设备,display.enum,shared-ui-label-resource,
display.enum.devices,Devices,设备,display.enum,shared-ui-label-resource,
display.enum.devices_soapysdr_can_see,Devices SoapySDR can see,SoapySDR 可发现的设备,display.enum,shared-ui-label-resource,
display.enum.digi_audio_offset,Digi audio offset,数字模式音频偏移,display.enum,shared-ui-label-resource,
display.enum.digimode_mode,Digimode mode,数字通信模式,display.enum,shared-ui-label-resource,
display.enum.digital,Digital,电子提示音,display.enum,shared-ui-label-resource,
display.enum.digital_gain,Digital gain,数字增益,display.enum,shared-ui-label-resource,
display.enum.ding,Ding,铃声,display.enum,shared-ui-label-resource,
display.enum.direct_sampling_on_the_hf2_antenna_input_same_as_hf1,"Direct sampling on the HF2 antenna input, same as HF1.",HF2 天线输入采用与 HF1 相同的直接采样方式。,display.enum,shared-ui-label-resource,
display.enum.disabled,Disabled,已禁用,display.enum,shared-ui-label-resource,
display.enum.discover,Discover,发现设备,display.enum,shared-ui-label-resource,
display.enum.display,Display,显示,display.enum,shared-ui-label-resource,
display.enum.displayed_bandwidth,Displayed bandwidth,显示带宽,display.enum,shared-ui-label-resource,
display.enum.dither,Dither,抖动,display.enum,shared-ui-label-resource,
display.enum.diversity_taps,Diversity taps,分集滤波器抽头数,display.enum,shared-ui-label-resource,
display.enum.dongle,Dongle,接收棒,display.enum,shared-ui-label-resource,
display.enum.duplex,Duplex,双工,display.enum,shared-ui-label-resource,
display.enum.enable,Enable,启用,display.enum,shared-ui-label-resource,
display.enum.enable_below_2_mhz,Enable below 2 MHz,在 2 MHz 以下启用,display.enum,shared-ui-label-resource,
display.enum.enabled,Enabled,已启用,display.enum,shared-ui-label-resource,
display.enum.extended_if_range,Extended IF range,扩展中频范围,display.enum,shared-ui-label-resource,
display.enum.external_reference,External reference,外部参考,display.enum,shared-ui-label-resource,
display.enum.fan,Fan,风扇,display.enum,shared-ui-label-resource,
display.enum.fast,Fast,快,display.enum,shared-ui-label-resource,
display.enum.feed_4_5_v_dc_up_the_coax,Feed ~4.5 V DC up the coax,通过同轴馈线供约 4.5 V 直流电,display.enum,shared-ui-label-resource,
display.enum.feed_4_5_v_dc_up_the_remote_coax,Feed ~4.5 V DC up the remote coax,通过远端同轴馈线供约 4.5 V 直流电,display.enum,shared-ui-label-resource,
display.enum.feed_4_7_v_dc_up_the_coax,Feed ~4.7 V DC up the coax,通过同轴馈线供约 4.7 V 直流电,display.enum,shared-ui-label-resource,
display.enum.feed_dc_up_the_coax,Feed DC up the coax,通过同轴馈线供直流电,display.enum,shared-ui-label-resource,
display.enum.filter_board,Filter board,滤波器板,display.enum,shared-ui-label-resource,
display.enum.filter_length,Filter length,滤波器长度,display.enum,shared-ui-label-resource,
display.enum.filter_shift,Filter shift,滤波器偏移,display.enum,shared-ui-label-resource,
display.enum.filter_width,Filter width,滤波器宽度,display.enum,shared-ui-label-resource,
display.enum.filters_in_circuit,Filters in circuit,接入的滤波器,display.enum,shared-ui-label-resource,
display.enum.first_one_found,First one found,首个发现的设备,display.enum,shared-ui-label-resource,
display.enum.first_one_found_4a541a4e,— first one found —,— 首个发现的设备 —,display.enum,shared-ui-label-resource,
display.enum.fit_span,Fit span,适配显示范围,display.enum,shared-ui-label-resource,
display.enum.flat,Flat,平直,display.enum,shared-ui-label-resource,
display.enum.flip_waterfall,Flip waterfall,翻转瀑布图,display.enum,shared-ui-label-resource,
display.enum.follow_the_app_setting,Follow the app setting,跟随应用设置,display.enum,shared-ui-label-resource,
display.enum.follow_the_dial,Follow the dial,跟随调谐频率,display.enum,shared-ui-label-resource,
display.enum.force_dtr,Force DTR,强制 DTR,display.enum,shared-ui-label-resource,
display.enum.force_rts,Force RTS,强制 RTS,display.enum,shared-ui-label-resource,
display.enum.forget_the_correction_and_learn_it_again,Forget the correction and learn it again.,清除校正值并重新学习。,display.enum,shared-ui-label-resource,
display.enum.forward_extra_2,Forward (extra 2),前进键（附加键 2）,display.enum,shared-ui-label-resource,
display.enum.frequency_calibration,Frequency calibration,频率校准,display.enum,shared-ui-label-resource,
display.enum.frequency_correction,Frequency correction,频率校正,display.enum,shared-ui-label-resource,
display.enum.from_radio_rx,From radio (RX),来自电台（接收）,display.enum,shared-ui-label-resource,
display.enum.full_band_strip,Full-band strip,全带宽显示条,display.enum,shared-ui-label-resource,
display.enum.full_duplex,Full duplex,全双工,display.enum,shared-ui-label-resource,
display.enum.gain,Gain,增益,display.enum,shared-ui-label-resource,
display.enum.gain_curve,Gain curve,增益曲线,display.enum,shared-ui-label-resource,
display.enum.gui_client_id,GUI client ID,界面客户端 ID,display.enum,shared-ui-label-resource,
display.enum.hdr_filter,HDR filter,HDR 滤波器,display.enum,shared-ui-label-resource,
display.enum.hdr_mode,HDR mode,HDR 模式,display.enum,shared-ui-label-resource,
display.enum.hf_reception,HF reception,HF 接收,display.enum,shared-ui-label-resource,
display.enum.hi_z,Hi-Z,高阻抗,display.enum,shared-ui-label-resource,
display.enum.high,High,高,display.enum,shared-ui-label-resource,
display.enum.hold,Hold,按住,display.enum,shared-ui-label-resource,
display.enum.host_dsp,Host DSP,本机 DSP,display.enum,shared-ui-label-resource,
display.enum.host_iq_dc_correction,Host IQ / DC correction,本机 I/Q／直流校正,display.enum,shared-ui-label-resource,
display.enum.how_transmit_is_keyed,How transmit is keyed.,启动发射的方式。,display.enum,shared-ui-label-resource,
display.enum.i_q_bandwidth,I/Q bandwidth,I/Q 带宽,display.enum,shared-ui-label-resource,
display.enum.i_q_centre_offset,I/Q centre offset,I/Q 中心偏移,display.enum,shared-ui-label-resource,
display.enum.i_q_correction,I/Q correction,I/Q 校正,display.enum,shared-ui-label-resource,
display.enum.i_q_mode_is_switched_on_at_the_radio,I/Q mode is switched on at the radio,I/Q 模式已在电台端启用,display.enum,shared-ui-label-resource,
display.enum.i_q_sample_rate,I/Q sample rate,I/Q 采样率,display.enum,shared-ui-label-resource,
display.enum.if_bandwidth,IF bandwidth,中频带宽,display.enum,shared-ui-label-resource,
display.enum.if_gain_reduction,IF gain reduction,中频增益衰减,display.enum,shared-ui-label-resource,
display.enum.if_spectrum,IF spectrum,中频频谱,display.enum,shared-ui-label-resource,
display.enum.in_the_receive_path,In the receive path,接收路径中,display.enum,shared-ui-label-resource,
display.enum.inbox,INBOX,收件箱,display.enum,shared-ui-label-resource,
display.enum.input,Input,输入,display.enum,shared-ui-label-resource,
display.enum.input_a,Input A,输入 A,display.enum,shared-ui-label-resource,
display.enum.input_b,Input B,输入 B,display.enum,shared-ui-label-resource,
display.enum.invert_spectrum,Invert spectrum,反转频谱,display.enum,shared-ui-label-resource,
display.enum.io_board_rx_input,IO board RX input,I/O 板接收输入,display.enum,shared-ui-label-resource,
display.enum.iq_correction,IQ correction,I/Q 校正,display.enum,shared-ui-label-resource,
display.enum.iq_sample_rate,IQ sample rate,I/Q 采样率,display.enum,shared-ui-label-resource,
display.enum.its_gain,Its gain,增益,display.enum,shared-ui-label-resource,
display.enum.its_if_gain_reduction,Its IF gain reduction,中频增益衰减,display.enum,shared-ui-label-resource,
display.enum.its_lna_state,Its LNA state,LNA 状态,display.enum,shared-ui-label-resource,
display.enum.its_own_offset,Its own offset,独立偏移,display.enum,shared-ui-label-resource,
display.enum.its_socket,Its socket,接口,display.enum,shared-ui-label-resource,
display.enum.keep_receiving_while_transmitting,Keep receiving while transmitting,发射时继续接收,display.enum,shared-ui-label-resource,
display.enum.leave_as_set_on_the_radio,Leave as set on the radio,保持电台当前设置,display.enum,shared-ui-label-resource,
display.enum.let_the_driver_choose,Let the driver choose,由驱动选择,display.enum,shared-ui-label-resource,
display.enum.let_the_receiver_ride_its_own_gain,let the receiver ride its own gain,由接收机自行调整增益,display.enum,shared-ui-label-resource,
display.enum.let_the_tuner_run_its_own_lna_and_mixer_loops,Let the tuner run its own LNA and mixer loops.,由调谐器自行控制 LNA 和混频器。,display.enum,shared-ui-label-resource,
display.enum.limerfe_front_end,LimeRFE front end,LimeRFE 前端,display.enum,shared-ui-label-resource,
display.enum.lna_gain,LNA gain,LNA 增益,display.enum,shared-ui-label-resource,
display.enum.lna_on,LNA on,启用 LNA,display.enum,shared-ui-label-resource,
display.enum.lna_state,LNA state,LNA 状态,display.enum,shared-ui-label-resource,
display.enum.logbook_window,Logbook window,通联日志窗口,display.enum,shared-ui-label-resource,
display.enum.manual,Manual,手动,display.enum,shared-ui-label-resource,
display.enum.manual_7c8107bd,MANUAL,手动,display.enum,shared-ui-label-resource,
display.enum.manual_gain,Manual gain,手动增益,display.enum,shared-ui-label-resource,
display.enum.manual_gain_agc_off,Manual gain (AGC off),手动增益（AGC 关闭）,display.enum,shared-ui-label-resource,
display.enum.manual_ip,Manual IP,手动 IP 地址,display.enum,shared-ui-label-resource,
display.enum.manual_window,Manual window,手册窗口,display.enum,shared-ui-label-resource,
display.enum.medium,Medium,中,display.enum,shared-ui-label-resource,
display.enum.mem,MEM,存储频道,display.enum,shared-ui-label-resource,
display.enum.memories_window,Memories window,记忆信道窗口,display.enum,shared-ui-label-resource,
display.enum.mic_gain,Mic gain,麦克风增益,display.enum,shared-ui-label-resource,
display.enum.microphone,Microphone,麦克风,display.enum,shared-ui-label-resource,
display.enum.middle,Middle,中键,display.enum,shared-ui-label-resource,
display.enum.mirrored,Mirrored,镜像,display.enum,shared-ui-label-resource,
display.enum.mixer,Mixer,混频器,display.enum,shared-ui-label-resource,
display.enum.mode,Mode {},模式 {},display.enum,shared-ui-label-resource,
display.enum.mode_control,Mode control,模式控制,display.enum,shared-ui-label-resource,
display.enum.mode_next,Mode next,下一模式,display.enum,shared-ui-label-resource,
display.enum.mode_previous,Mode previous,上一模式,display.enum,shared-ui-label-resource,
display.enum.momentary,Momentary,按住时生效,display.enum,shared-ui-label-resource,
display.enum.mute,Mute,静音,display.enum,shared-ui-label-resource,
display.enum.network_mtu,Network MTU,网络 MTU,display.enum,shared-ui-label-resource,
display.enum.network_user,Network user,网络用户名,display.enum,shared-ui-label-resource,
display.enum.new_band_or_mode,New band or mode,新波段或模式,display.enum,shared-ui-label-resource,
display.enum.new_dxcc_entity,New DXCC entity,新 DXCC 实体,display.enum,shared-ui-label-resource,
display.enum.new_grid_square,New grid square,新网格定位符,display.enum,shared-ui-label-resource,
display.enum.no_airspy_r2_or_mini_found_press_rescan,No Airspy R2 or Mini found — press Rescan,未发现 Airspy R2 或 Mini，请点击“重新扫描”,display.enum,shared-ui-label-resource,
display.enum.no_device,no device,无设备,display.enum,shared-ui-label-resource,
display.enum.no_devices_press_discover,no devices — press Discover,无设备，请点击“发现设备”,display.enum,shared-ui-label-resource,
display.enum.no_devices_press_rescan,no devices — press Rescan,无设备，请点击“重新扫描”,display.enum,shared-ui-label-resource,
display.enum.no_dongles_press_rescan,no dongles — press Rescan,无接收棒，请点击“重新扫描”,display.enum,shared-ui-label-resource,
display.enum.no_fobos_sdr_found_press_rescan,No Fobos SDR found — press Rescan,未发现 Fobos SDR，请点击“重新扫描”,display.enum,shared-ui-label-resource,
display.enum.no_hackrf_found_press_rescan,No HackRF found — press Rescan,未发现 HackRF，请点击“重新扫描”,display.enum,shared-ui-label-resource,
display.enum.no_hydrasdr_rfone_found_press_rescan,No HydraSDR RFOne found — press Rescan,未发现 HydraSDR RFOne，请点击“重新扫描”,display.enum,shared-ui-label-resource,
display.enum.no_radios_press_discover,no radios — press Discover,无电台，请点击“发现设备”,display.enum,shared-ui-label-resource,
display.enum.no_receivers_press_rescan,no receivers — press Rescan,无接收机，请点击“重新扫描”,display.enum,shared-ui-label-resource,
display.enum.no_rsps_press_rescan_needs_the_sdrplay_api_service,no RSPs — press Rescan (needs the SDRplay API service),未发现 RSP，请点击“重新扫描”（需要 SDRplay API 服务）,display.enum,shared-ui-label-resource,
display.enum.no_rx_888_found_press_rescan,No RX-888 found — press Rescan,未发现 RX-888，请点击“重新扫描”,display.enum,shared-ui-label-resource,
display.enum.noise_blanker,Noise blanker,脉冲噪声消隐,display.enum,shared-ui-label-resource,
display.enum.noise_reduction_cycle,Noise reduction (cycle),降噪（循环切换）,display.enum,shared-ui-label-resource,
display.enum.none,— none —,— 无 —,display.enum,shared-ui-label-resource,
display.enum.none_dc937b59,None,无,display.enum,shared-ui-label-resource,
display.enum.none_usb_control_only,— none (USB control only) —,— 无（仅 USB 控制）—,display.enum,shared-ui-label-resource,
display.enum.normal,Normal,正常,display.enum,shared-ui-label-resource,
display.enum.not_enumerated_yet_press_rescan,Not enumerated yet — press Rescan.,尚未枚举设备，请点击“重新扫描”。,display.enum,shared-ui-label-resource,
display.enum.notch_filter,Notch filter,陷波滤波器,display.enum,shared-ui-label-resource,
display.enum.notches,Notches,陷波,display.enum,shared-ui-label-resource,
display.enum.note,Note,音符,display.enum,shared-ui-label-resource,
display.enum.nothing,Nothing,无操作,display.enum,shared-ui-label-resource,
display.enum.off,Off,关闭,display.enum,shared-ui-label-resource,
display.enum.off_while_converting,Off while converting,变频时禁止发射,display.enum,shared-ui-label-resource,
display.enum.on,On,开启,display.enum,shared-ui-label-resource,
display.enum.open_collector_outputs_by_band,Open-collector outputs by band,各波段的开集电极输出,display.enum,shared-ui-label-resource,
display.enum.other,Other,其他,display.enum,shared-ui-label-resource,
display.enum.outbox,OUTBOX,发件箱,display.enum,shared-ui-label-resource,
display.enum.outputs_asserted,Outputs asserted,置为有效的输出,display.enum,shared-ui-label-resource,
display.enum.overload_protection,Overload protection,过载保护,display.enum,shared-ui-label-resource,
display.enum.panadapter_bw,Panadapter BW,频谱显示带宽,display.enum,shared-ui-label-resource,
display.enum.panadapter_width,Panadapter width,频谱显示宽度,display.enum,shared-ui-label-resource,
display.enum.parity,Parity,奇偶校验,display.enum,shared-ui-label-resource,
display.enum.password,Password,密码,display.enum,shared-ui-label-resource,
display.enum.peak_hold,Peak hold,峰值保持,display.enum,shared-ui-label-resource,
display.enum.pitch_bend,Pitch bend,弯音,display.enum,shared-ui-label-resource,
display.enum.poll_rate,Poll rate,轮询频率,display.enum,shared-ui-label-resource,
display.enum.power_amplifier,Power amplifier,功率放大器,display.enum,shared-ui-label-resource,
display.enum.powers_an_active_antenna_or_preamp_down_the_coax,Powers an active antenna or preamp down the coax.,通过同轴馈线为有源天线或前置放大器供电。,display.enum,shared-ui-label-resource,
display.enum.pre_selection_filters,Pre-selection filters,预选滤波器,display.enum,shared-ui-label-resource,
display.enum.preamp,Preamp,前置放大器,display.enum,shared-ui-label-resource,
display.enum.press_apply_to_reopen_the_radio,Press Apply to reopen the radio.,点击“应用”重新打开电台。,display.enum,shared-ui-label-resource,
display.enum.press_rescan_to_list_the_sound_cards,press Rescan to list the sound cards,点击“重新扫描”列出声卡,display.enum,shared-ui-label-resource,
display.enum.program,Program,音色切换,display.enum,shared-ui-label-resource,
display.enum.ptt_method,PTT method,PTT 方式,display.enum,shared-ui-label-resource,
display.enum.ptt_pins,PTT pins,PTT 引脚,display.enum,shared-ui-label-resource,
display.enum.radio,Radio,电台,display.enum,shared-ui-label-resource,
display.enum.radio_address,Radio address,电台地址,display.enum,shared-ui-label-resource,
display.enum.radio_audio_sound_card,Radio audio (sound card),电台音频（声卡）,display.enum,shared-ui-label-resource,
display.enum.radio_controlled,Radio controlled,由电台控制,display.enum,shared-ui-label-resource,
display.enum.radio_id_hex,Radio ID (hex),电台 ID（十六进制）,display.enum,shared-ui-label-resource,
display.enum.radio_model,Radio model,电台型号,display.enum,shared-ui-label-resource,
display.enum.radio_power,Radio power,电台电源,display.enum,shared-ui-label-resource,
display.enum.radios,Radios,电台,display.enum,shared-ui-label-resource,
display.enum.randomiser,Randomiser,随机化器,display.enum,shared-ui-label-resource,
display.enum.range,RANGE,频率范围,display.enum,shared-ui-label-resource,
display.enum.read_from_this_receiver,read from this receiver,从当前接收机读取,display.enum,shared-ui-label-resource,
display.enum.read_only,Read only,只读,display.enum,shared-ui-label-resource,
display.enum.recall_memory_n,Recall memory {n},调用记忆信道 {n},display.enum,shared-ui-label-resource,
display.enum.receive,Receive,接收,display.enum,shared-ui-label-resource,
display.enum.receive_antenna,Receive antenna,接收天线,display.enum,shared-ui-label-resource,
display.enum.receive_attenuator,Receive attenuator,接收衰减器,display.enum,shared-ui-label-resource,
display.enum.receive_chain,Receive chain,接收链,display.enum,shared-ui-label-resource,
display.enum.receive_connector,Receive connector,接收接口,display.enum,shared-ui-label-resource,
display.enum.receive_from,Receive from,接收来源,display.enum,shared-ui-label-resource,
display.enum.receive_gain,Receive gain,接收增益,display.enum,shared-ui-label-resource,
display.enum.receive_port,Receive port,接收端口,display.enum,shared-ui-label-resource,
display.enum.receive_radio_pc,Receive (radio → PC),接收（电台 → 电脑）,display.enum,shared-ui-label-resource,
display.enum.receiver,Receiver,接收机,display.enum,shared-ui-label-resource,
display.enum.receiver_address,Receiver address,接收机地址,display.enum,shared-ui-label-resource,
display.enum.receiver_agc,Receiver AGC,接收机 AGC,display.enum,shared-ui-label-resource,
display.enum.receiver_ddc,Receiver (DDC),接收机（DDC）,display.enum,shared-ui-label-resource,
display.enum.reconnects_the_radio_without_restarting,Reconnects the radio without restarting.,重新连接电台，无需重启。,display.enum,shared-ui-label-resource,
display.enum.record_on_off,Record on/off,录制开关,display.enum,shared-ui-label-resource,
display.enum.reference_out,Reference out,参考时钟输出,display.enum,shared-ui-label-resource,
display.enum.relays,Relays,继电器,display.enum,shared-ui-label-resource,
display.enum.remembered_for_the_next_start,Remembered for the next start.,保存供下次启动使用。,display.enum,shared-ui-label-resource,
display.enum.remove_dc_and_the_mirror_image,Remove DC and the mirror image,消除直流及镜像,display.enum,shared-ui-label-resource,
display.enum.remove_the_centre_spike_and_mirror_image,Remove the centre spike and mirror image,消除中心尖峰及镜像,display.enum,shared-ui-label-resource,
display.enum.reopen_the_cat_rig_with_these_sound_cards_no_restart,Reopen the CAT rig with these sound cards — no restart,使用这些声卡重新打开 CAT 电台，无需重启,display.enum,shared-ui-label-resource,
display.enum.reopen_the_radio_with_these_sound_cards_no_restart,Reopen the radio with these sound cards — no restart,使用这些声卡重新打开电台，无需重启,display.enum,shared-ui-label-resource,
display.enum.repeat_last_announcement,Repeat last announcement,重复最近一次播报,display.enum,shared-ui-label-resource,
display.enum.rescan,Rescan,重新扫描,display.enum,shared-ui-label-resource,
display.enum.restart,Restart,重新启动,display.enum,shared-ui-label-resource,
display.enum.rf_amp,RF amp,射频放大器,display.enum,shared-ui-label-resource,
display.enum.rf_input,RF input,射频输入,display.enum,shared-ui-label-resource,
display.enum.rig_control_fdm_duo_only,Rig control — FDM-DUO only,电台控制，仅适用于 FDM-DUO,display.enum,shared-ui-label-resource,
display.enum.rig_keyer,Rig keyer,电台键控器,display.enum,shared-ui-label-resource,
display.enum.rit_clear,RIT clear,清除 RIT,display.enum,shared-ui-label-resource,
display.enum.rit_offset,RIT offset,RIT 偏移,display.enum,shared-ui-label-resource,
display.enum.rit_on_off,RIT on/off,RIT 开关,display.enum,shared-ui-label-resource,
display.enum.run_both_tuners,Run both tuners,同时运行两个调谐器,display.enum,shared-ui-label-resource,
display.enum.rx_gain,RX gain,接收增益,display.enum,shared-ui-label-resource,
display.enum.rx_gains,RX gains,接收增益,display.enum,shared-ui-label-resource,
display.enum.rx_only,RX only,仅接收,display.enum,shared-ui-label-resource,
display.enum.rx_tx_port,RX / TX port,接收／发射端口,display.enum,shared-ui-label-resource,
display.enum.same_as_the_first,Same as the first,与第一项相同,display.enum,shared-ui-label-resource,
display.enum.sample_format,Sample format,采样格式,display.enum,shared-ui-label-resource,
display.enum.sample_rate,Sample rate,采样率,display.enum,shared-ui-label-resource,
display.enum.scope_span,Scope span,频谱范围,display.enum,shared-ui-label-resource,
display.enum.sdrplay_server_rsp_tcp,SDRplay server (rsp_tcp),SDRplay 服务器（rsp_tcp）,display.enum,shared-ui-label-resource,
display.enum.second_aerial,Second aerial,第二副天线,display.enum,shared-ui-label-resource,
display.enum.second_tuner,Second tuner,第二个调谐器,display.enum,shared-ui-label-resource,
display.enum.select,— select —,— 请选择 —,display.enum,shared-ui-label-resource,
display.enum.select_vfo,Select VFO {},选择 VFO {},display.enum,shared-ui-label-resource,
display.enum.send_command,Send command,发送命令,display.enum,shared-ui-label-resource,
display.enum.sent,SENT,已发送,display.enum,shared-ui-label-resource,
display.enum.serial_port,Serial port,串口,display.enum,shared-ui-label-resource,
display.enum.server_address,Server address,服务器地址,display.enum,shared-ui-label-resource,
display.enum.settings_window,Settings window,设置窗口,display.enum,shared-ui-label-resource,
display.enum.show,Show,显示,display.enum,shared-ui-label-resource,
display.enum.slow,Slow,慢,display.enum,shared-ui-label-resource,
display.enum.somewhere_else,Somewhere else,其他位置,display.enum,shared-ui-label-resource,
display.enum.sound_card,Sound card,声卡,display.enum,shared-ui-label-resource,
display.enum.sound_format,Sound format,音频格式,display.enum,shared-ui-label-resource,
display.enum.speak_status,Speak status,播报状态,display.enum,shared-ui-label-resource,
display.enum.spectrum_ceiling,Spectrum ceiling,频谱电平上限,display.enum,shared-ui-label-resource,
display.enum.spectrum_floor,Spectrum floor,频谱电平下限,display.enum,shared-ui-label-resource,
display.enum.spectrum_pan,Spectrum pan,频谱平移,display.enum,shared-ui-label-resource,
display.enum.spectrum_zoom,Spectrum zoom,频谱缩放,display.enum,shared-ui-label-resource,
display.enum.speech,Speech,语音,display.enum,shared-ui-label-resource,
display.enum.split,Split,异频收发,display.enum,shared-ui-label-resource,
display.enum.spots_window,Spots window,通报窗口,display.enum,shared-ui-label-resource,
display.enum.squelch,Squelch,静噪,display.enum,shared-ui-label-resource,
display.enum.station_name,Station name,本站名称,display.enum,shared-ui-label-resource,
display.enum.stop_bits,Stop bits,停止位,display.enum,shared-ui-label-resource,
display.enum.stop_speaking,Stop speaking,停止播报,display.enum,shared-ui-label-resource,
display.enum.stopping,stopping…,正在停止…,display.enum,shared-ui-label-resource,
display.enum.stream,Stream,数据流,display.enum,shared-ui-label-resource,
display.enum.stream_delay,Stream delay,数据流延迟,display.enum,shared-ui-label-resource,
display.enum.strip_db_window,Strip dB window,显示条电平范围（dB）,display.enum,shared-ui-label-resource,
display.enum.sub_receiver,Sub receiver,副接收机,display.enum,shared-ui-label-resource,
display.enum.sub_rx_volume,Sub-RX volume,副接收机音量,display.enum,shared-ui-label-resource,
display.enum.swap_a_b,Swap A↔B,交换 A↔B,display.enum,shared-ui-label-resource,
display.enum.swap_i_q,Swap I/Q,交换 I/Q,display.enum,shared-ui-label-resource,
display.enum.switch_modulation_input_to_lan,Switch modulation input to LAN,将调制输入切换到局域网,display.enum,shared-ui-label-resource,
display.enum.system_default,— system default —,— 系统默认 —,display.enum,shared-ui-label-resource,
display.enum.system_default_b0459211,System default,系统默认,display.enum,shared-ui-label-resource,
display.enum.table_steps,Table steps,增益表步数,display.enum,shared-ui-label-resource,
display.enum.test_connection,Test connection,测试连接,display.enum,shared-ui-label-resource,
display.enum.testing,Testing…,正在测试…,display.enum,shared-ui-label-resource,
display.enum.this_driver_publishes_no_settings_of_its_own,This driver publishes no settings of its own.,此驱动未提供独立设置项。,display.enum,shared-ui-label-resource,
display.enum.this_rig_has_no_software_adjustable_gains,This rig has no software-adjustable gains.,此电台没有可通过软件调整的增益。,display.enum,shared-ui-label-resource,
display.enum.through_the_same_converter,Through the same converter,通过同一变频器,display.enum,shared-ui-label-resource,
display.enum.timed,TIMED,定时,display.enum,shared-ui-label-resource,
display.enum.to_radio_tx,To radio (TX),送往电台（发射）,display.enum,shared-ui-label-resource,
display.enum.toggle,Toggle,单击切换,display.enum,shared-ui-label-resource,
display.enum.tone,Tone,提示音,display.enum,shared-ui-label-resource,
display.enum.tone_voice,Tone + voice,提示音 + 语音,display.enum,shared-ui-label-resource,
display.enum.transmit,Transmit,发射,display.enum,shared-ui-label-resource,
display.enum.transmit_audio,Transmit audio,发射音频,display.enum,shared-ui-label-resource,
display.enum.transmit_buffer,Transmit buffer,发射缓冲区,display.enum,shared-ui-label-resource,
display.enum.transmit_connector,Transmit connector,发射接口,display.enum,shared-ui-label-resource,
display.enum.transmit_gain,Transmit gain,发射增益,display.enum,shared-ui-label-resource,
display.enum.transmit_input,Transmit input,发射输入,display.enum,shared-ui-label-resource,
display.enum.transmit_pc_radio_mic,Transmit (PC → radio mic),发射（电脑 → 电台麦克风）,display.enum,shared-ui-label-resource,
display.enum.transmit_port,Transmit port,发射端口,display.enum,shared-ui-label-resource,
display.enum.transmitter,Transmitter,发射机,display.enum,shared-ui-label-resource,
display.enum.triplet,Triplet,三音,display.enum,shared-ui-label-resource,
display.enum.tune,Tune,调谐,display.enum,shared-ui-label-resource,
display.enum.tune_carrier,TUNE carrier,调谐载波,display.enum,shared-ui-label-resource,
display.enum.tune_drive,Tune drive,调谐载波激励,display.enum,shared-ui-label-resource,
display.enum.tune_vfo,Tune VFO,调谐 VFO,display.enum,shared-ui-label-resource,
display.enum.tuner,Tuner,调谐器,display.enum,shared-ui-label-resource,
display.enum.tuner_agc,Tuner AGC,调谐器 AGC,display.enum,shared-ui-label-resource,
display.enum.tuner_gain,Tuner gain,调谐器增益,display.enum,shared-ui-label-resource,
display.enum.tuning,Tuning,调谐,display.enum,shared-ui-label-resource,
display.enum.two_tone,Two-tone,双音,display.enum,shared-ui-label-resource,
display.enum.tx_drive,TX drive,发射激励,display.enum,shared-ui-label-resource,
display.enum.tx_gain,TX gain,发射增益,display.enum,shared-ui-label-resource,
display.enum.tx_gains,TX gains,发射增益,display.enum,shared-ui-label-resource,
display.enum.tx_vga_gain,TX VGA gain,发射 VGA 增益,display.enum,shared-ui-label-resource,
display.enum.usb_audio,USB audio,USB 音频,display.enum,shared-ui-label-resource,
display.enum.used_for,Used for,用途,display.enum,shared-ui-label-resource,
display.enum.vfo_a_b_toggle,VFO A/B toggle,切换 VFO A／B,display.enum,shared-ui-label-resource,
display.enum.vga_gain,VGA gain,VGA 增益,display.enum,shared-ui-label-resource,
display.enum.vhf_tuner_gain,VHF tuner gain,VHF 调谐器增益,display.enum,shared-ui-label-resource,
display.enum.view_only,View only,仅查看,display.enum,shared-ui-label-resource,
display.enum.voice,Voice,语音,display.enum,shared-ui-label-resource,
display.enum.voice_keyer_slot,Voice keyer slot {},语音键控器槽位 {},display.enum,shared-ui-label-resource,
display.enum.voice_keyer_stop,Voice keyer stop,停止语音键控器,display.enum,shared-ui-label-resource,
display.enum.voice_keyer_window,Voice keyer window,语音键控器窗口,display.enum,shared-ui-label-resource,
display.enum.warble,Warble,颤音,display.enum,shared-ui-label-resource,
display.enum.what_to_do_with_it,What to do with it,处理方式,display.enum,shared-ui-label-resource,
display.enum.whole_band,whole band,整个波段,display.enum,shared-ui-label-resource,
display.enum.wind_the_gain_back_when_the_adc_overflows,Wind the gain back when the ADC overflows,ADC 溢出时降低增益,display.enum,shared-ui-label-resource,
display.enum.windows,Windows,窗口,display.enum,shared-ui-label-resource,
display.enum.xit_clear,XIT clear,清除 XIT,display.enum,shared-ui-label-resource,
display.enum.xit_offset,XIT offset,XIT 偏移,display.enum,shared-ui-label-resource,
display.enum.xit_on_off,XIT on/off,XIT 开关,display.enum,shared-ui-label-resource,
display.enum.zero_the_filter_and_find_the_null_again,Zero the filter and find the null again.,将滤波器归零，重新寻找消零点。,display.enum,shared-ui-label-resource,
display.enum.zoom,Zoom,缩放,display.enum,shared-ui-label-resource,
display.enum.zoom_in,Zoom in,放大,display.enum,shared-ui-label-resource,
display.enum.zoom_out,Zoom out,缩小,display.enum,shared-ui-label-resource,
display.font_size.large,Large,大,display.enums,display-helper-adapted,crates/sdroxide-types/src/ui.rs:232
display.font_size.medium,Medium,中,display.enums,display-helper-adapted,crates/sdroxide-types/src/ui.rs:231
display.font_size.small,Small,小,display.enums,display-helper-adapted,crates/sdroxide-types/src/ui.rs:230
display.layout.auto,Auto,自动,display.enums,display-helper-adapted,crates/sdroxide-types/src/ui.rs:280
display.layout.desktop,Desktop,桌面,display.enums,display-helper-adapted,crates/sdroxide-types/src/ui.rs:281
display.layout.phone,Phone,手机,display.enums,display-helper-adapted,crates/sdroxide-types/src/ui.rs:284
display.layout.small_screen,Small screen,小屏幕,display.enums,display-helper-adapted,crates/sdroxide-types/src/ui.rs:283
display.layout.tablet,Tablet,平板,display.enums,display-helper-adapted,crates/sdroxide-types/src/ui.rs:282
display.login.0475943cb4ff,login rejected (LoTW returned its log-on page),登录被拒绝（LoTW 返回了登录页面）,display.login,shared-ui-label-resource,
display.login.1bd18f1d181a,key accepted{who},密钥验证通过{who},display.login,shared-ui-label-resource,
display.login.24405ee8d426,key rejected,密钥被拒绝,display.login,shared-ui-label-resource,
display.login.34d88e647bf5,unexpected reply; check the login and password,收到意外回复；请检查登录信息和密码,display.login,shared-ui-label-resource,
display.login.378f50028080,signed in as {},已登录：{},display.login,shared-ui-label-resource,
display.login.3b42f3388d3b,login rejected,登录被拒绝,display.login,shared-ui-label-resource,
display.login.3f12b01df4a1,"key accepted{who}, but this account has no default logbook — set one in World Radio League, or contacts will be refused",密钥验证通过{who}，但此账号没有默认日志簿；请在 World Radio League 中设置，否则通联记录将被拒绝,display.login,shared-ui-label-resource,
display.login.58fcde49458e,"{call}, {n} QSOs",{call}，{n} 次通联,display.login,shared-ui-label-resource,
display.login.6540e6c72b37,unexpected reply; check the username and password,收到意外回复；请检查用户名和密码,display.login,shared-ui-label-resource,
display.login.6aff224a8492,login not set,尚未设置登录信息,display.login,shared-ui-label-resource,
display.login.74d36c8dc1d1,username/password not set,尚未设置用户名或密码,display.login,shared-ui-label-resource,
display.login.8ad60add738b, as {call},，账号：{call},display.login,shared-ui-label-resource,
display.login.b69bd4b919ff,{call}: account accepted (API key not checked),{call}：账号验证通过（未检查 API 密钥）,display.login,shared-ui-label-resource,
display.login.dc8ad7167bef,HamQTH login failed,HamQTH 登录失败,display.login,shared-ui-label-resource,
display.login.f058ef472342,API key not set,尚未设置 API 密钥,display.login,shared-ui-label-resource,
display.login.fa1b1d463569,station callsign not set,尚未设置电台呼号,display.login,shared-ui-label-resource,
display.login.fdb1b150e87e,email/password not set,尚未设置邮箱或密码,display.login,shared-ui-label-resource,
display.login.wrl.2e97e766209c,WRL: this key is not allowed to log contacts{},WRL：此密钥没有记录通联的权限{},display.login.wrl,shared-ui-label-resource,
display.login.wrl.521d36934c88,WRL: already logged,WRL：已记录此通联,display.login.wrl,shared-ui-label-resource,
display.login.wrl.7ffaa3c98b48,WRL: the contact was rejected{},WRL：通联记录被拒绝{},display.login.wrl,shared-ui-label-resource,
display.login.wrl.89f15243971e,WRL: the API key was rejected — generate a fresh one in World Radio League under              Integrations → Developer API,WRL：API 密钥被拒绝；请在 World Radio League 的 Integrations（集成）→ Developer API（开发者 API）中重新生成密钥,display.login.wrl,shared-ui-label-resource,
display.login.wrl.9b92f9c28752,"WRL: this account has several logbooks and no default one — set a default in World              Radio League, and contacts will go there",WRL：此账号有多个日志簿，但尚未设置默认日志簿；请在 World Radio League 中设置默认项，通联记录将保存到该日志簿,display.login.wrl,shared-ui-label-resource,
display.login.wrl.ca969ef9a2d1,WRL: rate limited — try again shortly{},WRL：请求过于频繁；请稍后重试{},display.login.wrl,shared-ui-label-resource,
display.navtex.subject.01c03dbd3621,Pilot service,引航服务,display.navtex.subject,shared-ui-label-resource,
display.navtex.subject.06e7fc653104,Navigational warning (additional),航行警告（补充）,display.navtex.subject,shared-ui-label-resource,
display.navtex.subject.1f02f6af4e45,Navigational warning,航行警告,display.navtex.subject,shared-ui-label-resource,
display.navtex.subject.1f99c1cc7e13,Meteorological warning,气象警告,display.navtex.subject,shared-ui-label-resource,
display.navtex.subject.20abe4d9edba,No messages on hand,暂无待播报消息,display.navtex.subject,shared-ui-label-resource,
display.navtex.subject.44993af4ab5c,Other electronic navaid,其他电子导航设施,display.navtex.subject,shared-ui-label-resource,
display.navtex.subject.4c9eac9b08a3,Ice report,海冰报告,display.navtex.subject,shared-ui-label-resource,
display.navtex.subject.acb32124568b,Search and rescue,搜寻与救援,display.navtex.subject,shared-ui-label-resource,
display.navtex.subject.b764cdc0eab7,Unknown,未知,display.navtex.subject,shared-ui-label-resource,
display.navtex.subject.f3bfbaec3b57,Test transmission,测试广播,display.navtex.subject,shared-ui-label-resource,
display.navtex.subject.f62219fe1d50,Special service,特殊业务,display.navtex.subject,shared-ui-label-resource,
display.navtex.subject.f9577ef5416e,Meteorological forecast,气象预报,display.navtex.subject,shared-ui-label-resource,
display.notice.0267012b2527,could not start the Morse audio thread: {e},无法启动莫尔斯音频线程：{e},display.notice,shared-ui-label-resource,
display.notice.060cc4f37c91,Could not add a radio: {e},无法添加电台：{e},display.notice,shared-ui-label-resource,
display.notice.120315a88a45,No enabled subscriptions to update.,没有需要更新的已启用订阅。,display.notice,shared-ui-label-resource,
display.notice.120da7662fc7,enter the radio's address first,请先输入电台地址,display.notice,shared-ui-label-resource,
display.notice.12c225fd6b3d,A frequency entry needs the satellite's NORAD catalogue number.,频率条目需要填写卫星的 NORAD 编号。,display.notice,shared-ui-label-resource,
display.notice.13e2ab4de5db,no audio output: {e},没有可用的音频输出：{e},display.notice,shared-ui-label-resource,
display.notice.236204799161,"no radio selected — press Discover, or enter an address",尚未选择电台，请点击“发现设备”或输入地址,display.notice,shared-ui-label-resource,
display.notice.26934301b207,{name} was closed at the station.,远程站已关闭 {name}。,display.notice,shared-ui-label-resource,
display.notice.327d969ebd77,reading {}: {e},读取 {} 时出错：{e},display.notice,shared-ui-label-resource,
display.notice.34f5640b50ff,Loading the voice…,正在加载语音模型…,display.notice,shared-ui-label-resource,
display.notice.37a8eec1ce19,default,系统默认,display.notice,shared-ui-label-resource,
display.notice.452bc3ee3147,the browser could not read that file,浏览器无法读取该文件,display.notice,shared-ui-label-resource,
display.notice.465811e278b3,Could not open {}: {e},无法打开 {}：{e},display.notice,shared-ui-label-resource,
display.notice.490e027c6d27,Nothing in the paste box looked like an element set.,粘贴框中没有可识别的轨道根数。,display.notice,shared-ui-label-resource,
display.notice.4dae991f4bd6,Added {n} element set(s).,已添加 {n} 组轨道根数。,display.notice,shared-ui-label-resource,
display.notice.56f25d06fc87,Voice: {v},语音模型：{v},display.notice,shared-ui-label-resource,
display.notice.58f7837aeaef,Updated {} of {n}; {f} failed — see the rows above.,已更新 {} 项（共 {n} 项）；{f} 项失败 — 请查看上方各行。,display.notice,shared-ui-label-resource,
display.notice.5f78bb19b24b,"Transmitting, but this client's microphone is producing no audio at all — nothing is being modulated. In a browser, check that the page was allowed the microphone and that no other application holds it.",正在发射，但本客户端的麦克风完全没有音频输出，未产生任何调制。在浏览器中，请检查是否已允许页面使用麦克风，以及麦克风是否被其他应用占用。,display.notice,shared-ui-label-resource,
display.notice.6437d1633711,Speech is unavailable: {e},语音不可用：{e},display.notice,shared-ui-label-resource,
display.notice.643d88962114,alarm device unavailable: {e},报警音频设备不可用：{e},display.notice,shared-ui-label-resource,
display.notice.6e82d11c1262,"enter the receiver's address first, or pick one from Public SDRs",请先输入接收机地址，或从“公共 SDR”中选择一台,display.notice,shared-ui-label-resource,
display.notice.746e2950c3bf,Subscribed to {}. Press UPDATE NOW to fetch it.,已订阅 {}。请点击“立即更新”获取数据。,display.notice,shared-ui-label-resource,
display.notice.784aaff32081,Asked the station for another radio…,已请求远程站添加电台…,display.notice,shared-ui-label-resource,
display.notice.851adf46e22e,This client cannot open a connection.,此客户端无法建立连接。,display.notice,shared-ui-label-resource,
display.notice.87a549a7e718,alarming on {d},报警声音输出到 {d},display.notice,shared-ui-label-resource,
display.notice.8880f18e709a,{label} has a tab of its own now.,已为 {label} 打开独立标签页。,display.notice,shared-ui-label-resource,
display.notice.8ce6a2539361,server busy — another client is connected,服务器忙：已有其他客户端连接,display.notice,shared-ui-label-resource,
display.notice.924e2664a029,could not start the alert thread,无法启动报警音频线程,display.notice,shared-ui-label-resource,
display.notice.98bff86ec953,Added {} and refreshed {r} element set(s).,已添加 {} 组并更新 {r} 组轨道根数。,display.notice,shared-ui-label-resource,
display.notice.99cf86de6906,enter the server's address first,请先输入服务器地址,display.notice,shared-ui-label-resource,
display.notice.c4184e00d8d7,protocol error: {e},协议错误：{e},display.notice,shared-ui-label-resource,
display.notice.c6bc34138c76,connection closed,连接已关闭,display.notice,shared-ui-label-resource,
display.notice.c804add31bf3,Updated {n} subscription(s): {total} satellites.,已更新 {n} 项订阅：共 {total} 颗卫星。,display.notice,shared-ui-label-resource,
display.notice.ec3114af1c8b,Fetching subscriptions…,正在更新订阅…,display.notice,shared-ui-label-resource,
display.notice.f2f6804f39fd,Dialling {}…,正在连接 {}…,display.notice,shared-ui-label-resource,
display.notice.f6b0039fd823,the browser client cannot speak yet,浏览器客户端暂不支持语音播报,display.notice,shared-ui-label-resource,
display.packet.state.04dfac3671b4,Disconnected,已断开,display.packet.state,shared-ui-label-resource,
display.packet.state.22965568d22a,Connected,已连接,display.packet.state,shared-ui-label-resource,
display.packet.state.34b50d651b47,AwaitingRelease,等待断开,display.packet.state,shared-ui-label-resource,
display.packet.state.3ff02b4bfc61,TimerRecovery,定时器恢复,display.packet.state,shared-ui-label-resource,
display.packet.state.fef63a4016ac,AwaitingConnection,等待连接,display.packet.state,shared-ui-label-resource,
display.panel.novelty.52f1b54ce34b,BAND,新波段,display.panel.novelty,shared-ui-label-resource,
display.panel.novelty.62d269fc598a,DXCC,新实体,display.panel.novelty,shared-ui-label-resource,
display.panel.novelty.a253ff09c5a8,NEW,新呼号,display.panel.novelty,shared-ui-label-resource,
display.panel.novelty.e7404b86c92a,GRID,新网格,display.panel.novelty,shared-ui-label-resource,
display.panel.novelty.fd609d6c267c,DUPE,重复,display.panel.novelty,shared-ui-label-resource,
display.panel.tab.0e65864fb9cf,HEARD,已听见,display.panel.tab,shared-ui-label-resource,
display.panel.tab.20463940d39b,TRAFFIC,通信记录,display.panel.tab,shared-ui-label-resource,
display.panel.tab.2a8eaacaedc6,SEND,发送,display.panel.tab,shared-ui-label-resource,
display.panel.tab.2b1427e1ef67,MESSAGES,消息,display.panel.tab,shared-ui-label-resource,
display.panel.tab.4ad88f744050,RECEIVE,接收,display.panel.tab,shared-ui-label-resource,
display.panel.tab.4cadfa4c113f,SPOTS,报告,display.panel.tab,shared-ui-label-resource,
display.panel.tab.4cf644d78bfc,MAP,地图,display.panel.tab,shared-ui-label-resource,
display.panel.tab.5eba0926cedd,PANEL,面板,display.panel.tab,shared-ui-label-resource,
display.panel.tab.6b3cf57c7b13,IMAGE,图像,display.panel.tab,shared-ui-label-resource,
display.panel.tab.791930d3f806,STATIONS,电台,display.panel.tab,shared-ui-label-resource,
display.panel.tab.8129b9d40771,READING,阅读,display.panel.tab,shared-ui-label-resource,
display.panel.tab.8c2e4a035f5f,STATUS,状态,display.panel.tab,shared-ui-label-resource,
display.panel.tab.90a94cc5f296,MONITOR,监听,display.panel.tab,shared-ui-label-resource,
display.panel.tab.9da4a42a1bfe,DECODES,解码,display.panel.tab,shared-ui-label-resource,
display.panel.tab.a3201958b4e6,AIRCRAFT,飞机,display.panel.tab,shared-ui-label-resource,
display.panel.tab.b405902f48c1,VESSELS,船舶,display.panel.tab,shared-ui-label-resource,
display.panel.tab.c92b9e232bff,WFALL,瀑布图,display.panel.tab,shared-ui-label-resource,
display.panel.tab.d0cda4072c67,TERMINAL,终端,display.panel.tab,shared-ui-label-resource,
display.panel.tab.d10036cce39b,SAVED,已保存,display.panel.tab,shared-ui-label-resource,
display.panel.tab.d8f65e96e482,CHAT,聊天,display.panel.tab,shared-ui-label-resource,
display.panel.tab.da1a5f2a29a8,QSO,通联,display.panel.tab,shared-ui-label-resource,
display.panel.tab.e3cad4a1456b,CHART,图表,display.panel.tab,shared-ui-label-resource,
display.panel.tab.e4ba216b53e6,TEXT,文本,display.panel.tab,shared-ui-label-resource,
display.panel.tab.faff10f777c0,FILES,文件,display.panel.tab,shared-ui-label-resource,
display.picker.filter.1aa4cb0bcca7,Image,图像,display.picker.filter,shared-ui-label-resource,
display.rds.0286249762f7,Auto,自动,display.rds,shared-ui-label-resource,
display.rds.05f00f61bbd7,College,大学广播,display.rds,shared-ui-label-resource,
display.rds.09f2c131f1d7,Pop Music,流行音乐,display.rds,shared-ui-label-resource,
display.rds.0bd9cec57e50,Band,乐队,display.rds,shared-ui-label-resource,
display.rds.1399d4c2a4fb,Phone In,听众来电,display.rds,shared-ui-label-resource,
display.rds.14116bf4372e,Conductor,指挥,display.rds,shared-ui-label-resource,
display.rds.14723897eca7,RDS,RDS（国际）,display.rds,shared-ui-label-resource,
display.rds.14d33bd014e6,Unassigned,未分配,display.rds,shared-ui-label-resource,
display.rds.15ef9aa9c246,Adult Hits,成人流行金曲,display.rds,shared-ui-label-resource,
display.rds.160f28a421a8,Oldies,怀旧金曲,display.rds,shared-ui-label-resource,
display.rds.17bbae276712,Top 40,热门金曲榜,display.rds,shared-ui-label-resource,
display.rds.1cb0ba125f84,Information,资讯,display.rds,shared-ui-label-resource,
display.rds.1cfe1b0658aa,Religious Talk,宗教谈话节目,display.rds,shared-ui-label-resource,
display.rds.1d3981ba1e18,Artist,演出者,display.rds,shared-ui-label-resource,
display.rds.2898513857d3,Alarm Test,警报测试,display.rds,shared-ui-label-resource,
display.rds.3bdba75f417c,Programme part,节目环节,display.rds,shared-ui-label-resource,
display.rds.3e284681b695,Jazz,爵士音乐,display.rds,shared-ui-label-resource,
display.rds.41797c226f49,Emergency Test,紧急警报测试,display.rds,shared-ui-label-resource,
display.rds.43f1fc2390a4,Documentary,纪录节目,display.rds,shared-ui-label-resource,
display.rds.449f5a775762,Talk,谈话节目,display.rds,shared-ui-label-resource,
display.rds.44f5e3fbec57,Comment,备注,display.rds,shared-ui-label-resource,
display.rds.4538f2dc67b5,Emergency,紧急警报,display.rds,shared-ui-label-resource,
display.rds.45d1a96fc21f,Programme next,下个节目,display.rds,shared-ui-label-resource,
display.rds.47fca483c89c,Composition,作品,display.rds,shared-ui-label-resource,
display.rds.49ba63e89af6,Movement,乐章,display.rds,shared-ui-label-resource,
display.rds.512ab3c6b986,Education,教育,display.rds,shared-ui-label-resource,
display.rds.513b0bb011b8,Rock Music,摇滚音乐,display.rds,shared-ui-label-resource,
display.rds.518924b29f34,National Music,本国音乐,display.rds,shared-ui-label-resource,
display.rds.51d7a2ae4335,Culture,文化,display.rds,shared-ui-label-resource,
display.rds.5226fe8cf4f4,Current Affairs,时事,display.rds,shared-ui-label-resource,
display.rds.522d1f7abdec,Jazz Music,爵士音乐,display.rds,shared-ui-label-resource,
display.rds.5550f80de667,Classical,古典音乐,display.rds,shared-ui-label-resource,
display.rds.591935b15b1c,Public,公共广播,display.rds,shared-ui-label-resource,
display.rds.5964d4672956,Soft,柔和音乐,display.rds,shared-ui-label-resource,
display.rds.69752f2313b2,News,新闻,display.rds,shared-ui-label-resource,
display.rds.6c2d0d8987b1,Spanish Music,西班牙语音乐,display.rds,shared-ui-label-resource,
display.rds.6da795a8664f,Genre,风格,display.rds,shared-ui-label-resource,
display.rds.701d021d08c5,Country,乡村音乐,display.rds,shared-ui-label-resource,
display.rds.7057af450224,Children's Programmes,儿童节目,display.rds,shared-ui-label-resource,
display.rds.7b90ccc95230,Hip Hop,嘻哈音乐,display.rds,shared-ui-label-resource,
display.rds.7e8cd2056da7,Title,曲名,display.rds,shared-ui-label-resource,
display.rds.8bf7f64d046e,Easy Listening,轻松音乐,display.rds,shared-ui-label-resource,
display.rds.929b53d0d628,Rhythm and Blues,节奏布鲁斯,display.rds,shared-ui-label-resource,
display.rds.95a295627e54,Personality,主持人特色节目,display.rds,shared-ui-label-resource,
display.rds.97fdfeadbebe,Soft Rock,轻摇滚,display.rds,shared-ui-label-resource,
display.rds.9a085dd854f0,Sport,体育,display.rds,shared-ui-label-resource,
display.rds.9b1f5daf0a3d,Sports,体育,display.rds,shared-ui-label-resource,
display.rds.9cb2832ca236,Composer,作曲者,display.rds,shared-ui-label-resource,
display.rds.9d948c73e0ad,Science,科学,display.rds,shared-ui-label-resource,
display.rds.9e3391e9bf07,Homepage,主页,display.rds,shared-ui-label-resource,
display.rds.a0bba6381246,Weather,天气,display.rds,shared-ui-label-resource,
display.rds.a9685f946f97,Soft Rhythm and Blues,柔和节奏布鲁斯,display.rds,shared-ui-label-resource,
display.rds.acf8ec407d92,Folk Music,民间音乐,display.rds,shared-ui-label-resource,
display.rds.ad35efae4cd0,Nostalgia,怀旧节目,display.rds,shared-ui-label-resource,
display.rds.ae4dbd7e5a2d,Leisure,休闲,display.rds,shared-ui-label-resource,
display.rds.afe12d8955ad,Oldies Music,怀旧金曲,display.rds,shared-ui-label-resource,
display.rds.b165cc759fa5,Programme now,当前节目,display.rds,shared-ui-label-resource,
display.rds.b66a6eee881f,Station name (short),电台简称,display.rds,shared-ui-label-resource,
display.rds.b696d75511dc,Finance,财经,display.rds,shared-ui-label-resource,
display.rds.b795ab9284ed,Light Classical,轻古典音乐,display.rds,shared-ui-label-resource,
display.rds.b8b073b0242f,Foreign Language,外语节目,display.rds,shared-ui-label-resource,
display.rds.bceec6185b96,Varied,综合节目,display.rds,shared-ui-label-resource,
display.rds.c19c6f274168,Programme host,节目主持人,display.rds,shared-ui-label-resource,
display.rds.c9c427bb4883,RBDS,RBDS（北美）,display.rds,shared-ui-label-resource,
display.rds.cfbe1e6aa131,Country Music,乡村音乐,display.rds,shared-ui-label-resource,
display.rds.d2b98fb53714,Travel,旅行,display.rds,shared-ui-label-resource,
display.rds.da72bf5bbca4,Drama,戏剧,display.rds,shared-ui-label-resource,
display.rds.dc937b598926,None,未指定,display.rds,shared-ui-label-resource,
display.rds.de8de0bd31d4,Track number,曲目编号,display.rds,shared-ui-label-resource,
display.rds.df63a033e91a,Serious Classical,严肃古典音乐,display.rds,shared-ui-label-resource,
display.rds.e0c8bc3d1514,Classic Rock,经典摇滚,display.rds,shared-ui-label-resource,
display.rds.e2661bbd044b,Religious Music,宗教音乐,display.rds,shared-ui-label-resource,
display.rds.eb752fcb49dc,Spanish Talk,西班牙语谈话节目,display.rds,shared-ui-label-resource,
display.rds.ee83bbb1ee30,Other Music,其他音乐,display.rds,shared-ui-label-resource,
display.rds.f05e840e0069,Album,专辑,display.rds,shared-ui-label-resource,
display.rds.f302f0ea1db5,Rock,摇滚音乐,display.rds,shared-ui-label-resource,
display.rds.f3b679573579,Alarm,警报,display.rds,shared-ui-label-resource,
display.rds.f656b8bde170,Social Affairs,社会事务,display.rds,shared-ui-label-resource,
display.rds.f8a52d21e659,Religion,宗教,display.rds,shared-ui-label-resource,
display.rds.ff52103f44c1,Station name (long),电台全称,display.rds,shared-ui-label-resource,
display.receiver.agc.16b2c5623ee5,Med,中,display.receiver.agc,shared-ui-label-resource,
display.receiver.agc.4b2bebbf33ae,Slow,慢,display.receiver.agc,shared-ui-label-resource,
display.receiver.agc.6c582b62e0e5,Fast,快,display.receiver.agc,shared-ui-label-resource,
display.receiver.agc.ca7981b46ecf,Off,关闭,display.receiver.agc,shared-ui-label-resource,
display.receiver.drm.30eda2c13173,acquiring service,正在获取业务信息,display.receiver.drm,shared-ui-label-resource,
display.receiver.drm.46fa3e9fce7e,no signal,无信号,display.receiver.drm,shared-ui-label-resource,
display.receiver.drm.837d59482df7,syncing,正在同步,display.receiver.drm,shared-ui-label-resource,
display.receiver.hd.30eda2c13173,acquiring service,正在获取业务信息,display.receiver.hd,shared-ui-label-resource,
display.receiver.hd.46fa3e9fce7e,no signal,无信号,display.receiver.hd,shared-ui-label-resource,
display.receiver.hd.ba691ba042bc,unavailable,不可用,display.receiver.hd,shared-ui-label-resource,
display.receiver.nr.0df720a1c70a,NR2 Low,NR2 低,display.receiver.nr,shared-ui-label-resource,
display.receiver.nr.11e5824ce8fd,SPEC High,SPEC 高,display.receiver.nr,shared-ui-label-resource,
display.receiver.nr.16b2c5623ee5,Med,中,display.receiver.nr,shared-ui-label-resource,
display.receiver.nr.4e3cee570bc0,SPEC Med,SPEC 中,display.receiver.nr,shared-ui-label-resource,
display.receiver.nr.52bab1255596,DFNR Med,DFNR 中,display.receiver.nr,shared-ui-label-resource,
display.receiver.nr.76df0c6db32d,Mid,中,display.receiver.nr,shared-ui-label-resource,
display.receiver.nr.7b33eb71cf43,DFNR Low,DFNR 低,display.receiver.nr,shared-ui-label-resource,
display.receiver.nr.8e8943401e0c,"RNNoise — neural, speech-trained, cheap",RNNoise — 神经网络，针对语音训练，运算开销低,display.receiver.nr,shared-ui-label-resource,
display.receiver.nr.a8b4af1a353c,"Spectral bleach — adaptive spectral, masked",Spectral bleach — 带掩蔽的自适应频谱降噪,display.receiver.nr,shared-ui-label-resource,
display.receiver.nr.aab5bc0d5e28,Spectral NR — MCRA + log-MMSE,频谱降噪 — MCRA + log-MMSE,display.receiver.nr,shared-ui-label-resource,
display.receiver.nr.b59ae7920ad6,RNN High,RNN 高,display.receiver.nr,shared-ui-label-resource,
display.receiver.nr.c01d591bf349,RNN Low,RNN 低,display.receiver.nr,shared-ui-label-resource,
display.receiver.nr.c053dfff78eb,NR2 High,NR2 高,display.receiver.nr,shared-ui-label-resource,
display.receiver.nr.c4ebc6d4a583,High,高,display.receiver.nr,shared-ui-label-resource,
display.receiver.nr.ca7981b46ecf,Off,关闭,display.receiver.nr,shared-ui-label-resource,
display.receiver.nr.ce9aec162fe2,DFNR High,DFNR 高,display.receiver.nr,shared-ui-label-resource,
display.receiver.nr.cf1f41b3f798,NR2 Med,NR2 中,display.receiver.nr,shared-ui-label-resource,
display.receiver.nr.dc65a7c22985,"NR2 — WDSP's Ephraim-Malah, as PowerSDR and Thetis run it",NR2 — WDSP 的 Ephraim-Malah 算法，与 PowerSDR 和 Thetis 使用的实现相同,display.receiver.nr,shared-ui-label-resource,
display.receiver.nr.debe0ee298e6,RNN Med,RNN 中,display.receiver.nr,shared-ui-label-resource,
display.receiver.nr.ed4bbd5963e3,SPEC Low,SPEC 低,display.receiver.nr,shared-ui-label-resource,
display.receiver.nr.ef6b65dfe40a,"DeepFilterNet3 — neural, strongest, costliest",DeepFilterNet3 — 神经网络，降噪能力最强，运算开销最高,display.receiver.nr,shared-ui-label-resource,
display.receiver.nr.f793de205ead,Low,低,display.receiver.nr,shared-ui-label-resource,
display.receiver.speed.4b2bebbf33ae,Slow,慢,display.receiver.speed,shared-ui-label-resource,
display.receiver.speed.6c582b62e0e5,Fast,快,display.receiver.speed,shared-ui-label-resource,
display.receiver.speed.7ef7a92e55a7,Fastest,最快,display.receiver.speed,shared-ui-label-resource,
display.receiver.speed.8d0160c0d842,Faster,更快,display.receiver.speed,shared-ui-label-resource,
display.receiver.speed.8e588cd18774,Medium,中,display.receiver.speed,shared-ui-label-resource,
display.relay.component.a6345c2272ad,no line,无线路,display.relay.component,shared-ui-label-resource,
display.relay.component.e43ee3f2c8f5,sound-card GPIO,声卡 GPIO,display.relay.component,shared-ui-label-resource,
display.relay.component.fa74c284c1b6,RTS and DTR,RTS 和 DTR,display.relay.component,shared-ui-label-resource,
display.relay.describe.705d5840169c,"external command ""{}""",外部命令“{}”,display.relay.describe,shared-ui-label-resource,
display.relay.describe.783abb82c305,{lines} on {},{lines}，端口：{},display.relay.describe,shared-ui-label-resource,
display.relay.describe.88138e6f5869,{what} pin {} at {},{what} 引脚 {}，位置：{},display.relay.describe,shared-ui-label-resource,
display.relay.describe.9681d2599021,USB HID relay board at {},USB HID 继电器板，位置：{},display.relay.describe,shared-ui-label-resource,
display.relay.describe.9ddc7a7e3abe,{} relay board on {},{} 继电器板，端口：{},display.relay.describe,shared-ui-label-resource,
display.relay.describe.e7e163b7182e,GPIO lines on {},GPIO 线路，位置：{},display.relay.describe,shared-ui-label-resource,
display.relay.error.1363f5500684,"the T/R switch on {path} stopped answering — check the USB cable, and that nothing else has the device open",位于 {path} 的收发切换器停止响应；请检查 USB 线缆，并确认没有其他程序占用设备,display.relay.error,shared-ui-label-resource,
display.relay.error.1794a400bcaf,the T/R switch stopped answering and has been left alone: {0},收发切换器停止响应，已停止操作该设备：{0},display.relay.error,shared-ui-label-resource,
display.relay.error.33d7934c47e6,"the T/R switch replied with {got:?}, which is not an answer to {sent}",收发切换器回复了 {got:?}，此回复不对应请求 {sent},display.relay.error,shared-ui-label-resource,
display.relay.error.3a79ec441c43,T/R switch serial port: {0},收发切换器串口错误：{0},display.relay.error,shared-ui-label-resource,
display.relay.error.479cac9eb581,"permission denied opening the T/R switch at {path} — install the packaged udev rule (60-sdroxide-relay.rules) and replug the device, or add yourself to the group that owns it",打开 {path} 的收发切换器时权限不足；请安装随附的 udev 规则（60-sdroxide-relay.rules）并重新插拔设备，或将当前用户加入拥有该设备的用户组,display.relay.error,shared-ui-label-resource,
display.relay.error.7eca9fdadd65,a GPIO request carries at most {GPIO_V2_LINES_MAX} lines,每个 GPIO 请求最多包含 {GPIO_V2_LINES_MAX} 条线路,display.relay.error,shared-ui-label-resource,
display.relay.error.81de01cde752,a serial RTS/DTR switch has two contacts: 1 is RTS and 2 is DTR,串口 RTS/DTR 切换器有两个触点：1 为 RTS，2 为 DTR,display.relay.error,shared-ui-label-resource,
display.relay.error.86dc4922d470,T/R switch I/O failed: {0},收发切换器输入／输出失败：{0},display.relay.error,shared-ui-label-resource,
display.relay.error.93dd81ecf51b,"no T/R switch found at {key} — it may have been unplugged, or enumerated under a different device node since it was chosen",在 {key} 未找到收发切换器；设备可能已拔出，或在选择后被分配到其他设备节点,display.relay.error,shared-ui-label-resource,
display.relay.error.951ed9982806,channel {ch} is out of range for a {},通道 {ch} 超出了 {} 的有效范围,display.relay.error,shared-ui-label-resource,
display.relay.error.9e89f806e928,channel {ch} is out of range,通道 {ch} 超出有效范围,display.relay.error,shared-ui-label-resource,
display.relay.error.ad325194785f,"GPIO lines are a Linux interface — on this platform use a relay board, an RTS/DTR line, or the external command hook",GPIO 线路接口仅用于 Linux；在当前平台请使用继电器板、RTS/DTR 线路或外部命令接口,display.relay.error,shared-ui-label-resource,
display.relay.error.c30fae3b0d45,a dcttech relay board has at most eight contacts,dcttech 继电器板最多有八个触点,display.relay.error,shared-ui-label-resource,
display.relay.error.df23dbf8732a,no GPIO lines listed for the T/R switch,尚未为收发切换器列出 GPIO 线路,display.relay.error,shared-ui-label-resource,
display.relay.error.e03477bd3999,"USB HID relays and sound-card GPIO are not supported on this platform — use a serial relay board, an RTS/DTR line, or the external command hook",当前平台不支持 USB HID 继电器和声卡 GPIO；请使用串口继电器板、RTS/DTR 线路或外部命令接口,display.relay.error,shared-ui-label-resource,
display.relay.error.f61b1d791ede,cannot open the T/R switch on {path}: {source},无法打开位于 {path} 的收发切换器：{source},display.relay.error,shared-ui-label-resource,
display.relay.refusal.05ecb821b2ce,no GPIO chip chosen for the T/R switch,尚未为收发切换器选择 GPIO 芯片,display.relay.refusal,shared-ui-label-resource,
display.relay.refusal.2becc21dd7a6,T/R switch contact {} is a band decoder and has another job as well,收发切换触点 {} 同时被用作波段译码器和其他用途,display.relay.refusal,shared-ui-label-resource,
display.relay.refusal.35d6a01af588,T/R switch channel number {} is out of range (1–{MAX_CHANNEL}),收发切换通道编号 {} 超出范围（1–{MAX_CHANNEL}）,display.relay.refusal,shared-ui-label-resource,
display.relay.refusal.a06858ae2887,the T/R switch drives contact {highest} but only {} GPIO line(s) are listed,收发切换器需要驱动触点 {highest}，但只列出了 {} 条 GPIO 线路,display.relay.refusal,shared-ui-label-resource,
display.relay.refusal.a285ae5f390b,"a band decoder needs contacts that switch one at a time, and the ""{}"" link is a single on/off",波段译码器需要各触点独立切换，而“{}”连接方式只能整体开关,display.relay.refusal,shared-ui-label-resource,
display.relay.refusal.a6a7e2965603,no T/R switch channel has been given a job,尚未为任何收发切换通道分配用途,display.relay.refusal,shared-ui-label-resource,
display.relay.refusal.bcdc8466f6f2,no transmit command set for the T/R switch,尚未为收发切换器设置发射命令,display.relay.refusal,shared-ui-label-resource,
display.relay.refusal.c23ff7f25430,no device chosen for the T/R switch,尚未为收发切换器选择设备,display.relay.refusal,shared-ui-label-resource,
display.relay.refusal.f470ceb7e684,no serial port chosen for the T/R switch,尚未为收发切换器选择串口,display.relay.refusal,shared-ui-label-resource,
display.relay.sequence.040ec40296af,channel {},通道 {},display.relay.sequence,shared-ui-label-resource,
display.relay.sequence.39a3e11588d8,Key-down: {}. Key-up: {}.,按下发射键：{}。松开发射键：{}。,display.relay.sequence,shared-ui-label-resource,
display.relay.sequence.5b16449a131c,Nothing is switched.,不切换任何触点。,display.relay.sequence,shared-ui-label-resource,
display.relay.sequence.6b6fbf17a901,", then ",，然后 ,display.relay.sequence,shared-ui-label-resource,
display.relay.sequence.84ed2f4e0088,{} at +{} ms,{}：延后 {} ms,display.relay.sequence,shared-ui-label-resource,
display.relay.sequence.b5851b040a5d,{} at −{} ms,{}：提前 {} ms,display.relay.sequence,shared-ui-label-resource,
display.rifp.sender.5106c201914f,unidentified,未识别的发送方,display.rifp.sender,shared-ui-label-resource,
display.satellite.link.02d98c5db46a,FM voice,FM 语音,display.satellite.link,shared-ui-label-resource,
display.satellite.link.100240957771,Mode A transponder,A 模式转发器,display.satellite.link,shared-ui-label-resource,
display.satellite.link.1884d63c85a4,APRS digipeater,APRS 数字中继,display.satellite.link,shared-ui-label-resource,
display.satellite.link.2c103227f52e,NB upper beacon,窄带上端信标,display.satellite.link,shared-ui-label-resource,
display.satellite.link.56f63b0198a2,Mode A beacon,A 模式信标,display.satellite.link,shared-ui-label-resource,
display.satellite.link.849f5e9518b6,FM repeater,FM 中继,display.satellite.link,shared-ui-label-resource,
display.satellite.link.865551da0271,Cross-band repeater,跨波段中继,display.satellite.link,shared-ui-label-resource,
display.satellite.link.8a29cc6cbd68,CW beacon,CW 信标,display.satellite.link,shared-ui-label-resource,
display.satellite.link.903f1970c1d3,WB transponder,宽带转发器,display.satellite.link,shared-ui-label-resource,
display.satellite.link.978cf75f6b20,NB transponder,窄带转发器,display.satellite.link,shared-ui-label-resource,
display.satellite.link.b960614a7528,V/U transponder,V/U 转发器,display.satellite.link,shared-ui-label-resource,
display.satellite.link.c0973e9afb7d,Beacon,信标,display.satellite.link,shared-ui-label-resource,
display.satellite.link.ca96de14d092,NB lower beacon,窄带下端信标,display.satellite.link,shared-ui-label-resource,
display.satellite.link.d9365b5bc421,Mode B beacon,B 模式信标,display.satellite.link,shared-ui-label-resource,
display.satellite.link.e87c57f59542,Telemetry,遥测,display.satellite.link,shared-ui-label-resource,
display.satellite.link.ee18711b55fb,Telemetry / SSDV,遥测 / SSDV,display.satellite.link,shared-ui-label-resource,
display.satellite.link.fd90f9be8d98,U/V transponder,U/V 转发器,display.satellite.link,shared-ui-label-resource,
display.satellite.link.fd9642d1d052,Mode B transponder,B 模式转发器,display.satellite.link,shared-ui-label-resource,
display.satellite.link.ff74c5a7b6c8,Digipeater,数字中继,display.satellite.link,shared-ui-label-resource,
display.satellite.mode.53a01fa6066a,SSB/CW/digital,SSB/CW/数字模式,display.satellite.mode,shared-ui-label-resource,
display.satellite.mode.b02b42c00a0e,{} · inv,{} · 反相,display.satellite.mode,shared-ui-label-resource,
display.satellite.note.13b23e707c5d,uplink 144.490 in ITU regions 2 and 3,ITU 第 2、3 区的上行频率为 144.490 MHz,display.satellite.note,shared-ui-label-resource,
display.satellite.note.198e9a47169b,CTCSS 67.0 Hz on the uplink,上行需使用 67.0 Hz CTCSS 亚音,display.satellite.note,shared-ui-label-resource,
display.satellite.note.20be8969bd14,CTCSS 141.3 Hz; scheduled operation only,CTCSS 亚音为 141.3 Hz；仅按时刻表运行,display.satellite.note,shared-ui-label-resource,
display.satellite.note.27b63e70b843,event-driven; check ARISS,按活动安排播发；请查看 ARISS 公告,display.satellite.note,shared-ui-label-resource,
display.satellite.note.5325e8ec24af,non-inverting; alternates with mode B roughly daily,非反相转发；约每日与 B 模式交替运行,display.satellite.note,shared-ui-label-resource,
display.satellite.note.6f5656eb6943,simplex; path ARISS,单工；路径为 ARISS,display.satellite.note,shared-ui-label-resource,
display.satellite.note.77538cada32d,amateur television,业余电视,display.satellite.note,shared-ui-label-resource,
display.satellite.note.a3f125e1644f,"inverting; LSB up, USB down",反相转发；上行 LSB，下行 USB,display.satellite.note,shared-ui-label-resource,
display.satellite.note.ab8ae1860f53,"inverting; a high, slow orbit, so passes run long",反相转发；轨道较高、运行较慢，因此过境时间较长,display.satellite.note,shared-ui-label-resource,
display.satellite.note.b4e62e306a67,"polar, ~102 min",极轨道；周期约 102 分钟,display.satellite.note,shared-ui-label-resource,
display.satellite.note.c1c14cb0c368,"non-inverting; 2.4 GHz up, 10 GHz down",非反相转发；上行 2.4 GHz，下行 10 GHz,display.satellite.note,shared-ui-label-resource,
display.satellite.note.ddce1f2c5aad,CTCSS 67.0 Hz; arm the 10-minute timer with a 74.4 Hz burst,CTCSS 亚音为 67.0 Hz；用短时 74.4 Hz 亚音启动 10 分钟定时器,display.satellite.note,shared-ui-label-resource,
display.satellite.note.e7754a68b794,inverting,反相转发,display.satellite.note,shared-ui-label-resource,
display.satellite.note.f19224f5502c,"simplex store-and-forward; a MEO orbit, so it is workable for hours",单工存储转发；处于中地球轨道，因此可通联数小时,display.satellite.note,shared-ui-label-resource,
display.satellite.note.f37aafa1ee1f,"inverting; transponder runs in eclipse, telemetry in sunlight",反相转发；地影期间运行转发器，日照期间发送遥测,display.satellite.note,shared-ui-label-resource,
display.satellite.note.fafa09e51b79,CTCSS 67.0 Hz; sunlit passes only,CTCSS 亚音为 67.0 Hz；仅在日照过境期间运行,display.satellite.note,shared-ui-label-resource,
display.shell.link.9c6243a89c72,"Open sdroxide's link to this radio again, where it was left. This does not power the radio: that is PWR.",重新连接 SDRoxide 与此电台，恢复之前的状态。电台电源由“电源（PWR）”控制。,display.shell.link,shared-ui-label-resource,
display.shell.link.fd153703b46d,"Close sdroxide's link to this radio. This is sdroxide's switch, not the rig's: the radio itself stays powered — its own switch is PWR. What is let go of is this end — the device released, a CAT port closed, a network session hung up — so the radio can neither receive nor transmit here. Its settings are kept.",断开 SDRoxide 与此电台的连接。这里控制的是 SDRoxide 的连接；电台本身仍保持供电，其电源由“电源（PWR）”控制。断开后会释放本端设备、关闭 CAT 端口或结束网络会话，因此此处无法再接收或发射。电台设置会保留。,display.shell.link,shared-ui-label-resource,
display.solar.activity.008f0747f4e2,quiet,平静,display.solar.activity,shared-ui-label-resource,
display.solar.activity.3393b41eeeea,extreme,极高,display.solar.activity,shared-ui-label-resource,
display.solar.activity.6c1ff09db3a7,low,低,display.solar.activity,shared-ui-label-resource,
display.solar.activity.6ef7c9b15ecd,high,高,display.solar.activity,shared-ui-label-resource,
display.solar.activity.96879611650f,active,活跃,display.solar.activity,shared-ui-label-resource,
display.solar.activity.dff22754ace5,moderate,中等,display.solar.activity,shared-ui-label-resource,
display.solar.age.4d631fe43036,{} h,{} 小时,display.solar.age,shared-ui-label-resource,
display.solar.age.8d657fb62992,{} d,{} 天,display.solar.age,shared-ui-label-resource,
display.solar.age.d2916a227ac2,{s} s,{s} 秒,display.solar.age,shared-ui-label-resource,
display.solar.age.e823f8613562,{} min,{} 分钟,display.solar.age,shared-ui-label-resource,
display.solar.calendar.973bd0965d59,{year}/{month}/{day},{year}年{month}月{day}日,display.solar.calendar,shared-ui-label-resource,
display.solar.channel.0bed4fa869c8,AIA 211/193/171 composite,AIA 211/193/171 合成图像,display.solar.channel,shared-ui-label-resource,
display.solar.channel.0ede367a3700,"AIA 304 Å — chromosphere and filaments, ~50 000 K",AIA 304 Å — 色球层和暗条，约5万 K,display.solar.channel,shared-ui-label-resource,
display.solar.channel.1e92bc60c8ed,"AIA 171 Å — quiet corona and coronal loops, ~600 000 K",AIA 171 Å — 宁静日冕和日冕环，约60万 K,display.solar.channel,shared-ui-label-resource,
display.solar.channel.5798b308333c,"HMI continuum — white light, shows sunspots",HMI 连续谱 — 白光图像，可观察太阳黑子,display.solar.channel,shared-ui-label-resource,
display.solar.channel.8b01bdc453b0,"AIA 193 Å — corona and coronal holes, ~1.2 MK",AIA 193 Å — 日冕和冕洞，约120万 K,display.solar.channel,shared-ui-label-resource,
display.solar.channel.a45a495558d3,MIX,合成,display.solar.channel,shared-ui-label-resource,
display.solar.channel.f79138628241,"AIA 211 Å — active-region corona, ~2 MK",AIA 211 Å — 活动区日冕，约200万 K,display.solar.channel,shared-ui-label-resource,
display.solar.confidence.7b778d2b8a35,thin — two paths,样本稀少，两个路径,display.solar.confidence,shared-ui-label-resource,
display.solar.confidence.7f8eb0962a84,a few paths,少量路径,display.solar.confidence,shared-ui-label-resource,
display.solar.confidence.b0280484b67d,distant sounders — rough,测高仪较远，粗略估计,display.solar.confidence,shared-ui-label-resource,
display.solar.confidence.cdbbffd58d44,measured nearby,邻近实测,display.solar.confidence,shared-ui-label-resource,
display.solar.confidence.d6281910d876,interpolated,插值估计,display.solar.confidence,shared-ui-label-resource,
display.solar.confidence.e3b544cec432,well sampled,样本充足,display.solar.confidence,shared-ui-label-resource,
display.solar.groups.36e65c39f83b,HOME,太阳与地月,display.solar.groups,shared-ui-label-resource,
display.solar.groups.58b85000d89e,DWARF PLANETS,矮行星,display.solar.groups,shared-ui-label-resource,
display.solar.names.08360c25f2e0,Oberon,天卫四,display.solar.names,shared-ui-label-resource,
display.solar.names.131698e22866,Phaethon,法厄同（Phaethon）,display.solar.names,shared-ui-label-resource,
display.solar.names.19af4cac544f,Ceres,谷神星,display.solar.names,shared-ui-label-resource,
display.solar.names.1bc1cc5dc2a2,Eros,爱神星,display.solar.names,shared-ui-label-resource,
display.solar.names.225db15d3392,Wirtanen,维尔塔宁彗星,display.solar.names,shared-ui-label-resource,
display.solar.names.27ce2df06855,Jupiter,木星,display.solar.names,shared-ui-label-resource,
display.solar.names.2f92e35aa9a5,Iapetus,土卫八,display.solar.names,shared-ui-label-resource,
display.solar.names.33d2f6b7de3b,Giacobini-Zinner,贾可比尼-秦纳彗星,display.solar.names,shared-ui-label-resource,
display.solar.names.34a6f449c7c3,Encke,恩克彗星,display.solar.names,shared-ui-label-resource,
display.solar.names.3a197f419d48,Ryugu,龙宫小行星,display.solar.names,shared-ui-label-resource,
display.solar.names.3e8f38fb853e,Psyche,灵神星,display.solar.names,shared-ui-label-resource,
display.solar.names.4046c0daccd1,Titan,土卫六,display.solar.names,shared-ui-label-resource,
display.solar.names.41de5ab304b1,Earth + Moon,地球与月球,display.solar.names,shared-ui-label-resource,
display.solar.names.44a9de040981,Apophis,阿波菲斯（Apophis）,display.solar.names,shared-ui-label-resource,
display.solar.names.470cc6a0f70b,Halley,哈雷彗星,display.solar.names,shared-ui-label-resource,
display.solar.names.48fbe7b6bce0,Ariel,天卫一,display.solar.names,shared-ui-label-resource,
display.solar.names.4a8e9b8e9f13,Patroclus,帕特罗克洛斯（Patroclus）,display.solar.names,shared-ui-label-resource,
display.solar.names.4c35576f2c58,Triton,海卫一,display.solar.names,shared-ui-label-resource,
display.solar.names.4cfcc0421af1,Rhea,土卫五,display.solar.names,shared-ui-label-resource,
display.solar.names.4e1fadbd8485,Vesta,灶神星,display.solar.names,shared-ui-label-resource,
display.solar.names.4f1c63f9aba8,Venus,金星,display.solar.names,shared-ui-label-resource,
display.solar.names.526ba1de545e,Tethys,土卫三,display.solar.names,shared-ui-label-resource,
display.solar.names.52948e686a2d,Machholz 1,马赫霍尔茨1号（Machholz 1）,display.solar.names,shared-ui-label-resource,
display.solar.names.5609968b6d92,Phobos,火卫一,display.solar.names,shared-ui-label-resource,
display.solar.names.5ed3f58b1f54,Hartley 2,哈特雷2号彗星,display.solar.names,shared-ui-label-resource,
display.solar.names.5fc165254f4f,Moon,月球,display.solar.names,shared-ui-label-resource,
display.solar.names.6a7367ef7970,Mercury,水星,display.solar.names,shared-ui-label-resource,
display.solar.names.6b4f26ffed77,E+M,地月,display.solar.names,shared-ui-label-resource,
display.solar.names.7281bec080e8,Titania,天卫三,display.solar.names,shared-ui-label-resource,
display.solar.names.7412af277266,Umbriel,天卫二,display.solar.names,shared-ui-label-resource,
display.solar.names.7bce8b3948f4,Enceladus,土卫二,display.solar.names,shared-ui-label-resource,
display.solar.names.84a23325f7b0,Eurybates,欧律巴忒斯（Eurybates）,display.solar.names,shared-ui-label-resource,
display.solar.names.8717644d6036,Tempel-Tuttle,坦普尔-塔特尔彗星,display.solar.names,shared-ui-label-resource,
display.solar.names.8915eff1e30c,Deimos,火卫二,display.solar.names,shared-ui-label-resource,
display.solar.names.8dad5f6a7dd2,Pluto,冥王星,display.solar.names,shared-ui-label-resource,
display.solar.names.93768861d81f,Tempel 1,坦普尔1号彗星,display.solar.names,shared-ui-label-resource,
display.solar.names.95550208e7ba,Pallas,智神星,display.solar.names,shared-ui-label-resource,
display.solar.names.99333f4ea942,Tuttle,塔特尔彗星,display.solar.names,shared-ui-label-resource,
display.solar.names.9e96856b70e2,Churyumov-Gerasimenko,丘留莫夫-格拉西缅科彗星,display.solar.names,shared-ui-label-resource,
display.solar.names.a0a6ca091c70,Mars,火星,display.solar.names,shared-ui-label-resource,
display.solar.names.a4ac991ef755,Didymos,迪迪莫斯（Didymos）,display.solar.names,shared-ui-label-resource,
display.solar.names.ab97edfc87d5,Borrelly,波雷利彗星,display.solar.names,shared-ui-label-resource,
display.solar.names.b204d3f82758,Dione,土卫四,display.solar.names,shared-ui-label-resource,
display.solar.names.b38bd3397452,Makemake,鸟神星,display.solar.names,shared-ui-label-resource,
display.solar.names.b7c9b5ccd3e3,Earth,地球,display.solar.names,shared-ui-label-resource,
display.solar.names.bb0410ba76dc,Wild 2,维尔德2号彗星,display.solar.names,shared-ui-label-resource,
display.solar.names.c9b5d704902a,Miranda,天卫五,display.solar.names,shared-ui-label-resource,
display.solar.names.cc423fd8544c,Callisto,木卫四,display.solar.names,shared-ui-label-resource,
display.solar.names.d43a7b01f357,Ganymede,木卫三,display.solar.names,shared-ui-label-resource,
display.solar.names.d896bdeb3540,Haumea,妊神星,display.solar.names,shared-ui-label-resource,
display.solar.names.d98d070c3968,Neptune,海王星,display.solar.names,shared-ui-label-resource,
display.solar.names.db18f17fe532,Sun,太阳,display.solar.names,shared-ui-label-resource,
display.solar.names.e01e555174c6,Io,木卫一,display.solar.names,shared-ui-label-resource,
display.solar.names.e6b02134dcdd,Uranus,天王星,display.solar.names,shared-ui-label-resource,
display.solar.names.e6e970bbe8ff,Saturn,土星,display.solar.names,shared-ui-label-resource,
display.solar.names.e72908c04b90,Schwassmann-Wachmann 3,施瓦斯曼-瓦赫曼3号彗星,display.solar.names,shared-ui-label-resource,
display.solar.names.ebc1d95f13c7,Bennu,贝努小行星,display.solar.names,shared-ui-label-resource,
display.solar.names.f3c2d762af3d,Eris,阋神星,display.solar.names,shared-ui-label-resource,
display.solar.names.f6b6bc65a878,Itokawa,丝川小行星,display.solar.names,shared-ui-label-resource,
display.solar.names.fc30e2a579cd,Europa,木卫二,display.solar.names,shared-ui-label-resource,
display.solar.pass_quality.1869c9d2a11e,fair,一般,display.solar.pass_quality,shared-ui-label-resource,
display.solar.pass_quality.770e607624d6,good,良好,display.solar.pass_quality,shared-ui-label-resource,
display.solar.pass_quality.945c8f9d4fe6,overhead,接近天顶,display.solar.pass_quality,shared-ui-label-resource,
display.solar.pass_quality.ae4e19fd6a92,marginal,条件较差,display.solar.pass_quality,shared-ui-label-resource,
display.spectrum_detail.auto,Auto,自动,display.enums,display-helper-adapted,crates/sdroxide-types/src/ui.rs:91
display.spectrum_detail.high,High (4096),高（4096）,display.enums,display-helper-adapted,crates/sdroxide-types/src/ui.rs:93
display.spectrum_detail.standard,Standard (2048),标准（2048）,display.enums,display-helper-adapted,crates/sdroxide-types/src/ui.rs:92
display.spectrum_detail.ultra,Ultra (8192),超高（8192）,display.enums,display-helper-adapted,crates/sdroxide-types/src/ui.rs:94
display.speed.fast,Fast,快,display.enums,display-helper-adapted,crates/sdroxide-types/src/ui.rs:45
display.speed.faster,Faster,更快,display.enums,display-helper-adapted,crates/sdroxide-types/src/ui.rs:46
display.speed.fastest,Fastest,最快,display.enums,display-helper-adapted,crates/sdroxide-types/src/ui.rs:47
display.speed.medium,Medium,中等,display.enums,display-helper-adapted,crates/sdroxide-types/src/ui.rs:44
display.speed.slow,Slow,慢,display.enums,display-helper-adapted,crates/sdroxide-types/src/ui.rs:43
display.sstv.placeholder.3b2579360757,"your callsign, in capitals",你的呼号，使用大写字母,display.sstv.placeholder,shared-ui-label-resource,
display.sstv.placeholder.563724f17457,your locator,你的网格定位符,display.sstv.placeholder,shared-ui-label-resource,
display.sstv.placeholder.d7397715bac6,the sdroxide version,SDRoxide 版本,display.sstv.placeholder,shared-ui-label-resource,
display.theme.amber_phosphor,Amber phosphor,琥珀色荧光屏,display.enums,display-helper-adapted,crates/sdroxide-types/src/ui.rs:377
display.theme.catppuccin_latte,Catppuccin latte,Catppuccin Latte,display.enums,display-helper-adapted,crates/sdroxide-types/src/ui.rs:388
display.theme.catppuccin_mocha,Catppuccin mocha,Catppuccin Mocha,display.enums,display-helper-adapted,crates/sdroxide-types/src/ui.rs:387
display.theme.default,Default,默认,display.enums,display-helper-adapted,crates/sdroxide-types/src/ui.rs:373
display.theme.dracula,Dracula,Dracula,display.enums,display-helper-adapted,crates/sdroxide-types/src/ui.rs:386
display.theme.everforest,Everforest,Everforest,display.enums,display-helper-adapted,crates/sdroxide-types/src/ui.rs:383
display.theme.green_phosphor,Green phosphor,绿色荧光屏,display.enums,display-helper-adapted,crates/sdroxide-types/src/ui.rs:376
display.theme.gruvbox,Gruvbox,Gruvbox,display.enums,display-helper-adapted,crates/sdroxide-types/src/ui.rs:382
display.theme.high_contrast,High contrast,高对比度,display.enums,display-helper-adapted,crates/sdroxide-types/src/ui.rs:375
display.theme.light,Light,浅色,display.enums,display-helper-adapted,crates/sdroxide-types/src/ui.rs:374
display.theme.minimalist,Modern minimalist,现代简约,display.enums,display-helper-adapted,crates/sdroxide-types/src/ui.rs:389
display.theme.nord,Nord,Nord,display.enums,display-helper-adapted,crates/sdroxide-types/src/ui.rs:380
display.theme.nord_dark,Nord dark,Nord 深色,display.enums,display-helper-adapted,crates/sdroxide-types/src/ui.rs:381
display.theme.rainbow,Rainbow,彩虹,display.enums,display-helper-adapted,crates/sdroxide-types/src/ui.rs:379
display.theme.solarized,Solarized,Solarized,display.enums,display-helper-adapted,crates/sdroxide-types/src/ui.rs:385
display.theme.solarized_dark,Solarized dark,Solarized 深色,display.enums,display-helper-adapted,crates/sdroxide-types/src/ui.rs:384
display.theme.teal_orange,Teal / orange,青绿／橙色,display.enums,display-helper-adapted,crates/sdroxide-types/src/ui.rs:378
display.topbar.control.22ea96541793,DUPLEX,中继频差,display.topbar.control,shared-ui-label-resource,
display.topbar.control.43c973a325d9,TONE,音调,display.topbar.control,shared-ui-label-resource,
display.topbar.control.46f29c2f51a0,COMBINE,合并,display.topbar.control,shared-ui-label-resource,
display.topbar.control.50a45e647dbb,REC,录音,display.topbar.control,shared-ui-label-resource,
display.topbar.control.6cc370d77849,SPLIT,异频,display.topbar.control,shared-ui-label-resource,
display.topbar.control.888860333847,ANT,天线,display.topbar.control,shared-ui-label-resource,
display.topbar.control.8ee9008c2bcd,PWR,电源,display.topbar.control,shared-ui-label-resource,
display.topbar.control.ad8d698573fc,CANCEL,抵消,display.topbar.control,shared-ui-label-resource,
display.topbar.control.b1435023b152,RX ANT,接收天线,display.topbar.control,shared-ui-label-resource,
display.topbar.control.bb1e6c76c178,ST,立体声,display.topbar.control,shared-ui-label-resource,
display.topbar.control.c73f954a0dcd,BIN,双耳,display.topbar.control,shared-ui-label-resource,
display.vdl2.channel.1677194c171b,airport station,机场台,display.vdl2.channel,shared-ui-label-resource,
display.vdl2.channel.18b275b756e0,airport station (USA),机场台（美国）,display.vdl2.channel,shared-ui-label-resource,
display.vdl2.channel.56d50987e235,airspace station,空域台,display.vdl2.channel,shared-ui-label-resource,
display.vdl2.channel.d8590f645e61,common signalling channel,公共信令信道,display.vdl2.channel,shared-ui-label-resource,
display.vdl2.channel.f19fc73df71e,airspace station (to 2027),空域台（至 2027 年）,display.vdl2.channel,shared-ui-label-resource,
display.wefax.frequency.0e3a0a045a14,{:.1} kHz dial,调谐频率 {:.1} kHz,display.wefax.frequency,shared-ui-label-resource,
display.wefax.station.275fc3def420,CFH Halifax (Canada),CFH 哈利法克斯（加拿大）,display.wefax.station,shared-ui-label-resource,
display.wefax.station.2aeb4c67c489,VMW Wiluna (Australia),VMW 威卢纳（澳大利亚）,display.wefax.station,shared-ui-label-resource,
display.wefax.station.35dc129b654a,GYA Northwood (UK),GYA 诺斯伍德（英国）,display.wefax.station,shared-ui-label-resource,
display.wefax.station.47dbe2ffaccb,NOJ Kodiak (USCG),NOJ 科迪亚克（美国海岸警卫队）,display.wefax.station,shared-ui-label-resource,
display.wefax.station.88d43d00c039,DWD Pinneberg (Germany),DWD 平讷贝格（德国）,display.wefax.station,shared-ui-label-resource,
display.wefax.station.bd0233143673,JMH Tokyo (Japan),JMH 东京（日本）,display.wefax.station,shared-ui-label-resource,
display.wefax.station.c3cf2625bff5,NMF Boston (USCG),NMF 波士顿（美国海岸警卫队）,display.wefax.station,shared-ui-label-resource,
display.wefax.station.c8edcf4c8708,NMG New Orleans (USCG),NMG 新奥尔良（美国海岸警卫队）,display.wefax.station,shared-ui-label-resource,
display.wefax.station.d8dd67fd362d,VMC Charleville (Australia),VMC 查尔维尔（澳大利亚）,display.wefax.station,shared-ui-label-resource,
display.wefax.station.e724ed92eeae,NMC Point Reyes (USCG),NMC 雷耶斯角（美国海岸警卫队）,display.wefax.station,shared-ui-label-resource,
frame.notice.buttons.text_309_48845b,Dismiss,关闭提示,frame.notice.buttons,adapter-generated,crates/sdroxide-ui/src/app/frame.rs:309
frame.notice.buttons.text_355_48845b,Dismiss,关闭提示,frame.notice.buttons,adapter-generated,crates/sdroxide-ui/src/app/frame.rs:355
help.ui.text_1082_7aead0,[missing image: {path}],[缺失图像：{path}],help.ui,adapter-generated,crates/sdroxide-ui/src/help.rs:1082
help.ui.text_543_7786e6,FIND,查找,help.ui,adapter-generated,crates/sdroxide-ui/src/help.rs:543
help.ui.text_554_1731da,find in manual,在手册中查找,help.ui,adapter-generated,crates/sdroxide-ui/src/help.rs:554
help.ui.text_582_105416,"Previous match  (Shift+Enter, Shift+F3)",上一个匹配项（Shift+Enter、Shift+F3）,help.ui,adapter-generated,crates/sdroxide-ui/src/help.rs:582
help.ui.text_588_6560e6,"Next match  (Enter, F3)",下一个匹配项（Enter、F3）,help.ui,adapter-generated,crates/sdroxide-ui/src/help.rs:588
help.ui.text_607_3a5a58,Clear the search  (Esc),清除搜索（Esc）,help.ui,adapter-generated,crates/sdroxide-ui/src/help.rs:607
help.ui.text_657_5ab6e5,SDROXIDE MANUAL,SDROXIDE 手册,help.ui,adapter-generated,crates/sdroxide-ui/src/help.rs:657
help.ui.text_737_eabe6a,CONTENTS,目录,help.ui,adapter-generated,crates/sdroxide-ui/src/help.rs:737
map.adsb.painter.text_405_a7c70e,double-click to reframe,双击重置视野,map.adsb.painter,adapter-generated,crates/sdroxide-ui/src/adsb_map.rs:405
map.ais.painter.text_534_a7c70e,double-click to reframe,双击重置视野,map.ais.painter,adapter-generated,crates/sdroxide-ui/src/ais_map.rs:534
map.ais.text_515_c83344,{heard} heard — no position newer than {}s,已收听 {heard} 个台站，最近 {} 秒内没有位置更新,map.ais,adapter-generated,crates/sdroxide-ui/src/ais_map.rs:515
map.ais.text_517_50e2bf,1 station heard — waiting for it to report a position,已收听 1 个台站，正在等待其报告位置,map.ais,adapter-generated,crates/sdroxide-ui/src/ais_map.rs:517
map.ais.text_519_6302e3,{heard} stations heard — waiting for a position report,已收听 {heard} 个台站，正在等待位置报告,map.ais,adapter-generated,crates/sdroxide-ui/src/ais_map.rs:519
map.ais.text_570_60d94a,Zoom out — the wheel or a pinch do this too,缩小；也可使用滚轮或双指捏合,map.ais,adapter-generated,crates/sdroxide-ui/src/ais_map.rs:570
map.ais.text_578_2a4824,Zoom in about the middle of the chart,以海图中央为中心放大,map.ais,adapter-generated,crates/sdroxide-ui/src/ais_map.rs:578
map.ais.text_585_0d1ed1,FIT,适应范围,map.ais,adapter-generated,crates/sdroxide-ui/src/ais_map.rs:585
map.ais.text_586_fb4ef9,Frame everything being tracked again — a double-click does too,重新显示全部跟踪对象；也可双击,map.ais,adapter-generated,crates/sdroxide-ui/src/ais_map.rs:586
map.ais.text_601_1d2c03,{lon_span:.2}° · ~{km:.0} km across,{lon_span:.2}° · 横向约 {km:.0} km,map.ais,adapter-generated,crates/sdroxide-ui/src/ais_map.rs:601
map.aprs.painter.text_339_a7c70e,double-click to reframe,双击重置视野,map.aprs.painter,adapter-generated,crates/sdroxide-ui/src/aprs_map.rs:339
map.aprs.text_325_db971c,"
heard {} ago","
收听于 {} 前",map.aprs,adapter-generated,crates/sdroxide-ui/src/aprs_map.rs:325
map.hfdl.painter.text_240_857bbe,no aircraft located yet,暂无飞机位置,map.hfdl.painter,adapter-generated,crates/sdroxide-ui/src/hfdl_map.rs:240
map.hfdl.text_367_d2b285,"
{} fix{}","
{} 次定位{}",map.hfdl,adapter-generated,crates/sdroxide-ui/src/hfdl_map.rs:367
map.hfdl.text_368_db971c,"
heard {} ago","
收听于 {} 前",map.hfdl,adapter-generated,crates/sdroxide-ui/src/hfdl_map.rs:368
map.hfdl.text_392_d2916a,{s} s,{s} 秒,map.hfdl,adapter-generated,crates/sdroxide-ui/src/hfdl_map.rs:392
map.hfdl.text_394_e823f8,{} min,{} 分钟,map.hfdl,adapter-generated,crates/sdroxide-ui/src/hfdl_map.rs:394
map.hfdl.text_396_4d631f,{} h,{} 小时,map.hfdl,adapter-generated,crates/sdroxide-ui/src/hfdl_map.rs:396
map.world.painter.text_799_79d3d8,DOUBLE-CLICK TO REFRAME,双击重置视野,map.world.painter,adapter-generated,crates/sdroxide-ui/src/widgets/worldmap.rs:799
map28.aprs.object.06d0bc595e30,"
object from {}","
来自 {} 的对象",map28.aprs.object,shared-ui-label-resource,
map28.aprs.symbol.00477ad8a443,balloon,气球,map28.aprs.symbol,shared-ui-label-resource,
map28.aprs.symbol.04e027e4990a,bus,公交车,map28.aprs.symbol,shared-ui-label-resource,
map28.aprs.symbol.0521b7dde55f,beam antenna,定向天线,map28.aprs.symbol,shared-ui-label-resource,
map28.aprs.symbol.0a3f13c673af,triangle,三角形,map28.aprs.symbol,shared-ui-label-resource,
map28.aprs.symbol.0aedf616562c,fire engine,消防车,map28.aprs.symbol,shared-ui-label-resource,
map28.aprs.symbol.0c0158ab483a,digipeater,数字中继台,map28.aprs.symbol,shared-ui-label-resource,
map28.aprs.symbol.0d3a645ca258,motorhome,房车,map28.aprs.symbol,shared-ui-label-resource,
map28.aprs.symbol.116f54c41d04,train,列车,map28.aprs.symbol,shared-ui-label-resource,
map28.aprs.symbol.1366fac71146,police,警务,map28.aprs.symbol,shared-ui-label-resource,
map28.aprs.symbol.21b935a5da35,light aircraft,轻型飞机,map28.aprs.symbol,shared-ui-label-resource,
map28.aprs.symbol.24611dec0a0a,truck,卡车,map28.aprs.symbol,shared-ui-label-resource,
map28.aprs.symbol.25cdb46d8d21,boat,船只,map28.aprs.symbol,shared-ui-label-resource,
map28.aprs.symbol.26f8567f2569,box,方框,map28.aprs.symbol,shared-ui-label-resource,
map28.aprs.symbol.2b2961a431b2,car,汽车,map28.aprs.symbol,shared-ui-label-resource,
map28.aprs.symbol.319b44c570a4,rain,雨,map28.aprs.symbol,shared-ui-label-resource,
map28.aprs.symbol.333e53f36584,tropical storm,热带风暴,map28.aprs.symbol,shared-ui-label-resource,
map28.aprs.symbol.38a81e87e796,person,人员,map28.aprs.symbol,shared-ui-label-resource,
map28.aprs.symbol.3ed44f748267,glider,滑翔机,map28.aprs.symbol,shared-ui-label-resource,
map28.aprs.symbol.48a39a331171,motorcycle,摩托车,map28.aprs.symbol,shared-ui-label-resource,
map28.aprs.symbol.525eca1d5089,star,星形,map28.aprs.symbol,shared-ui-label-resource,
map28.aprs.symbol.56681010b753,cloud,云,map28.aprs.symbol,shared-ui-label-resource,
map28.aprs.symbol.5a452459503b,position,位置,map28.aprs.symbol,shared-ui-label-resource,
map28.aprs.symbol.62cf517e1ac1,farm vehicle,农用车辆,map28.aprs.symbol,shared-ui-label-resource,
map28.aprs.symbol.63371516010c,campsite,露营地,map28.aprs.symbol,shared-ui-label-resource,
map28.aprs.symbol.6cebfae34f38,home station,家庭台站,map28.aprs.symbol,shared-ui-label-resource,
map28.aprs.symbol.733972515989,telephone,电话,map28.aprs.symbol,shared-ui-label-resource,
map28.aprs.symbol.73ab573aa595,fire station,消防站,map28.aprs.symbol,shared-ui-label-resource,
map28.aprs.symbol.82acfba9d86a,aid station,救援站,map28.aprs.symbol,shared-ui-label-resource,
map28.aprs.symbol.83716a35515f,tornado,龙卷风,map28.aprs.symbol,shared-ui-label-resource,
map28.aprs.symbol.8a39178d327e,circle,圆形,map28.aprs.symbol,shared-ui-label-resource,
map28.aprs.symbol.8afe3c83decf,hospital,医院,map28.aprs.symbol,shared-ui-label-resource,
map28.aprs.symbol.8d6a92b4b345,unknown position,未知位置,map28.aprs.symbol,shared-ui-label-resource,
map28.aprs.symbol.913a4cb91be2,clear,晴,map28.aprs.symbol,shared-ui-label-resource,
map28.aprs.symbol.94d56c34b7e0,dish antenna,抛物面天线,map28.aprs.symbol,shared-ui-label-resource,
map28.aprs.symbol.970b1897af0a,van,厢式车,map28.aprs.symbol,shared-ui-label-resource,
map28.aprs.symbol.9b4ef3e5b7b4,station,台站,map28.aprs.symbol,shared-ui-label-resource,
map28.aprs.symbol.9f32cc1692ea,parking,停车场,map28.aprs.symbol,shared-ui-label-resource,
map28.aprs.symbol.9f651fc99350,network node,网络节点,map28.aprs.symbol,shared-ui-label-resource,
map28.aprs.symbol.a746222f09d8,snow,雪,map28.aprs.symbol,shared-ui-label-resource,
map28.aprs.symbol.aa97302150fc,computer,计算机,map28.aprs.symbol,shared-ui-label-resource,
map28.aprs.symbol.ab9fa529cbff,I-gate,APRS 互联网网关,map28.aprs.symbol,shared-ui-label-resource,
map28.aprs.symbol.b370de14e941,lighthouse,灯塔,map28.aprs.symbol,shared-ui-label-resource,
map28.aprs.symbol.b3eacd33433b,server,服务器,map28.aprs.symbol,shared-ui-label-resource,
map28.aprs.symbol.b60dc2594d6f,eyeball,眼睛,map28.aprs.symbol,shared-ui-label-resource,
map28.aprs.symbol.b955e6cd0808,emergency,紧急情况,map28.aprs.symbol,shared-ui-label-resource,
map28.aprs.symbol.badb8f127e03,church,教堂,map28.aprs.symbol,shared-ui-label-resource,
map28.aprs.symbol.c58dd0a37600,rocket,火箭,map28.aprs.symbol,shared-ui-label-resource,
map28.aprs.symbol.cbde83173a31,helicopter,直升机,map28.aprs.symbol,shared-ui-label-resource,
map28.aprs.symbol.ccb0a1118448,repeater,中继台,map28.aprs.symbol,shared-ui-label-resource,
map28.aprs.symbol.cd96b5def4ed,shelter,避难所,map28.aprs.symbol,shared-ui-label-resource,
map28.aprs.symbol.d10149eecff3,aircraft,飞机,map28.aprs.symbol,shared-ui-label-resource,
map28.aprs.symbol.d29af8a2e160,bicycle,自行车,map28.aprs.symbol,shared-ui-label-resource,
map28.aprs.symbol.d64debd942d7,school,学校,map28.aprs.symbol,shared-ui-label-resource,
map28.aprs.symbol.db0bc6105494,weather station,气象站,map28.aprs.symbol,shared-ui-label-resource,
map28.aprs.symbol.dc4b4e203f9d,satellite,卫星,map28.aprs.symbol,shared-ui-label-resource,
map28.aprs.symbol.dc9f28b12dd1,fire,火灾,map28.aprs.symbol,shared-ui-label-resource,
map28.aprs.symbol.df9d79f52caf,police station,警察局,map28.aprs.symbol,shared-ui-label-resource,
map28.aprs.symbol.e3dd6fdb8a07,thunderstorm,雷暴,map28.aprs.symbol,shared-ui-label-resource,
map28.aprs.symbol.ed6a077c0b11,yacht,游艇,map28.aprs.symbol,shared-ui-label-resource,
map28.aprs.symbol.ee275d64dafc,restaurant,餐馆,map28.aprs.symbol,shared-ui-label-resource,
map28.aprs.symbol.efdfcc0967c1,ambulance,救护车,map28.aprs.symbol,shared-ui-label-resource,
panel.adsb.text_143_4b990b,{} aircraft,{} 架飞机,panel.adsb,adapter-generated,crates/sdroxide-ui/src/app/panels/adsb.rs:143
panel.adsb.text_144_c260a6,{} frames,{} 帧,panel.adsb,adapter-generated,crates/sdroxide-ui/src/app/panels/adsb.rs:144
panel.adsb.text_149_28f628,{} preambles,{} 个前导码,panel.adsb,adapter-generated,crates/sdroxide-ui/src/app/panels/adsb.rs:149
panel.adsb.text_150_413b69,{} bad CRC,{} 次 CRC 错误,panel.adsb,adapter-generated,crates/sdroxide-ui/src/app/panels/adsb.rs:150
panel.adsb.text_315_9fcb36,{ft} ft barometric,{ft} ft（气压高度）,panel.adsb,adapter-generated,crates/sdroxide-ui/src/app/panels/adsb.rs:315
panel.adsb.text_315_d0a708,altitude,气压高度,panel.adsb,adapter-generated,crates/sdroxide-ui/src/app/panels/adsb.rs:315
panel.adsb.text_318_2d9135,GNSS altitude,GNSS 高度,panel.adsb,adapter-generated,crates/sdroxide-ui/src/app/panels/adsb.rs:318
panel.adsb.text_321_3696d7,ground speed,地速,panel.adsb,adapter-generated,crates/sdroxide-ui/src/app/panels/adsb.rs:321
panel.adsb.text_324_2bb8bf,track,航迹方向,panel.adsb,adapter-generated,crates/sdroxide-ui/src/app/panels/adsb.rs:324
panel.adsb.text_327_2ab62c,turning,转弯速率,panel.adsb,adapter-generated,crates/sdroxide-ui/src/app/panels/adsb.rs:327
panel.adsb.text_330_fbce7a,vertical rate,垂直速度,panel.adsb,adapter-generated,crates/sdroxide-ui/src/app/panels/adsb.rs:330
panel.adsb.text_333_46d43b,squawk,应答机编码,panel.adsb,adapter-generated,crates/sdroxide-ui/src/app/panels/adsb.rs:333
panel.adsb.text_338_2269c0,range,距离与方位,panel.adsb,adapter-generated,crates/sdroxide-ui/src/app/panels/adsb.rs:338
panel.adsb.text_338_fa4949,{km:.0} km at {bear:.0}°,{km:.0} km，方位 {bear:.0}°,panel.adsb,adapter-generated,crates/sdroxide-ui/src/app/panels/adsb.rs:338
panel.adsb.text_341_5a4524,position,位置,panel.adsb,adapter-generated,crates/sdroxide-ui/src/app/panels/adsb.rs:341
panel.adsb.text_343_d04192,signal,信号强度,panel.adsb,adapter-generated,crates/sdroxide-ui/src/app/panels/adsb.rs:343
panel.adsb.text_344_594cfd,frames,帧数,panel.adsb,adapter-generated,crates/sdroxide-ui/src/app/panels/adsb.rs:344
panel.adsb.text_345_43b7ad,first heard,首次接收,panel.adsb,adapter-generated,crates/sdroxide-ui/src/app/panels/adsb.rs:345
panel.ais.text_149_5e21c6,{} vessels,{} 艘船舶,panel.ais,adapter-generated,crates/sdroxide-ui/src/app/panels/ais.rs:149
panel.ais.text_150_a07e79,{} messages,{} 条消息,panel.ais,adapter-generated,crates/sdroxide-ui/src/app/panels/ais.rs:150
panel.ais.text_154_f5ec96,{} slots,{} 个时隙,panel.ais,adapter-generated,crates/sdroxide-ui/src/app/panels/ais.rs:154
panel.ais.text_155_73cfb7,{} bad FCS,{} 次 FCS 错误,panel.ais,adapter-generated,crates/sdroxide-ui/src/app/panels/ais.rs:155
panel.ais.text_164_3837e1,"AIS {} ({:.3} MHz) — {} slots, {} messages, floor {:.0} dBFS",AIS {}（{:.3} MHz）— {} 个时隙，{} 条消息，噪声底 {:.0} dBFS,panel.ais,adapter-generated,crates/sdroxide-ui/src/app/panels/ais.rs:164
panel.ais.text_367_1303c0,type,类型,panel.ais,adapter-generated,crates/sdroxide-ui/src/app/panels/ais.rs:367
panel.ais.text_375_073c16,status,状态,panel.ais,adapter-generated,crates/sdroxide-ui/src/app/panels/ais.rs:375
panel.ais.text_378_577f8b,call sign,呼号,panel.ais,adapter-generated,crates/sdroxide-ui/src/app/panels/ais.rs:378
panel.ais.text_384_bbccb9,speed,速度,panel.ais,adapter-generated,crates/sdroxide-ui/src/app/panels/ais.rs:384
panel.ais.text_387_1ee67f,{c:.0}° over ground,对地航迹向 {c:.0}°,panel.ais,adapter-generated,crates/sdroxide-ui/src/app/panels/ais.rs:387
panel.ais.text_387_a90804,course,航迹向,panel.ais,adapter-generated,crates/sdroxide-ui/src/app/panels/ais.rs:387
panel.ais.text_390_5e60ff,heading,艏向,panel.ais,adapter-generated,crates/sdroxide-ui/src/app/panels/ais.rs:390
panel.ais.text_393_2ab62c,turning,转向速率,panel.ais,adapter-generated,crates/sdroxide-ui/src/app/panels/ais.rs:393
panel.ais.text_396_d0a708,altitude,高度,panel.ais,adapter-generated,crates/sdroxide-ui/src/app/panels/ais.rs:396
panel.ais.text_400_ccdcbe,size,尺寸,panel.ais,adapter-generated,crates/sdroxide-ui/src/app/panels/ais.rs:400
panel.ais.text_403_ae019a,draught,吃水,panel.ais,adapter-generated,crates/sdroxide-ui/src/app/panels/ais.rs:403
panel.ais.text_406_b5c755,destination,目的地,panel.ais,adapter-generated,crates/sdroxide-ui/src/app/panels/ais.rs:406
panel.ais.text_409_4703fd,ETA,预计到达,panel.ais,adapter-generated,crates/sdroxide-ui/src/app/panels/ais.rs:409
panel.ais.text_412_508d18,station time,台站时间,panel.ais,adapter-generated,crates/sdroxide-ui/src/app/panels/ais.rs:412
panel.ais.text_417_2269c0,range,距离与方位,panel.ais,adapter-generated,crates/sdroxide-ui/src/app/panels/ais.rs:417
panel.ais.text_417_cce39f,{km:.1} km at {bear:.0}°,距离 {km:.1} km，方位 {bear:.0}°,panel.ais,adapter-generated,crates/sdroxide-ui/src/app/panels/ais.rs:417
panel.ais.text_421_5a4524,position,位置,panel.ais,adapter-generated,crates/sdroxide-ui/src/app/panels/ais.rs:421
panel.ais.text_425_d04192,signal,信号,panel.ais,adapter-generated,crates/sdroxide-ui/src/app/panels/ais.rs:425
panel.ais.text_427_f5cccf,messages,消息,panel.ais,adapter-generated,crates/sdroxide-ui/src/app/panels/ais.rs:427
panel.ais.text_428_486c98,"{} (last type {}, AIS {})",{} 条（最近类型 {}，AIS {}）,panel.ais,adapter-generated,crates/sdroxide-ui/src/app/panels/ais.rs:428
panel.ais.text_430_43b7ad,first heard,首次收听,panel.ais,adapter-generated,crates/sdroxide-ui/src/app/panels/ais.rs:430
panel.aprs.text_512_4e7510,wind {d:03}° {v:.1} m/s,风向 {d:03}° 风速 {v:.1} m/s,panel.aprs,adapter-generated,crates/sdroxide-ui/src/app/panels/aprs.rs:512
panel.aprs.text_515_c8d88c,gust {g:.1},阵风 {g:.1},panel.aprs,adapter-generated,crates/sdroxide-ui/src/app/panels/aprs.rs:515
panel.aprs.text_518_56f7ba,{hu}% RH,相对湿度 {hu}%,panel.aprs,adapter-generated,crates/sdroxide-ui/src/app/panels/aprs.rs:518
panel.aprs.text_524_adec59,rain {r:.1} mm/h,降雨 {r:.1} mm/h,panel.aprs,adapter-generated,crates/sdroxide-ui/src/app/panels/aprs.rs:524
panel.aprs.text_709_b126a7,waiting for the channel,正在等待信道空闲,panel.aprs,adapter-generated,crates/sdroxide-ui/src/app/panels/aprs.rs:709
panel.aprs.text_712_215e3b,sent ×{},已发送 {} 次,panel.aprs,adapter-generated,crates/sdroxide-ui/src/app/panels/aprs.rs:712
panel.aprs.text_714_481121,"sent and retried, still waiting to be acknowledged",已发送并重试，仍在等待确认,panel.aprs,adapter-generated,crates/sdroxide-ui/src/app/panels/aprs.rs:714
panel.aprs.text_717_7afbb3,sent,已发送,panel.aprs,adapter-generated,crates/sdroxide-ui/src/app/panels/aprs.rs:717
panel.aprs.text_719_78859f,"on the air, waiting to be acknowledged",已发射，正在等待确认,panel.aprs,adapter-generated,crates/sdroxide-ui/src/app/panels/aprs.rs:719
panel.aprs.text_722_64a379,ack,已确认,panel.aprs,adapter-generated,crates/sdroxide-ui/src/app/panels/aprs.rs:722
panel.aprs.text_724_7213d8,acknowledged by the far end,已获对端确认,panel.aprs,adapter-generated,crates/sdroxide-ui/src/app/panels/aprs.rs:724
panel.aprs.text_727_20cd93,rejected,已拒绝,panel.aprs,adapter-generated,crates/sdroxide-ui/src/app/panels/aprs.rs:727
panel.aprs.text_729_f8a3b8,refused by the far end — not retried,被对端拒绝，不再重试,panel.aprs,adapter-generated,crates/sdroxide-ui/src/app/panels/aprs.rs:729
panel.aprs.text_732_5727dd,no ack,未确认,panel.aprs,adapter-generated,crates/sdroxide-ui/src/app/panels/aprs.rs:732
panel.aprs.text_734_61037e,no answer after every retry,全部重试后仍无应答,panel.aprs,adapter-generated,crates/sdroxide-ui/src/app/panels/aprs.rs:734
panel.aprs.text_835_b61d1e,{} stn,{} 个台站,panel.aprs,adapter-generated,crates/sdroxide-ui/src/app/panels/aprs.rs:835
panel.aprs.text_837_4b2f12,BUSY,忙碌,panel.aprs,adapter-generated,crates/sdroxide-ui/src/app/panels/aprs.rs:837
panel.aprs.text_853_548c99,● TX,● 发射,panel.aprs,adapter-generated,crates/sdroxide-ui/src/app/panels/aprs.rs:853
panel.aprs.text_855_fc10ab,{} queued,{} 条待发送,panel.aprs,adapter-generated,crates/sdroxide-ui/src/app/panels/aprs.rs:855
panel.atchat.text_397_3f224c,message to everyone (ALL),发给所有台站的消息（ALL）,panel.atchat,adapter-generated,crates/sdroxide-ui/src/app/panels/atchat.rs:397
panel.atchat.text_398_e4e975,direct message to {p},发给 {p} 的私信,panel.atchat,adapter-generated,crates/sdroxide-ui/src/app/panels/atchat.rs:398
panel.atchat.text_86_a46d4a, ON NET , 已入网 ,panel.atchat,adapter-generated,crates/sdroxide-ui/src/app/panels/atchat.rs:86
panel.atchat.text_86_c642da,On the net — click to leave (state is kept; click again to rejoin),已入网，点击离开；保留当前状态，再次点击可重新加入,panel.atchat,adapter-generated,crates/sdroxide-ui/src/app/panels/atchat.rs:86
panel.atchat.text_88_a8d873,Off the net — click to rejoin,尚未入网，点击重新加入,panel.atchat,adapter-generated,crates/sdroxide-ui/src/app/panels/atchat.rs:88
panel.atchat.text_88_ba0301, REJOIN , 重新入网 ,panel.atchat,adapter-generated,crates/sdroxide-ui/src/app/panels/atchat.rs:88
panel23.app_panels_aprs.text_175_b4dc66,off,关闭,panel23.app_panels_aprs,adapter-generated,crates/sdroxide-ui/src/app/panels/aprs.rs:175
panel23.app_panels_aprs.text_175_c06541,{n:.0} min,{n:.0} 分钟,panel23.app_panels_aprs,adapter-generated,crates/sdroxide-ui/src/app/panels/aprs.rs:175
panel23.app_panels_packet.text_189_897c84, CONNECTED , 已连接 ,panel23.app_panels_packet,adapter-generated,crates/sdroxide-ui/src/app/panels/packet.rs:189
panel23.app_panels_packet.text_191_903573, CALLING , 呼叫中 ,panel23.app_panels_packet,adapter-generated,crates/sdroxide-ui/src/app/panels/packet.rs:191
panel23.app_panels_packet.text_193_1389ad, IDLE , 空闲 ,panel23.app_panels_packet,adapter-generated,crates/sdroxide-ui/src/app/panels/packet.rs:193
panel23.app_panels_rade.text_148_5c791d,TALK (PTT),语音发射（PTT）,panel23.app_panels_rade,adapter-generated,crates/sdroxide-ui/src/app/panels/rade.rs:148
panel23.app_panels_rade.text_148_8063a7,STOP TALKING,结束发射,panel23.app_panels_rade,adapter-generated,crates/sdroxide-ui/src/app/panels/rade.rs:148
panel23.app_panels_vdl2.text_267_0b6463,HELD,已保持,panel23.app_panels_vdl2,adapter-generated,crates/sdroxide-ui/src/app/panels/vdl2.rs:267
panel23.app_panels_vdl2.text_267_293f06,HELD  +{},已保持  +{},panel23.app_panels_vdl2,adapter-generated,crates/sdroxide-ui/src/app/panels/vdl2.rs:267
panel23.app_panels_vdl2.text_269_aacf94,HOLD,保持,panel23.app_panels_vdl2,adapter-generated,crates/sdroxide-ui/src/app/panels/vdl2.rs:269
panel23.app_qo100.text_1047_407944,starting…,正在启动…,panel23.app_qo100,adapter-generated,crates/sdroxide-ui/src/app/qo100.rs:1047
panel23.app_qo100.text_832_580358,carrier,载波,panel23.app_qo100,adapter-generated,crates/sdroxide-ui/src/app/qo100.rs:832
panel23.app_qo100.text_833_75c75e,sync,同步,panel23.app_qo100,adapter-generated,crates/sdroxide-ui/src/app/qo100.rs:833
panel23.app_settings_controls.text_417_c742e4,move it…,请操作此控件…,panel23.app_settings_controls,adapter-generated,crates/sdroxide-ui/src/app/settings/controls.rs:417
panel23.app_settings_controls.text_518_13915b,— none —,— 无 —,panel23.app_settings_controls,adapter-generated,crates/sdroxide-ui/src/app/settings/controls.rs:518
panel23.app_settings_controls.text_92_a05892,press a key…,请按一个键…,panel23.app_settings_controls,adapter-generated,crates/sdroxide-ui/src/app/settings/controls.rs:92
panel23.app_settings_relay.text_109_544213,— choose —,— 请选择 —,panel23.app_settings_relay,adapter-generated,crates/sdroxide-ui/src/app/settings/relay.rs:109
panel23.app_settings_relay.text_132_544213,— choose —,— 请选择 —,panel23.app_settings_relay,adapter-generated,crates/sdroxide-ui/src/app/settings/relay.rs:132
panel23.app_settings_relay.text_592_05c449,RX,接收,panel23.app_settings_relay,adapter-generated,crates/sdroxide-ui/src/app/settings/relay.rs:592
panel23.app_settings_relay.text_592_0bd9ce,Band,波段,panel23.app_settings_relay,adapter-generated,crates/sdroxide-ui/src/app/settings/relay.rs:592
panel23.app_settings_relay.text_592_536939,TX,发射,panel23.app_settings_relay,adapter-generated,crates/sdroxide-ui/src/app/settings/relay.rs:592
panel23.app_settings_relay.text_592_f96e06,Outputs asserted,已激活输出,panel23.app_settings_relay,adapter-generated,crates/sdroxide-ui/src/app/settings/relay.rs:592
panel23.widgets_spectrum_view.text_2358_ea1fae,SUB,副接收,panel23.widgets_spectrum_view,adapter-generated,crates/sdroxide-ui/src/widgets/spectrum_view.rs:2358
panel23.widgets_spectrum_view.text_2374_5c1f65,FOX,狐狸,panel23.widgets_spectrum_view,adapter-generated,crates/sdroxide-ui/src/widgets/spectrum_view.rs:2374
panel23.widgets_spectrum_view.text_2381_9a09ff,HOUNDS,猎犬,panel23.widgets_spectrum_view,adapter-generated,crates/sdroxide-ui/src/widgets/spectrum_view.rs:2381
panels.acars.text_103_5609f5,Nothing yet. ACARS is quiet between aircraft — leave it on a channel and wait for a burst.,尚未收到消息。ACARS 在航空器之间的消息间隔中保持静默；留在一个频道上等待突发信号。,panels.acars,adapter-generated,crates/sdroxide-ui/src/app/panels/acars.rs:103
panels.acars.text_123_95ed2e,mode {},模式 {},panels.acars,adapter-generated,crates/sdroxide-ui/src/app/panels/acars.rs:123
panels.acars.text_136_b0282e,check failed,校验失败,panels.acars,adapter-generated,crates/sdroxide-ui/src/app/panels/acars.rs:136
panels.acars.text_139_98313a,The block-check sequence did not match — text may be wrong.,数据块校验序列不匹配，文本可能有误。,panels.acars,adapter-generated,crates/sdroxide-ui/src/app/panels/acars.rs:139
panels.acars.text_144_8b9863,(no text),（无文本）,panels.acars,adapter-generated,crates/sdroxide-ui/src/app/panels/acars.rs:144
panels.acars.text_55_8faec6,Audio in the decoder's passband.,解码器通带内的音频。,panels.acars,adapter-generated,crates/sdroxide-ui/src/app/panels/acars.rs:55
panels.acars.text_57_cbf891,{} frames · {} bad,{} 帧 · {} 帧损坏,panels.acars,adapter-generated,crates/sdroxide-ui/src/app/panels/acars.rs:57
panels.acars.text_61_d99f5c,"Blocks that framed, and blocks whose check sequence failed.",成功定帧的数据块数，以及校验序列不通过的数据块数。,panels.acars,adapter-generated,crates/sdroxide-ui/src/app/panels/acars.rs:61
panels.acars.text_76_e258da,starting the ACARS receiver…,正在启动 ACARS 接收机…,panels.acars,adapter-generated,crates/sdroxide-ui/src/app/panels/acars.rs:76
panels.acars.text_83_597c11,CHANNEL,频道,panels.acars,adapter-generated,crates/sdroxide-ui/src/app/panels/acars.rs:83
panels.acars.text_86_f37c02,Tune the dial here.,将拨盘调到此频率。,panels.acars,adapter-generated,crates/sdroxide-ui/src/app/panels/acars.rs:86
panels.adsb.sort_headers.text_536_86c444,CALL,呼号,panels.adsb.sort_headers,adapter-generated,crates/sdroxide-ui/src/app/panels/adsb.rs:536
panels.adsb.sort_headers.text_540_c8b33f,ALT,高度,panels.adsb.sort_headers,adapter-generated,crates/sdroxide-ui/src/app/panels/adsb.rs:540
panels.adsb.sort_headers.text_541_3ed0f4,GS,地速,panels.adsb.sort_headers,adapter-generated,crates/sdroxide-ui/src/app/panels/adsb.rs:541
panels.adsb.sort_headers.text_542_cc7109,SIG,信号,panels.adsb.sort_headers,adapter-generated,crates/sdroxide-ui/src/app/panels/adsb.rs:542
panels.adsb.sort_headers.text_543_6f5d1d,TRK,航迹,panels.adsb.sort_headers,adapter-generated,crates/sdroxide-ui/src/app/panels/adsb.rs:543
panels.adsb.sort_headers.text_544_185f37,V/S,垂速,panels.adsb.sort_headers,adapter-generated,crates/sdroxide-ui/src/app/panels/adsb.rs:544
panels.adsb.sort_headers.text_545_7c440b,SQK,应答码,panels.adsb.sort_headers,adapter-generated,crates/sdroxide-ui/src/app/panels/adsb.rs:545
panels.adsb.sort_headers.text_547_ab864b,AGE,时龄,panels.adsb.sort_headers,adapter-generated,crates/sdroxide-ui/src/app/panels/adsb.rs:547
panels.adsb.text_131_dc0482,"Tune the receiver to 1090.000 MHz, the worldwide ADS-B downlink. There is only one channel.",将接收机调谐至 1090.000 MHz，即全球通用的 ADS-B 下行频率。只有一个通道。,panels.adsb,adapter-generated,crates/sdroxide-ui/src/app/panels/adsb.rs:131
panels.adsb.text_166_7175b0,SETUP,设置,panels.adsb,adapter-generated,crates/sdroxide-ui/src/app/panels/adsb.rs:166
panels.adsb.text_167_c69b88,"Timeouts, trail length and how far ahead the speed vectors reach",超时、航迹长度与速度向量的预测时长,panels.adsb,adapter-generated,crates/sdroxide-ui/src/app/panels/adsb.rs:167
panels.adsb.text_179_d27f87,TUNE {:.3},调谐 {:.3},panels.adsb,adapter-generated,crates/sdroxide-ui/src/app/panels/adsb.rs:179
panels.adsb.text_203_a32019,AIRCRAFT,飞机,panels.adsb,adapter-generated,crates/sdroxide-ui/src/app/panels/adsb.rs:203
panels.adsb.text_206_dfc337,filter,筛选,panels.adsb,adapter-generated,crates/sdroxide-ui/src/app/panels/adsb.rs:206
panels.adsb.text_250_63ee8f,nothing heard yet,尚未接收到飞机,panels.adsb,adapter-generated,crates/sdroxide-ui/src/app/panels/adsb.rs:250
panels.adsb.text_298_0e121b,on ground,地面目标,panels.adsb,adapter-generated,crates/sdroxide-ui/src/app/panels/adsb.rs:298
panels.adsb.text_302_159a69,position stale,位置已过期,panels.adsb,adapter-generated,crates/sdroxide-ui/src/app/panels/adsb.rs:302
panels.adsb.text_360_2215b7,CENTER,居中,panels.adsb,adapter-generated,crates/sdroxide-ui/src/app/panels/adsb.rs:360
panels.adsb.text_361_c01781,Put this aircraft in the middle of the map,将此飞机置于地图中心,panels.adsb,adapter-generated,crates/sdroxide-ui/src/app/panels/adsb.rs:361
panels.adsb.text_376_d778bd,The last frame accepted from this aircraft,此飞机最后一帧被接受的消息,panels.adsb,adapter-generated,crates/sdroxide-ui/src/app/panels/adsb.rs:376
panels.adsb.text_420_ae3b5b,ADS-B Setup,ADS-B 设置,panels.adsb,adapter-generated,crates/sdroxide-ui/src/app/panels/adsb.rs:420
panels.adsb.text_429_6186df,Drop from map after,从地图移除时间,panels.adsb,adapter-generated,crates/sdroxide-ui/src/app/panels/adsb.rs:429
panels.adsb.text_434_a2c18e,without a position report,未收到位置报告时,panels.adsb,adapter-generated,crates/sdroxide-ui/src/app/panels/adsb.rs:434
panels.adsb.text_440_4a374e,"Past this the aircraft comes off the map and its row greys. It is not faded: a dim square at a stale position is still a claim about where an aeroplane is, in the same ink as the true ones.",超过此时间后，飞机从地图移除，列表行变灰。不采用图标淡出，因为过期位置上的暗色方块仍会像有效目标一样暗示飞机的位置。,panels.adsb,adapter-generated,crates/sdroxide-ui/src/app/panels/adsb.rs:440
panels.adsb.text_449_a1c72d,Drop from list after,从列表移除时间,panels.adsb,adapter-generated,crates/sdroxide-ui/src/app/panels/adsb.rs:449
panels.adsb.text_456_2a2956,with nothing heard at all,完全没有收到信号时,panels.adsb,adapter-generated,crates/sdroxide-ui/src/app/panels/adsb.rs:456
panels.adsb.text_460_7d3344,Trail length,航迹长度,panels.adsb,adapter-generated,crates/sdroxide-ui/src/app/panels/adsb.rs:460
panels.adsb.text_465_bbbc02, points, 个点,panels.adsb,adapter-generated,crates/sdroxide-ui/src/app/panels/adsb.rs:465
panels.adsb.text_467_07dd1f,history dots behind each target,每个目标后方的历史轨迹点,panels.adsb,adapter-generated,crates/sdroxide-ui/src/app/panels/adsb.rs:467
panels.adsb.text_471_1fbc0c,Speed vector,速度向量,panels.adsb,adapter-generated,crates/sdroxide-ui/src/app/panels/adsb.rs:471
panels.adsb.text_477_2e7573, min, 分钟,panels.adsb,adapter-generated,crates/sdroxide-ui/src/app/panels/adsb.rs:477
panels.adsb.text_480_8437da,how far ahead the leader line reaches,引导线预测的未来时长,panels.adsb,adapter-generated,crates/sdroxide-ui/src/app/panels/adsb.rs:480
panels.adsb.text_487_8004b5,"One minute is the usual radar convention: the line is exactly as long as the distance the aircraft covers in that time, so two equal leaders are two equal speeds at any zoom. Zero switches them off.",通常按雷达惯例使用一分钟，线长恰好为飞机在该时间内飞行的距离。因此在任何缩放级别，两条等长引导线都表示相同速度。0 表示关闭。,panels.adsb,adapter-generated,crates/sdroxide-ui/src/app/panels/adsb.rs:487
panels.adsb.text_497_94d6c7,Track at most,最多跟踪,panels.adsb,adapter-generated,crates/sdroxide-ui/src/app/panels/adsb.rs:497
panels.adsb.text_501_303641, aircraft, 架飞机,panels.adsb,adapter-generated,crates/sdroxide-ui/src/app/panels/adsb.rs:501
panels.adsb.text_508_cf055c,Aircraft on the ground are placed against the station's own position — a surface squitter has no unambiguous decode of its own — so fill in My grid in the digimode setup if the airport nearby shows nothing.,地面飞机的位置需结合台站自身位置解算，因为地面扩展电文无法独立无歧义解码。若附近机场没有目标，请在数字模式设置中填写“我的网格定位符”。,panels.adsb,adapter-generated,crates/sdroxide-ui/src/app/panels/adsb.rs:508
panels.adsb.text_68_fa303b,starting the ADS-B decoder…,正在启动 ADS-B 解码器…,panels.adsb,adapter-generated,crates/sdroxide-ui/src/app/panels/adsb.rs:68
panels.ais.sort_headers.text_689_eaa589,NAME,名称,panels.ais.sort_headers,adapter-generated,crates/sdroxide-ui/src/app/panels/ais.rs:689
panels.ais.sort_headers.text_693_a90bab,TYPE,类型,panels.ais.sort_headers,adapter-generated,crates/sdroxide-ui/src/app/panels/ais.rs:693
panels.ais.sort_headers.text_695_7354ab,COG,航向,panels.ais.sort_headers,adapter-generated,crates/sdroxide-ui/src/app/panels/ais.rs:695
panels.ais.sort_headers.text_696_cc7109,SIG,信号,panels.ais.sort_headers,adapter-generated,crates/sdroxide-ui/src/app/panels/ais.rs:696
panels.ais.sort_headers.text_698_ab864b,AGE,时龄,panels.ais.sort_headers,adapter-generated,crates/sdroxide-ui/src/app/panels/ais.rs:698
panels.ais.text_136_fb98ab,"Tune between the two AIS channels — 161.975 (AIS 1, marine 87B) and 162.025 (AIS 2, 88B). The dial goes in the middle because nothing transmits there, so a zero-IF receiver's DC spike lands on neither.",调谐至两个 AIS 通道之间：161.975 MHz（AIS 1，海事 87B）与 162.025 MHz（AIS 2，88B）。中间位置没有发射信号，可使零中频接收机的直流尖峰避开两个通道。,panels.ais,adapter-generated,crates/sdroxide-ui/src/app/panels/ais.rs:136
panels.ais.text_189_7175b0,SETUP,设置,panels.ais,adapter-generated,crates/sdroxide-ui/src/app/panels/ais.rs:189
panels.ais.text_191_fa1261,"Channels, timeouts, trail length and how far ahead the vectors reach",通道、超时、航迹长度与速度向量的预测时长,panels.ais,adapter-generated,crates/sdroxide-ui/src/app/panels/ais.rs:191
panels.ais.text_204_d27f87,TUNE {:.3},调谐 {:.3},panels.ais,adapter-generated,crates/sdroxide-ui/src/app/panels/ais.rs:204
panels.ais.text_222_81c732,"the ships heard are {:+.1} kHz off frequency ({:+.0} ppm at 162 MHz) — set the front end's frequency correction, or transmissions past about 5 kHz will stop decoding",接收到的船舶信号偏移 {:+.1} kHz（162 MHz 时为 {:+.0} ppm）。请设置前端频率校正，否则偏移超过约 5 kHz 的信号将无法解码。,panels.ais,adapter-generated,crates/sdroxide-ui/src/app/panels/ais.rs:222
panels.ais.text_244_b40590,VESSELS,船舶,panels.ais,adapter-generated,crates/sdroxide-ui/src/app/panels/ais.rs:244
panels.ais.text_247_dfc337,filter,筛选,panels.ais,adapter-generated,crates/sdroxide-ui/src/app/panels/ais.rs:247
panels.ais.text_290_63ee8f,nothing heard yet,尚未接收到船舶,panels.ais,adapter-generated,crates/sdroxide-ui/src/app/panels/ais.rs:290
panels.ais.text_339_4b5a5d,virtual — nothing is there,虚拟目标，现场没有实体,panels.ais,adapter-generated,crates/sdroxide-ui/src/app/panels/ais.rs:339
panels.ais.text_346_159a69,position stale,位置已过期,panels.ais,adapter-generated,crates/sdroxide-ui/src/app/panels/ais.rs:346
panels.ais.text_356_a9a3d2,"a search-and-rescue transmitter, man-overboard beacon or AIS EPIRB",搜救发射器、落水人员信标或 AIS EPIRB,panels.ais,adapter-generated,crates/sdroxide-ui/src/app/panels/ais.rs:356
panels.ais.text_445_2215b7,CENTER,居中,panels.ais,adapter-generated,crates/sdroxide-ui/src/app/panels/ais.rs:445
panels.ais.text_446_0ac834,Put this vessel in the middle of the chart,将此船舶置于海图中心,panels.ais,adapter-generated,crates/sdroxide-ui/src/app/panels/ais.rs:446
panels.ais.text_462_d543a6,"The last message from this station, as the NMEA sentences a receiver would put on the wire. Paste it into any other AIS decoder to check what sdroxide made of it.",此台站最后一条消息，按接收机在线路上输出的 NMEA 语句显示。可粘贴到其他 AIS 解码器，核对 sdroxide 的解码结果。,panels.ais,adapter-generated,crates/sdroxide-ui/src/app/panels/ais.rs:462
panels.ais.text_509_989b14,AIS Setup,AIS 设置,panels.ais,adapter-generated,crates/sdroxide-ui/src/app/panels/ais.rs:509
panels.ais.text_518_4c8906,Channels,通道,panels.ais,adapter-generated,crates/sdroxide-ui/src/app/panels/ais.rs:518
panels.ais.text_523_3422f3,"{:.3} MHz — marine channel {}. A ship alternates between the two, so switching one off halves how often every vessel is heard.",{:.3} MHz，海事通道 {}。船舶交替使用两个通道，关闭其中一个会使每艘船的接收频率减半。,panels.ais,adapter-generated,crates/sdroxide-ui/src/app/panels/ais.rs:523
panels.ais.text_537_5b5ab2,Drop from chart after,从海图移除时间,panels.ais,adapter-generated,crates/sdroxide-ui/src/app/panels/ais.rs:537
panels.ais.text_542_a2c18e,without a position report,未收到位置报告时,panels.ais,adapter-generated,crates/sdroxide-ui/src/app/panels/ais.rs:542
panels.ais.text_548_9c06af,"Five minutes by default, not ADS-B's ten seconds: a vessel at anchor reports once every three minutes, and a shorter window would blank most of a harbour between two perfectly good reports. Past it the ship comes off the chart and its row greys — it is not faded, because a dim symbol at a stale position is still a claim about where a ship is, in the same ink as the true ones.",默认五分钟，与 ADS-B 的十秒不同：锚泊船舶每三分钟才报告一次，更短时间窗会在两份正常报告之间清空港口的大部分目标。超过时限后，船舶从海图移除，列表行变灰，不采用图标淡出，因为在过期位置绘制暗色符号仍会像有效目标一样暗示船舶位置。,panels.ais,adapter-generated,crates/sdroxide-ui/src/app/panels/ais.rs:548
panels.ais.text_561_a1c72d,Drop from list after,从列表移除时间,panels.ais,adapter-generated,crates/sdroxide-ui/src/app/panels/ais.rs:561
panels.ais.text_568_2a2956,with nothing heard at all,完全没有收到信号时,panels.ais,adapter-generated,crates/sdroxide-ui/src/app/panels/ais.rs:568
panels.ais.text_574_f8d9a9,"The message carrying a ship's name comes round every six minutes, so a short list window keeps throwing vessels away just before they say what they are called.",包含船名的消息每六分钟才发送一次，过短的列表保留时间会在船舶即将报告名称前将其反复移除。,panels.ais,adapter-generated,crates/sdroxide-ui/src/app/panels/ais.rs:574
panels.ais.text_583_7d3344,Trail length,航迹长度,panels.ais,adapter-generated,crates/sdroxide-ui/src/app/panels/ais.rs:583
panels.ais.text_588_2e7573, min, 分钟,panels.ais,adapter-generated,crates/sdroxide-ui/src/app/panels/ais.rs:588
panels.ais.text_590_1101ac,of history behind each target,每个目标后方的历史航迹时长,panels.ais,adapter-generated,crates/sdroxide-ui/src/app/panels/ais.rs:590
panels.ais.text_596_5f4e0e,"In minutes rather than in points, because AIS reporting rates span two orders of magnitude: a fixed count would be eighty seconds of a ferry and two hours of an anchored tanker, drawn identically. Zero switches trails off.",使用分钟而非点数，因为 AIS 报告速率相差两个数量级：相同点数可能表示渡轮八十秒或锚泊油轮两小时，却绘制成同样航迹。0 表示关闭航迹。,panels.ais,adapter-generated,crates/sdroxide-ui/src/app/panels/ais.rs:596
panels.ais.text_606_1fbc0c,Speed vector,速度向量,panels.ais,adapter-generated,crates/sdroxide-ui/src/app/panels/ais.rs:606
panels.ais.text_612_2e7573, min, 分钟,panels.ais,adapter-generated,crates/sdroxide-ui/src/app/panels/ais.rs:612
panels.ais.text_615_30730f,how far ahead the vector reaches,向量预测的未来时长,panels.ais,adapter-generated,crates/sdroxide-ui/src/app/panels/ais.rs:615
panels.ais.text_620_0460da,Slot threshold,时隙阈值,panels.ais,adapter-generated,crates/sdroxide-ui/src/app/panels/ais.rs:620
panels.ais.text_626_c42985,above the channel's learned noise floor,高于通道已学习底噪的幅度,panels.ais,adapter-generated,crates/sdroxide-ui/src/app/panels/ais.rs:626
panels.ais.text_633_94d6c7,Track at most,最多跟踪,panels.ais,adapter-generated,crates/sdroxide-ui/src/app/panels/ais.rs:633
panels.ais.text_637_fa0d93, vessels, 艘船,panels.ais,adapter-generated,crates/sdroxide-ui/src/app/panels/ais.rs:637
panels.ais.text_644_f499a7,"AIS is receive-only here and always will be: it is a safety-of-life service, and putting false vessel traffic on it is not something a licence covers.",本软件中的 AIS 仅接收，并将始终如此。它属于生命安全业务，许可证不允许在其通道上注入虚假船舶通信。,panels.ais,adapter-generated,crates/sdroxide-ui/src/app/panels/ais.rs:644
panels.ais.text_653_159169,"Fill in My grid in the digimode setup for ranges and bearings, and so the chart frames itself around where you are rather than around whatever is furthest away.",在数字模式设置中填写“我的网格定位符”，以计算距离和方位，并使海图围绕你的位置适配，而非围绕最远目标。,panels.ais,adapter-generated,crates/sdroxide-ui/src/app/panels/ais.rs:653
panels.ais.text_73_dc7a10,starting the AIS decoder…,正在启动 AIS 解码器…,panels.ais,adapter-generated,crates/sdroxide-ui/src/app/panels/ais.rs:73
panels.aprs.text_120_a6af61,1200 baud,1200 波特,panels.aprs,adapter-generated,crates/sdroxide-ui/src/app/panels/aprs.rs:120
panels.aprs.text_129_c8ded9,no callsign,未设置呼号,panels.aprs,adapter-generated,crates/sdroxide-ui/src/app/panels/aprs.rs:129
panels.aprs.text_131_2dd102,"Nothing will be transmitted — no beacon, no message, not even an acknowledgement — until this station has a callsign. Set one under Settings → General, or an APRS-specific one with its SSID under SETUP.",未设置台站呼号前，不会发送信标、消息或任何确认。请在设置 → 常规中填写呼号，或在本模式设置中填写带 SSID 的 APRS 专用呼号。,panels.aprs,adapter-generated,crates/sdroxide-ui/src/app/panels/aprs.rs:131
panels.aprs.text_136_c445c2,no position,未设置位置,panels.aprs,adapter-generated,crates/sdroxide-ui/src/app/panels/aprs.rs:136
panels.aprs.text_138_138923,"A beacon needs somewhere to report. Fill in your locator under Settings → General, or give coordinates under SETUP.",信标需要报告位置。请在设置 → 常规中填写网格定位符，或在本模式设置中填写坐标。,panels.aprs,adapter-generated,crates/sdroxide-ui/src/app/panels/aprs.rs:138
panels.aprs.text_149_7175b0,SETUP,设置,panels.aprs,adapter-generated,crates/sdroxide-ui/src/app/panels/aprs.rs:149
panels.aprs.text_151_37c3b7,"Callsign, symbol, digipeater path, position and beacon",呼号、符号、数字中继路径、位置与信标,panels.aprs,adapter-generated,crates/sdroxide-ui/src/app/panels/aprs.rs:151
panels.aprs.text_179_b61f44,"How often to beacon your position, unattended. `off` — the default — never beacons: selecting a mode must not put a station on the air. Thirty minutes is the convention for a fixed station, oftener for a moving one, and every beacon is somebody else's channel time.",无人值守时发送位置信标的间隔。默认关闭，不会发送信标；选择模式不应使台站自动发射。固定台站通常每三十分钟发送一次，移动台站更频繁，但每次信标都会占用其他人的通道时间。,panels.aprs,adapter-generated,crates/sdroxide-ui/src/app/panels/aprs.rs:179
panels.aprs.text_192_3c5ef8, BEACON , 发送信标 ,panels.aprs,adapter-generated,crates/sdroxide-ui/src/app/panels/aprs.rs:192
panels.aprs.text_197_50b09c,This station has no callsign — see the warning to the left.,此台站未设置呼号，请查看左侧警告。,panels.aprs,adapter-generated,crates/sdroxide-ui/src/app/panels/aprs.rs:197
panels.aprs.text_199_be21ee,This station has no position to report — see the warning to the left.,此台站没有可报告的位置，请查看左侧警告。,panels.aprs,adapter-generated,crates/sdroxide-ui/src/app/panels/aprs.rs:199
panels.aprs.text_201_18373f,"Send one position report now, without waiting for the interval. It waits for the channel to be clear like everything else.",立即发送一次位置报告，不等待定时间隔。与其他发送相同，会等待通道空闲。,panels.aprs,adapter-generated,crates/sdroxide-ui/src/app/panels/aprs.rs:201
panels.aprs.text_231_791930,STATIONS,台站,panels.aprs,adapter-generated,crates/sdroxide-ui/src/app/panels/aprs.rs:231
panels.aprs.text_235_dfc337,filter,筛选,panels.aprs,adapter-generated,crates/sdroxide-ui/src/app/panels/aprs.rs:235
panels.aprs.text_274_63ee8f,nothing heard yet,尚未接收到台站,panels.aprs,adapter-generated,crates/sdroxide-ui/src/app/panels/aprs.rs:274
panels.aprs.text_39_4e5988,starting the APRS modem…,正在启动 APRS 调制解调器…,panels.aprs,adapter-generated,crates/sdroxide-ui/src/app/panels/aprs.rs:39
panels.aprs.text_410_b8271f,object from {},来自 {} 的对象,panels.aprs,adapter-generated,crates/sdroxide-ui/src/app/panels/aprs.rs:410
panels.aprs.text_421_9aa9a3,heard direct,直接接收,panels.aprs,adapter-generated,crates/sdroxide-ui/src/app/panels/aprs.rs:421
panels.aprs.text_425_45c128,via {},经由 {},panels.aprs,adapter-generated,crates/sdroxide-ui/src/app/panels/aprs.rs:425
panels.aprs.text_451_58efab,The two characters the station sent to say what it is,台站发送的两个符号标识字符,panels.aprs,adapter-generated,crates/sdroxide-ui/src/app/panels/aprs.rs:451
panels.aprs.text_453_78ab57,KILLED,已撤销,panels.aprs,adapter-generated,crates/sdroxide-ui/src/app/panels/aprs.rs:453
panels.aprs.text_454_742e0e,The station that put this object here has cancelled it,发布此对象的台站已撤销它,panels.aprs,adapter-generated,crates/sdroxide-ui/src/app/panels/aprs.rs:454
panels.aprs.text_459_b57451,object reported by {},由 {} 报告的对象,panels.aprs,adapter-generated,crates/sdroxide-ui/src/app/panels/aprs.rs:459
panels.aprs.text_476_6275a1,± {} digit(s) blanked,± 隐去 {} 位数字,panels.aprs,adapter-generated,crates/sdroxide-ui/src/app/panels/aprs.rs:476
panels.aprs.text_481_652d57,The sender deliberately reported a square rather than a point. The map draws the square.,发送者有意报告一个方格而非精确点位，地图按方格绘制。,panels.aprs,adapter-generated,crates/sdroxide-ui/src/app/panels/aprs.rs:481
panels.aprs.text_531_0f48e5,"{} frame(s), last {} ago",{} 帧，上次接收距今 {},panels.aprs,adapter-generated,crates/sdroxide-ui/src/app/panels/aprs.rs:531
panels.aprs.text_541_45c128,via {},经由 {},panels.aprs,adapter-generated,crates/sdroxide-ui/src/app/panels/aprs.rs:541
panels.aprs.text_544_c5c85d,The digipeaters the last frame came through. A `*` marks one that actually repeated it.,最后一帧经过的数字中继台。`*` 表示实际执行过转发的中继台。,panels.aprs,adapter-generated,crates/sdroxide-ui/src/app/panels/aprs.rs:544
panels.aprs.text_552_b8bcbf, MESSAGE , 消息 ,panels.aprs,adapter-generated,crates/sdroxide-ui/src/app/panels/aprs.rs:552
panels.aprs.text_553_1b8ae0,Address the message box to this station,将消息框收件台站设为此台站,panels.aprs,adapter-generated,crates/sdroxide-ui/src/app/panels/aprs.rs:553
panels.aprs.text_560_bb97bf, CENTER , 居中 ,panels.aprs,adapter-generated,crates/sdroxide-ui/src/app/panels/aprs.rs:560
panels.aprs.text_562_f1a3f9,Put this station in the middle of the map. Double-click the map to hand the view back to the automatic fit.,将此台站置于地图中心。双击地图可恢复自动适配视野。,panels.aprs,adapter-generated,crates/sdroxide-ui/src/app/panels/aprs.rs:562
panels.aprs.text_604_2b1427,MESSAGES,消息,panels.aprs,adapter-generated,crates/sdroxide-ui/src/app/panels/aprs.rs:604
panels.aprs.text_604_597c11,CHANNEL,通道,panels.aprs,adapter-generated,crates/sdroxide-ui/src/app/panels/aprs.rs:604
panels.aprs.text_615_efb07e,{} bad,错误 {},panels.aprs,adapter-generated,crates/sdroxide-ui/src/app/panels/aprs.rs:615
panels.aprs.text_617_13b38d,"Frames that arrived and failed their check sequence — a collision, a fade, or a signal too weak to read. A count rising with nothing decoding means the modem *is* hearing the channel: check the level meter, and open the radio's squelch.",接收到但校验序列失败的帧，可能由碰撞、衰落或过弱信号造成。计数增加但没有解码时，说明调制解调器确实听到了通道，请检查电平表并打开电台静噪。,panels.aprs,adapter-generated,crates/sdroxide-ui/src/app/panels/aprs.rs:617
panels.aprs.text_624_b9faba,{} other,其他 {},panels.aprs,adapter-generated,crates/sdroxide-ui/src/app/panels/aprs.rs:624
panels.aprs.text_626_06c2d1,"Frames read cleanly off the channel that were not APRS — somebody else's packet session, or a format this build does not decode.",从通道正确读取、但不属于 APRS 的帧，例如他人的分组会话或此版本无法解码的格式。,panels.aprs,adapter-generated,crates/sdroxide-ui/src/app/panels/aprs.rs:626
panels.aprs.text_632_ac0562,RAW,原始帧,panels.aprs,adapter-generated,crates/sdroxide-ui/src/app/panels/aprs.rs:632
panels.aprs.text_634_e3de39,"Every frame on the channel, as it arrived — other people's traffic included, and anything the decoder could not read.",按接收原样显示通道上的每一帧，包括其他人的通信及解码器无法读取的内容。,panels.aprs,adapter-generated,crates/sdroxide-ui/src/app/panels/aprs.rs:634
panels.aprs.text_658_84553f,nothing on the channel yet,通道上尚无接收内容,panels.aprs,adapter-generated,crates/sdroxide-ui/src/app/panels/aprs.rs:658
panels.aprs.text_682_4b2f61,No messages.,没有消息。,panels.aprs,adapter-generated,crates/sdroxide-ui/src/app/panels/aprs.rs:682
panels.aprs.text_743_5782b1,reply,回复,panels.aprs,adapter-generated,crates/sdroxide-ui/src/app/panels/aprs.rs:743
panels.aprs.text_758_663ea1,to,收件台站,panels.aprs,adapter-generated,crates/sdroxide-ui/src/app/panels/aprs.rs:758
panels.aprs.text_768_ab530a,message,消息,panels.aprs,adapter-generated,crates/sdroxide-ui/src/app/panels/aprs.rs:768
panels.aprs.text_780_3f326b, SEND , 发送 ,panels.aprs,adapter-generated,crates/sdroxide-ui/src/app/panels/aprs.rs:780
panels.aprs.text_785_dc733e,"This station has no callsign, so nothing can be transmitted. Set one under Settings → General, or an APRS-specific one with its SSID under SETUP.",此台站未设置呼号，无法发射。请在设置 → 常规中填写呼号，或在本模式设置中填写带 SSID 的 APRS 专用呼号。,panels.aprs,adapter-generated,crates/sdroxide-ui/src/app/panels/aprs.rs:785
panels.aprs.text_788_1da13f,Needs a station to address and something to say.,需要填写收件台站和消息内容。,panels.aprs,adapter-generated,crates/sdroxide-ui/src/app/panels/aprs.rs:788
panels.aprs.text_790_37ae08,"Send it, and keep retrying until the far end acknowledges. Messages are the one thing on this channel that is answered.",发送消息，并持续重试直到远端确认。消息是此通道上会得到应答的通信。,panels.aprs,adapter-generated,crates/sdroxide-ui/src/app/panels/aprs.rs:790
panels.aprs.text_841_8dc9ba,"Stations heard and still inside the window set in APRS Setup, and whether another station is on the channel right now. Nothing will key while it is busy.",已接收且仍在 APRS 设置保留时间内的台站，以及当前是否有其他台站占用通道。通道忙时不会启动发射。,panels.aprs,adapter-generated,crates/sdroxide-ui/src/app/panels/aprs.rs:841
panels.aprs.text_861_ed6c45,"The over in progress, the frames waiting for the channel to clear, or the time until the next scheduled beacon.",正在进行的发射、等待通道空闲的帧，或距下一次定时信标的时间。,panels.aprs,adapter-generated,crates/sdroxide-ui/src/app/panels/aprs.rs:861
panels.aprs.text_893_694082,Audio reaching the modem. Flat means nothing is arriving at all — check that the radio's data output is the one sdroxide is listening to. It lights up green while the modem hears a carrier.,到达调制解调器的音频。完全平坦表示没有音频到达，请检查 sdroxide 是否正在接收电台的数据输出。调制解调器检测到载波时显示绿色。,panels.aprs,adapter-generated,crates/sdroxide-ui/src/app/panels/aprs.rs:893
panels.atchat.text_106_227fdd,off net,未加入网络,panels.atchat,adapter-generated,crates/sdroxide-ui/src/app/panels/atchat.rs:106
panels.atchat.text_118_0ee04d,master {m},主站 {m},panels.atchat,adapter-generated,crates/sdroxide-ui/src/app/panels/atchat.rs:118
panels.atchat.text_121_7d9fed,● CARRIER,● 载波,panels.atchat,adapter-generated,crates/sdroxide-ui/src/app/panels/atchat.rs:121
panels.atchat.text_122_f1bc02,Another station is transmitting — the channel is busy.,其他台站正在发射，频道忙。,panels.atchat,adapter-generated,crates/sdroxide-ui/src/app/panels/atchat.rs:122
panels.atchat.text_125_548c99,● TX,● 发射,panels.atchat,adapter-generated,crates/sdroxide-ui/src/app/panels/atchat.rs:125
panels.atchat.text_132_3b3b5d,⚙ SETUP,⚙ 配置,panels.atchat,adapter-generated,crates/sdroxide-ui/src/app/panels/atchat.rs:132
panels.atchat.text_134_ebcf24,Station callsign and the virtual-channel address,台站呼号及虚拟频道地址,panels.atchat,adapter-generated,crates/sdroxide-ui/src/app/panels/atchat.rs:134
panels.atchat.text_146_d134b4,VIRTUAL CHANNEL,虚拟频道,panels.atchat,adapter-generated,crates/sdroxide-ui/src/app/panels/atchat.rs:146
panels.atchat.text_152_333d85,Work the net over a TCP endpoint instead of the radio — a channel_server-compatible loopback for radio-less development. Off puts the station on the air.,通过 TCP 端点而非电台加入网络；这是兼容 channel_server 的回环通道，用于无电台开发。关闭后台站将通过无线电通信。,panels.atchat,adapter-generated,crates/sdroxide-ui/src/app/panels/atchat.rs:152
panels.atchat.text_217_98a1a3,ROSTER,台站列表,panels.atchat,adapter-generated,crates/sdroxide-ui/src/app/panels/atchat.rs:217
panels.atchat.text_219_87e920,nobody heard yet,尚未收到台站,panels.atchat,adapter-generated,crates/sdroxide-ui/src/app/panels/atchat.rs:219
panels.atchat.text_227_8b4f4a,{} — last heard {:.0}s ago · click to open a direct-message tab,{} · 最后接收于 {:.0}秒前；点击打开私聊选项卡,panels.atchat,adapter-generated,crates/sdroxide-ui/src/app/panels/atchat.rs:227
panels.atchat.text_258_4219c8, CHAT , 聊天 ,panels.atchat,adapter-generated,crates/sdroxide-ui/src/app/panels/atchat.rs:258
panels.atchat.text_259_329cf8,The common channel — lines here go to everyone (ALL),公共频道；此处的消息发送给所有台站（ALL）,panels.atchat,adapter-generated,crates/sdroxide-ui/src/app/panels/atchat.rs:259
panels.atchat.text_293_224279,close the {peer} tab,关闭 {peer} 的选项卡,panels.atchat,adapter-generated,crates/sdroxide-ui/src/app/panels/atchat.rs:293
panels.atchat.text_303_bcce70, LOG , 活动日志 ,panels.atchat,adapter-generated,crates/sdroxide-ui/src/app/panels/atchat.rs:303
panels.atchat.text_306_f11513,"The station's own on-air activity — master election, roster ageing, ARQ retries",本站的无线电活动：主站选举、台站列表老化及 ARQ 重试,panels.atchat,adapter-generated,crates/sdroxide-ui/src/app/panels/atchat.rs:306
panels.atchat.text_33_9f36f6,starting the AtCHAT NET station…,正在启动 AtCHAT NET 台站…,panels.atchat,adapter-generated,crates/sdroxide-ui/src/app/panels/atchat.rs:33
panels.atchat.text_341_7c1d8e,No activity logged yet.,尚无活动记录。,panels.atchat,adapter-generated,crates/sdroxide-ui/src/app/panels/atchat.rs:341
panels.atchat.text_373_f0d596,No messages yet.,尚无消息。,panels.atchat,adapter-generated,crates/sdroxide-ui/src/app/panels/atchat.rs:373
panels.atchat.text_412_3f326b, SEND , 发送 ,panels.atchat,adapter-generated,crates/sdroxide-ui/src/app/panels/atchat.rs:412
panels.atchat.text_443_07f15f,TRANSFERS,文件传输,panels.atchat,adapter-generated,crates/sdroxide-ui/src/app/panels/atchat.rs:443
panels.atchat.text_446_2b9d66,→ ALL,→ 所有台站,panels.atchat,adapter-generated,crates/sdroxide-ui/src/app/panels/atchat.rs:446
panels.atchat.text_453_eb3e02,A sent file follows the active chat tab,文件发送给当前聊天选项卡中的接收对象,panels.atchat,adapter-generated,crates/sdroxide-ui/src/app/panels/atchat.rs:453
panels.atchat.text_456_6ef3c4, SEND FILE , 发送文件 ,panels.atchat,adapter-generated,crates/sdroxide-ui/src/app/panels/atchat.rs:456
panels.atchat.text_458_63531c,"Send a file or image over the air, block-CRC-ARQ",通过无线电发送文件或图像，采用数据块 CRC 校验和 ARQ 重传,panels.atchat,adapter-generated,crates/sdroxide-ui/src/app/panels/atchat.rs:458
panels.atchat.text_480_5b39c6,nothing in flight,没有正在传输的文件,panels.atchat,adapter-generated,crates/sdroxide-ui/src/app/panels/atchat.rs:480
panels.atchat.text_503_fd8cc9,IMAGES,图像,panels.atchat,adapter-generated,crates/sdroxide-ui/src/app/panels/atchat.rs:503
panels.atchat.text_509_7a279d,No images received.,尚未收到图像。,panels.atchat,adapter-generated,crates/sdroxide-ui/src/app/panels/atchat.rs:509
panels.atchat.text_553_5c4f39,cannot display {},无法显示 {},panels.atchat,adapter-generated,crates/sdroxide-ui/src/app/panels/atchat.rs:553
panels.atchat.text_77_6cb28d,NET — multi-station keyboard & file,NET · 多台站文字及文件通信,panels.atchat,adapter-generated,crates/sdroxide-ui/src/app/panels/atchat.rs:77
panels.atchat.you,me,我,panels.atchat,reviewed-display-resource,crates/sdroxide-ui/src/app/panels/atchat.rs:363
panels.common.text_1004_b35511,A global convention that the IARU Region {} band plan does not put narrow data on — check your own band plan before transmitting here.,全球通行约定，但 IARU 第 {} 区的波段规划未将此处划为窄带数据区域；在这里发射前请核对当地波段规划。,panels.common,adapter-generated,crates/sdroxide-ui/src/app/panels/mod.rs:1004
panels.common.text_1020_b2f697,Forget this saved frequency,移除此保存的频率,panels.common,adapter-generated,crates/sdroxide-ui/src/app/panels/mod.rs:1020
panels.common.text_1033_e211ce,Amber: outside the Region {} data segment.,琥珀色：位于第 {} 区的数据频段之外。,panels.common,adapter-generated,crates/sdroxide-ui/src/app/panels/mod.rs:1033
panels.common.text_1050_d1035b,＋ Save {:.3} MHz,＋ 保存 {:.3} MHz,panels.common,adapter-generated,crates/sdroxide-ui/src/app/panels/mod.rs:1050
panels.common.text_1052_ba1cfc,This dial is already one of your saved frequencies.,当前拨盘频率已经保存在自定义列表中。,panels.common,adapter-generated,crates/sdroxide-ui/src/app/panels/mod.rs:1052
panels.common.text_1054_d8f847,This dial is already in the agreed list for this mode.,当前拨盘频率已经列入此模式的约定频率列表。,panels.common,adapter-generated,crates/sdroxide-ui/src/app/panels/mod.rs:1054
panels.common.text_1057_527f0c,"Remember this dial under {} and offer it here from now on. Saved on the station, so every screen attached to this radio has it.",将当前拨盘频率保存在 {} 下，今后在此菜单中提供。数据保存在台站端，连接此电台的每个界面都可使用。,panels.common,adapter-generated,crates/sdroxide-ui/src/app/panels/mod.rs:1057
panels.common.text_1106_365a64,Decode squelch — raise to stop decoding noise,解码静噪；提高门限可避免解码噪声,panels.common,adapter-generated,crates/sdroxide-ui/src/app/panels/mod.rs:1106
panels.common.text_1107_a7056a,SQL,静噪,panels.common,adapter-generated,crates/sdroxide-ui/src/app/panels/mod.rs:1107
panels.common.text_1157_514cb1,period,周期,panels.common,adapter-generated,crates/sdroxide-ui/src/app/panels/mod.rs:1157
panels.common.text_1161_8592c4,{}-second T/R period,收发周期 {} 秒,panels.common,adapter-generated,crates/sdroxide-ui/src/app/panels/mod.rs:1161
panels.common.text_1202_34956c,The message repeats for as long as transmit is held — a meteor catches whatever part of it is passing.,只要持续发射，消息就不断重复；流星反射会截获它经过时的任意一段。,panels.common,adapter-generated,crates/sdroxide-ui/src/app/panels/mod.rs:1202
panels.common.text_1209_536939,TX,发射,panels.common,adapter-generated,crates/sdroxide-ui/src/app/panels/mod.rs:1209
panels.common.text_1239_23d5e1, CALL CQ , 呼叫 CQ ,panels.common,adapter-generated,crates/sdroxide-ui/src/app/panels/mod.rs:1239
panels.common.text_1302_852b73,"This turn: {:.1} s of {:.0}. Decodes land at the end of it, and that is when the next transmission may start.{}",当前周期：{:.1} 秒，共 {:.0} 秒。解码结果在周期结束时显示，下一次发射也可从那时开始。{},panels.common,adapter-generated,crates/sdroxide-ui/src/app/panels/mod.rs:1302
panels.common.text_1308_0be299," The mark is where the burst stops, {:.1} s in.", 标记表示突发信号在周期内第 {:.1} 秒结束。,panels.common,adapter-generated,crates/sdroxide-ui/src/app/panels/mod.rs:1308
panels.common.text_1356_514cb1,period,周期,panels.common,adapter-generated,crates/sdroxide-ui/src/app/panels/mod.rs:1356
panels.common.text_1360_8592c4,{}-second T/R period,收发周期 {} 秒,panels.common,adapter-generated,crates/sdroxide-ui/src/app/panels/mod.rs:1360
panels.common.text_1395_a84198,"{:.0}-second T/R period, {:.1} s burst",收发周期 {:.0} 秒，突发信号 {:.1} 秒,panels.common,adapter-generated,crates/sdroxide-ui/src/app/panels/mod.rs:1395
panels.common.text_167_f4b6c4, SAVE , 保存 ,panels.common,adapter-generated,crates/sdroxide-ui/src/app/panels/mod.rs:167
panels.common.text_175_cb68eb,Nothing decoded to save,没有可保存的解码内容,panels.common,adapter-generated,crates/sdroxide-ui/src/app/panels/mod.rs:175
panels.common.text_186_c39d77, CLEAR RX , 清空接收 ,panels.common,adapter-generated,crates/sdroxide-ui/src/app/panels/mod.rs:186
panels.common.text_192_75ac8c,Empty the receive window. Nothing that is on the air stops.,清空接收窗口，不会停止正在进行的无线电通信。,panels.common,adapter-generated,crates/sdroxide-ui/src/app/panels/mod.rs:192
panels.common.text_194_5da0ec,Nothing received to clear,没有可清空的接收内容,panels.common,adapter-generated,crates/sdroxide-ui/src/app/panels/mod.rs:194
panels.common.text_292_8ccd1e,PROP,传播,panels.common,adapter-generated,crates/sdroxide-ui/src/app/panels/mod.rs:292
panels.common.text_297_5d5450,"Shade the map by where signals are actually getting through, on each band. Every reception is placed at the midpoint of its path — the patch of ionosphere that bent it — not at the far station, so this is a map of the sky rather than of where radio amateurs live. Built from paths this station has taken part in, plus — when the Reverse Beacon Network is switched on under Settings → Spots — what the world's skimmers are hearing, which covers the bands this radio is not on.",按各波段信号实际通过的区域为地图着色。每次接收标在传播路径的中点，即使信号弯折的电离层区域，而非对方台站的位置。因此这显示的是传播环境，而非业余无线电爱好者的分布。数据来自本站参与的传播路径；若在“设置 → 接收报告”中启用反向信标网络，还会加入全球自动监听站收到的信号，覆盖本电台当前未监听的波段。,panels.common,adapter-generated,crates/sdroxide-ui/src/app/panels/mod.rs:297
panels.common.text_307_791626,NIGHT,夜区,panels.common,adapter-generated,crates/sdroxide-ui/src/app/panels/mod.rs:307
panels.common.text_309_35cebe,"Shade where the Sun is down, and the twilight between, so the grey line shows on the map. Low bands go long and high bands close on the night side of it, and the terminator itself is where the DX is.",为日落后的区域及其间的曙暮光区域着色，在地图上显示灰线。夜侧的低波段适合远距离传播，高波段则趋于关闭；晨昏线本身也是远距离通信值得关注的区域。,panels.common,adapter-generated,crates/sdroxide-ui/src/app/panels/mod.rs:309
panels.common.text_321_1eb5e7,ALL BANDS,全部波段,panels.common,adapter-generated,crates/sdroxide-ui/src/app/panels/mod.rs:321
panels.common.text_322_8f00cf,"Every band at once, one hue each — overall conditions.",同时显示所有波段，每个波段一种色调，呈现整体传播状况。,panels.common,adapter-generated,crates/sdroxide-ui/src/app/panels/mod.rs:322
panels.common.text_327_e3ea18,ONE BAND,单一波段,panels.common,adapter-generated,crates/sdroxide-ui/src/app/panels/mod.rs:327
panels.common.text_328_c3f4ed,"One band, cold to hot: blue, green, yellow, red.",显示一个波段，由冷到热依次为蓝、绿、黄、红。,panels.common,adapter-generated,crates/sdroxide-ui/src/app/panels/mod.rs:328
panels.common.text_354_abffea,top ≈ {:.0} paths,最大值约 {:.0} 条路径,panels.common,adapter-generated,crates/sdroxide-ui/src/app/panels/mod.rs:354
panels.common.text_387_f368a0,The frequency you are actually working: the dial plus the tone offset beside it. This is what goes in the log — the dial alone is that much low.,实际通信频率：拨盘频率加上旁边的音调频偏。日志记录此频率；单独使用拨盘频率会少算这段频偏。,panels.common,adapter-generated,crates/sdroxide-ui/src/app/panels/mod.rs:387
panels.common.text_717_b4d14f,{} rx,接收 {} 条,panels.common,adapter-generated,crates/sdroxide-ui/src/app/panels/mod.rs:717
panels.common.text_811_52a48e,SEND ON RETURN,回车发送,panels.common,adapter-generated,crates/sdroxide-ui/src/app/panels/mod.rs:811
panels.common.text_921_3dc2d9,No frequency is agreed for {} — open this to save the one you are on,{} 尚无约定频率；打开此菜单可保存当前频率,panels.common,adapter-generated,crates/sdroxide-ui/src/app/panels/mod.rs:921
panels.common.text_926_0978fc,"The {} frequencies for {} — picking one tunes the dial, and you can save your own",共有 {} 个 {} 频率；选择后会调谐拨盘，也可保存自定义频率,panels.common,adapter-generated,crates/sdroxide-ui/src/app/panels/mod.rs:926
panels.common.text_962_e6ec92,{} · frequencies,{} · 频率列表,panels.common,adapter-generated,crates/sdroxide-ui/src/app/panels/mod.rs:962
panels.common.text_970_7bca5c,Nothing agreed for this mode — save your own below.,此模式尚无约定频率，可在下方保存自定义频率。,panels.common,adapter-generated,crates/sdroxide-ui/src/app/panels/mod.rs:970
panels.cw.text_122_cf4880,Sending speed read off the signal,从信号读取的发送速度,panels.cw,adapter-generated,crates/sdroxide-ui/src/app/panels/cw.rs:122
panels.cw.text_128_e880fc,Signal to noise in 500 Hz — the same figure a report quotes,500 Hz 带宽内的信噪比，与信号报告使用的数值一致,panels.cw,adapter-generated,crates/sdroxide-ui/src/app/panels/cw.rs:128
panels.cw.text_139_9ee1ad,"How far off the cursor the signal actually is. The decoder follows it; the passband does not, so nudge the cursor if it grows.",信号实际偏离光标的幅度。解码器会跟踪信号，通带不会，因此偏移增大时请微调光标。,panels.cw,adapter-generated,crates/sdroxide-ui/src/app/panels/cw.rs:139
panels.cw.text_144_55e88c,— listening —,— 正在监听 —,panels.cw,adapter-generated,crates/sdroxide-ui/src/app/panels/cw.rs:144
panels.cw.text_150_548c99,● TX,● 发射,panels.cw,adapter-generated,crates/sdroxide-ui/src/app/panels/cw.rs:150
panels.cw.text_161_771ed3,TRAINER,练习器,panels.cw,adapter-generated,crates/sdroxide-ui/src/app/panels/cw.rs:161
panels.cw.text_163_7aaf8f,"Learn Morse: read characters and words, play them at your own speed, and a Koch drill that adds a character at a time. It plays here, through this computer's speakers — nothing keys the radio.",学习摩尔斯：阅读字符与单词，按自己的速度播放，并使用每次增加一个字符的 Koch 训练。声音只通过此电脑扬声器播放，不会启动电台发射。,panels.cw,adapter-generated,crates/sdroxide-ui/src/app/panels/cw.rs:163
panels.cw.text_210_45ddac,— nothing copied yet —,— 尚未解码到内容 —,panels.cw,adapter-generated,crates/sdroxide-ui/src/app/panels/cw.rs:210
panels.cw.text_340_b15bfc,"Type a line, Return sends it…",输入一行，按 Enter 发送…,panels.cw,adapter-generated,crates/sdroxide-ui/src/app/panels/cw.rs:340
panels.cw.text_342_074e3c,Type here to send…,在此输入以发送…,panels.cw,adapter-generated,crates/sdroxide-ui/src/app/panels/cw.rs:342
panels.cw.text_428_2e330c, KEY ● , 直键 ● ,panels.cw,adapter-generated,crates/sdroxide-ui/src/app/panels/cw.rs:428
panels.cw.text_428_e0f983, KEY , 直键 ,panels.cw,adapter-generated,crates/sdroxide-ui/src/app/panels/cw.rs:428
panels.cw.text_431_5d80c0,"Hold the key bound to CW straight key — Space by default, and any key you like in Settings → Controls — as a straight key: down while it is held, up on release, instead of typing text. The transmit box is locked while it is on, and the whole keyer is handed to the key: whatever text was queued is dropped.",将绑定“CW 直键”的按键作为直键使用，默认空格，也可在设置 → 控制中选择其他按键。按住时键下，松开时键上，取代键盘文本输入。启用时锁定发射文本框，整个电键器由此按键控制，并清除已排队文本。,panels.cw,adapter-generated,crates/sdroxide-ui/src/app/panels/cw.rs:431
panels.cw.text_437_6faecf,"This radio sends from its own keyer: the text goes over the control port and the rig times the elements, so there is nothing between the straight key and the air for a hand to drive.

To hand-key it, set CW keying to ""Sound card (MCW)"" in Settings → Radio. The rig is then held on a sideband and the keyer's own sidetone is transmitted as audio, which is the route the straight key drives.","此电台使用自身电键器：文本通过控制端口发送，由电台决定点划时序，无法由手动直键直接控制射频。

若需手动键控，请在设置 → 电台中将 CW 键控设为“声卡（MCW）”。电台会保持在边带模式，将电键器侧音作为音频发射，直键控制此路径。",panels.cw,adapter-generated,crates/sdroxide-ui/src/app/panels/cw.rs:437
panels.cw.text_462_0bf3ca,WATCHDOG,看门狗,panels.cw,adapter-generated,crates/sdroxide-ui/src/app/panels/cw.rs:462
panels.cw.text_465_85abce,The straight key was held down too long — a lost key-up rather than a hand — so the carrier was dropped and transmit switched off. Press the key again to carry on.,直键按下过久，可能丢失了键上事件，因此已停止载波并关闭发射。再次按键可继续。,panels.cw,adapter-generated,crates/sdroxide-ui/src/app/panels/cw.rs:465
panels.cw.text_480_9a544f,"Send what is in the box now, without waiting for Return",立即发送框内内容，无需等待 Enter,panels.cw,adapter-generated,crates/sdroxide-ui/src/app/panels/cw.rs:480
panels.cw.text_482_5e3bcb,"Hold the key down between characters, so nothing typed waits",字符之间保持发射，使键盘输入无需等待,panels.cw,adapter-generated,crates/sdroxide-ui/src/app/panels/cw.rs:482
panels.cw.text_499_23d5e1, CALL CQ , 呼叫 CQ ,panels.cw,adapter-generated,crates/sdroxide-ui/src/app/panels/cw.rs:499
panels.cw.text_513_386d78, CLEAR , 清除 ,panels.cw,adapter-generated,crates/sdroxide-ui/src/app/panels/cw.rs:513
panels.cw.text_515_e250ae,"Stop sending and drop whatever has not gone out. With the straight key on, the read-back over what you keyed goes with it.",停止发送，清除尚未发出的内容。启用直键时，也会清除对已键控内容的回读。,panels.cw,adapter-generated,crates/sdroxide-ui/src/app/panels/cw.rs:515
panels.cw.text_546_c88d1d,SIDETONE,侧音,panels.cw,adapter-generated,crates/sdroxide-ui/src/app/panels/cw.rs:546
panels.cw.text_548_b99155,"Play the keyed tone through this computer's speakers as well as sending it, so you hear what you are sending. On `Sound card (MCW)` the tone goes out to the rig and nowhere else, so without this you send in silence. Off where the rig's own monitor or an off-air copy already does the job.",发射时也通过此电脑扬声器播放键控音调，以听到正在发送的内容。“声卡（MCW）”音调只送往电台，不在其他位置播放，因此不启用此项时会无声发送。若电台自身监听或实际接收监听已能提供侧音，可关闭。,panels.cw,adapter-generated,crates/sdroxide-ui/src/app/panels/cw.rs:548
panels.cw.text_613_1a60c4,MSG,消息,panels.cw,adapter-generated,crates/sdroxide-ui/src/app/panels/cw.rs:613
panels.cw.text_615_3230f9,"Your own message buttons — a contest exchange, a name-and-QTH reply, TNX 73 GL. Each sends its whole text in one go, and F2–F10 press the first nine. They travel with the station's configuration, so a remote client has them too.",自定义消息按钮，可填写竞赛交换、姓名和 QTH 回复，或 TNX 73 GL。每个按钮一次发送全部文本，F2–F10 对应前九个按钮。消息保存在台站配置中，远程客户端也可使用。,panels.cw,adapter-generated,crates/sdroxide-ui/src/app/panels/cw.rs:615
panels.cw.text_655_c39d77, CLEAR RX , 清除接收内容 ,panels.cw,adapter-generated,crates/sdroxide-ui/src/app/panels/cw.rs:655
panels.cw.text_65_bad57a,"The tone being copied, and the tone transmitted — in CW they are the same frequency. Click the waterfall to move it onto a signal.",当前解码及发射的音调，CW 中两者频率相同。点击瀑布图可将其移至信号。,panels.cw,adapter-generated,crates/sdroxide-ui/src/app/panels/cw.rs:65
panels.cw.text_662_ad4de2,Empty the receive window and the straight key's read-back. Nothing that is on the air stops.,清空接收窗口和直键回读，不会停止正在发射的信号。,panels.cw,adapter-generated,crates/sdroxide-ui/src/app/panels/cw.rs:662
panels.cw.text_687_74c481,LOCK,锁定,panels.cw,adapter-generated,crates/sdroxide-ui/src/app/panels/cw.rs:687
panels.cw.text_689_d9c173,Decode at the speed set here instead of reading it off the signal. Helps a signal too weak for the speed search to settle.,按此处设定速度解码，而非从信号估计。适用于信号过弱、速度搜索无法稳定的情况。,panels.cw,adapter-generated,crates/sdroxide-ui/src/app/panels/cw.rs:689
panels.cw.text_68_3cb799,Down 10 Hz,降低 10 Hz,panels.cw,adapter-generated,crates/sdroxide-ui/src/app/panels/cw.rs:68
panels.cw.text_708_7c8094,"{}

Click for the {} decoder. The neural one copies further down and reads hand-sent CW a timing fit will not accept; the timing one is the only one that copies the accented letters — Ä, Ö, Å, Ü, É — because the model has no output class for them.","{}

点击切换至{}解码器。神经网络解码器可接收更弱信号，并解码时序拟合无法接受的手发 CW；只有时序解码器支持 Ä、Ö、Å、Ü、É 等重音字母，因为模型没有相应输出类别。",panels.cw,adapter-generated,crates/sdroxide-ui/src/app/panels/cw.rs:708
panels.cw.text_714_f6cfb8,timing,时序,panels.cw,adapter-generated,crates/sdroxide-ui/src/app/panels/cw.rs:714
panels.cw.text_715_fce466,neural,神经网络,panels.cw,adapter-generated,crates/sdroxide-ui/src/app/panels/cw.rs:715
panels.cw.text_71_07554e,Up 10 Hz,提高 10 Hz,panels.cw,adapter-generated,crates/sdroxide-ui/src/app/panels/cw.rs:71
panels.cw.text_732_7b9012,"Farnsworth: send the characters at full speed and stretch only the gaps between them, so they are heard at the right rhythm but arrive slowly enough to write down.",Farnsworth：字符按完整速度发送，只延长字符之间的间隔，使点划节奏正确，同时留出足够时间抄写。,panels.cw,adapter-generated,crates/sdroxide-ui/src/app/panels/cw.rs:732
panels.cw.text_743_75696e,Off — normal spacing,关闭，使用正常间隔,panels.cw,adapter-generated,crates/sdroxide-ui/src/app/panels/cw.rs:743
panels.cw.text_766_c74688,Keying speed,键控速度,panels.cw,adapter-generated,crates/sdroxide-ui/src/app/panels/cw.rs:766
panels.cw.text_801_6a73d9,"How long transmit is held after the last character, or after the straight key is let go, before the carrier drops. Longer bridges a slow typist's pauses; shorter gets off the frequency sooner; Off drops it as soon as everything queued has gone out.",最后一个字符结束或直键松开后，继续保持发射到载波停止的时间。较长可跨越慢速打字者的停顿，较短可更快释放频率；关闭时，在所有排队内容发完后立即停止。,panels.cw,adapter-generated,crates/sdroxide-ui/src/app/panels/cw.rs:801
panels.cw.text_88_1eedbc,"QRG: the main readout and the tuning line are on the frequency being worked. Click for the dial instead, a sidetone pitch below it — what most radios show.",QRG：主读数与调谐线位于实际工作频率。点击可改为显示调谐频率，比实际工作频率低一个侧音频率，这是大多数电台的显示方式。,panels.cw,adapter-generated,crates/sdroxide-ui/src/app/panels/cw.rs:88
panels.cw.text_92_98d19e,"Put the main readout and the tuning line on the signal rather than on the dial, so the frequency shown is the one both operators would quote and the tuning line sits in the middle of the passband. Tuning is unchanged; only the numbers move.

Clicking a signal lands it on the cursor only as closely as the click step allows — Controls → click-to-tune rounding, 10 Hz by default. A coarse step leaves the signal off the pitch by up to half of it, and the readout will say so.","让主读数和调谐线位于信号频率，而非调谐频率。显示的频率与双方操作者报告的一致，调谐线也位于通带中心。实际调谐不变，只改变读数。

点击信号时，定位精度受点击步进限制，可在控制 → 点击调谐取整中设置，默认 10 Hz。较粗步进会使信号偏离音调频率，最大达半个步进，读数会显示此偏移。",panels.cw,adapter-generated,crates/sdroxide-ui/src/app/panels/cw.rs:92
panels.cw.tx_state.off,   TX   ,   发射   ,panels.cw.tx_state,reviewed-display-resource,crates/sdroxide-ui/src/app/panels/cw.rs:470
panels.cw.tx_state.on,  TX ON  ,  发射中  ,panels.cw.tx_state,reviewed-display-resource,crates/sdroxide-ui/src/app/panels/cw.rs:470
panels.decodes.text_1029_b541f3,Session: {session} QSO,本次会话：{session} 次通联,panels.decodes,adapter-generated,crates/sdroxide-ui/src/app/panels/decodes.rs:1029
panels.decodes.text_1033_f216ca,QSOs worked since sdroxide was started,sdroxide 启动以来完成的通联数,panels.decodes,adapter-generated,crates/sdroxide-ui/src/app/panels/decodes.rs:1033
panels.decodes.text_1036_9c4f02,Save the whole logbook ({logged} QSO) as ADIF,将整个日志（{logged} 次通联）保存为 ADIF,panels.decodes,adapter-generated,crates/sdroxide-ui/src/app/panels/decodes.rs:1036
panels.decodes.text_1044_3ce212,Save the whole logbook ({logged} QSO) as text,将整个日志（{logged} 次通联）保存为文本,panels.decodes,adapter-generated,crates/sdroxide-ui/src/app/panels/decodes.rs:1044
panels.decodes.text_1059_3b3b5d,⚙ SETUP,⚙ 设置,panels.decodes,adapter-generated,crates/sdroxide-ui/src/app/panels/decodes.rs:1059
panels.decodes.text_1185_609c29,✓ QSO COMPLETE,✓ 通联完成,panels.decodes,adapter-generated,crates/sdroxide-ui/src/app/panels/decodes.rs:1185
panels.decodes.text_1191_d559b3,The contact is complete and in the log. It is held here for a few minutes so the final message can be re-sent if the other station repeats theirs — nothing more is owed.,通联已完成并写入日志。此处保留几分钟，便于对方重复消息时重发最后一条；无需再继续交换。,panels.decodes,adapter-generated,crates/sdroxide-ui/src/app/panels/decodes.rs:1191
panels.decodes.text_1198_548c99,● TX,● 发射,panels.decodes,adapter-generated,crates/sdroxide-ui/src/app/panels/decodes.rs:1198
panels.decodes.text_1214_bc566a,DXpedition mode. The transmit frequency is held out of the Fox's half of the passband (below 1000 Hz) until the Fox answers.,DX 远征模式。Fox 回复前，发射频率保持在 Fox 使用的半侧通带（低于 1000 Hz）之外。,panels.decodes,adapter-generated,crates/sdroxide-ui/src/app/panels/decodes.rs:1214
panels.decodes.text_1223_0bf3ca,WATCHDOG,看门狗,panels.decodes,adapter-generated,crates/sdroxide-ui/src/app/panels/decodes.rs:1223
panels.decodes.text_1229_28fddf,Transmitting stopped: no reply and no action for the watchdog period. Call CQ or pick a message to resume.,发射已停止：看门狗时限内没有回复或操作。呼叫 CQ 或选择消息可恢复。,panels.decodes,adapter-generated,crates/sdroxide-ui/src/app/panels/decodes.rs:1229
panels.decodes.text_1236_72ebd5,{:.0} Hz · {} slots,{:.0} Hz · {}时隙,panels.decodes,adapter-generated,crates/sdroxide-ui/src/app/panels/decodes.rs:1236
panels.decodes.text_1238_990cb8,odd,奇数,panels.decodes,adapter-generated,crates/sdroxide-ui/src/app/panels/decodes.rs:1238
panels.decodes.text_1238_ec3806,even,偶数,panels.decodes,adapter-generated,crates/sdroxide-ui/src/app/panels/decodes.rs:1238
panels.decodes.text_1262_01e5c9,"Your slot timing against the stations you are hearing.
{}

It covers the whole receive path, so a slow audio or network chain counts the same as a wrong clock. Under 0.5 s is comfortable.","你的时隙时序相对于接收到的台站。
{}

此值包含整个接收路径，音频或网络链路延迟与时钟误差同样计入。小于 0.5 秒通常没有问题。",panels.decodes,adapter-generated,crates/sdroxide-ui/src/app/panels/decodes.rs:1262
panels.decodes.text_1267_894ba1,Well inside tolerance.,远在容许范围内。,panels.decodes,adapter-generated,crates/sdroxide-ui/src/app/panels/decodes.rs:1267
panels.decodes.text_1269_61043c,You transmit {:.1} s {} everyone else — the usual reason calls go unanswered. Sync your computer clock.,你的发射时间偏差为 {:.1} 秒，{}其他台站，这是呼叫无应答的常见原因。请同步电脑时钟。,panels.decodes,adapter-generated,crates/sdroxide-ui/src/app/panels/decodes.rs:1269
panels.decodes.text_1272_6db7d8,before,早于,panels.decodes,adapter-generated,crates/sdroxide-ui/src/app/panels/decodes.rs:1272
panels.decodes.text_1272_f39592,after,晚于,panels.decodes,adapter-generated,crates/sdroxide-ui/src/app/panels/decodes.rs:1272
panels.decodes.text_1320_6f45a9,"no active QSO — pick a decode to reply, or Call CQ",没有进行中的通联，请选择解码回复，或呼叫 CQ,panels.decodes,adapter-generated,crates/sdroxide-ui/src/app/panels/decodes.rs:1320
panels.decodes.text_1329_3b2f98,FT8 engine idle,FT8 引擎空闲,panels.decodes,adapter-generated,crates/sdroxide-ui/src/app/panels/decodes.rs:1329
panels.decodes.text_1343_0599df,PILE-UP {},堆积呼叫 {},panels.decodes,adapter-generated,crates/sdroxide-ui/src/app/panels/decodes.rs:1343
panels.decodes.text_134_bec690,Sort,排序,panels.decodes,adapter-generated,crates/sdroxide-ui/src/app/panels/decodes.rs:134
panels.decodes.text_1354_0ec9b9,being worked,正在通联,panels.decodes,adapter-generated,crates/sdroxide-ui/src/app/panels/decodes.rs:1354
panels.decodes.text_1354_80cfa3,waiting,等待中,panels.decodes,adapter-generated,crates/sdroxide-ui/src/app/panels/decodes.rs:1354
panels.decodes.text_1371_8ba5af,QUEUE {},队列 {},panels.decodes,adapter-generated,crates/sdroxide-ui/src/app/panels/decodes.rs:1371
panels.decodes.text_1381_33dc6c,"{} · {:+} dB · {:.0} Hz{}
Click to remove","{} · {:+} dB · {:.0} Hz{}
点击移除",panels.decodes,adapter-generated,crates/sdroxide-ui/src/app/panels/decodes.rs:1381
panels.decodes.text_1382_80cfa3,waiting,等待中,panels.decodes,adapter-generated,crates/sdroxide-ui/src/app/panels/decodes.rs:1382
panels.decodes.text_1382_c6c1c9,next,下一台,panels.decodes,adapter-generated,crates/sdroxide-ui/src/app/panels/decodes.rs:1382
panels.decodes.text_1486_816399,— no messages —,— 无消息 —,panels.decodes,adapter-generated,crates/sdroxide-ui/src/app/panels/decodes.rs:1486
panels.decodes.text_1531_324e36,  CALL CQ  ,  呼叫 CQ  ,panels.decodes,adapter-generated,crates/sdroxide-ui/src/app/panels/decodes.rs:1531
panels.decodes.text_1541_e458b6, STOP QSO , 停止通联 ,panels.decodes,adapter-generated,crates/sdroxide-ui/src/app/panels/decodes.rs:1541
panels.decodes.text_1547_0d01cc, STOP TX , 停止发射 ,panels.decodes,adapter-generated,crates/sdroxide-ui/src/app/panels/decodes.rs:1547
panels.decodes.text_1586_cdf52d,free text (13 chars),自由文本（13 个字符）,panels.decodes,adapter-generated,crates/sdroxide-ui/src/app/panels/decodes.rs:1586
panels.decodes.text_159_05f0c8,Single list,单一列表,panels.decodes,adapter-generated,crates/sdroxide-ui/src/app/panels/decodes.rs:159
panels.decodes.text_161_acd033,"Every decode in one list, newest turn first, instead of odd/even turn blocks. The Sort chips then order the whole list rather than each turn, and each row carries its slot time — cyan for an even slot, gold for an odd one.",全部解码放在同一列表，最新时段在前，不再按奇偶时段分块。排序控件作用于整个列表而非各时段，每行显示时隙时间，偶数时隙为青色，奇数时隙为金色。,panels.decodes,adapter-generated,crates/sdroxide-ui/src/app/panels/decodes.rs:161
panels.decodes.text_171_9a4ae8,CQ only,仅 CQ,panels.decodes,adapter-generated,crates/sdroxide-ui/src/app/panels/decodes.rs:171
panels.decodes.text_173_7125bb,"Only stations calling CQ — and only the calls you may answer: a directed CQ (DX, EU, JA, POTA, TEST …) is listed when it names you and hidden when it names someone else.",仅显示呼叫 CQ 且你可以回复的台站。定向 CQ（DX、EU、JA、POTA、TEST 等）指向你时显示，指向其他对象时隐藏。,panels.decodes,adapter-generated,crates/sdroxide-ui/src/app/panels/decodes.rs:173
panels.decodes.text_181_096ced,New only,仅新台站,panels.decodes,adapter-generated,crates/sdroxide-ui/src/app/panels/decodes.rs:181
panels.decodes.text_182_0f3a34,"Only stations that would be new: entity, band-slot, grid, or call",仅显示新的实体、波段时隙、网格或呼号,panels.decodes,adapter-generated,crates/sdroxide-ui/src/app/panels/decodes.rs:182
panels.decodes.text_211_d08ec0,Auto TX FRQ,自动发射频率,panels.decodes,adapter-generated,crates/sdroxide-ui/src/app/panels/decodes.rs:211
panels.decodes.text_213_1d461c,Overridden by Hold TX. Lift the hold to choose which way the transmit frequency moves.,被“保持发射频率”覆盖。解除保持后，可选择发射频率的调整方式。,panels.decodes,adapter-generated,crates/sdroxide-ui/src/app/panels/decodes.rs:213
panels.decodes.text_216_7ea1e5,"Pick our transmit frequency automatically: the quietest spot in the period we transmit in, rather than the frequency of whoever we are answering — they transmit in the other period, so theirs says nothing about who is there when we key. Off does NOT hold the frequency: it answers on the frequency of the station being called. To hold, use Hold TX.",自动选择我方发射时段内最安静的频率，而非被回复台站的频率：对方使用另一时段，其频率不能说明我方发射时那里是否有人。关闭并不保持频率，而是按被呼叫台站的频率回复。若需固定，请使用“保持发射频率”。,panels.decodes,adapter-generated,crates/sdroxide-ui/src/app/panels/decodes.rs:216
panels.decodes.text_230_2331b4,Hold TX,保持发射频率,panels.decodes,adapter-generated,crates/sdroxide-ui/src/app/panels/decodes.rs:230
panels.decodes.text_232_49d94c,"Pin the transmit tone where it is. Nothing moves it: not answering a station, not the call queue, not calling CQ, not a click on a decode or on the waterfall. Turn it off to move, then on again.

Changing band is the one exception, and it is your own act: the offset you last set on the new band comes back with it, so a 60 m figure is not carried onto 20 m and 20 m's is not carried onto 60 m.

For where the licence is narrower than the band plan — on a UK 60 m dial of 5357 kHz the allocation ends at 5358.0, so the tone has to stay under 1000 Hz, and either automatic mover will walk out of the band between one over and the next.","固定当前发射音调。回复台站、呼叫队列、呼叫 CQ、点击解码或瀑布图，都不会移动它。需要移动时先关闭，调整后再启用。

唯一例外是你主动换波段，会恢复新波段上次设置的偏移，避免将 60 m 设置带到 20 m，或反之。

适用于许可证范围窄于波段规划的情况：例如英国 60 m 调谐频率为 5357 kHz，分配上限为 5358.0 kHz，音调必须低于 1000 Hz，否则两种自动调频方式都可能在相邻发射之间移至带外。",panels.decodes,adapter-generated,crates/sdroxide-ui/src/app/panels/decodes.rs:232
panels.decodes.text_289_536939,TX,发射,panels.decodes,adapter-generated,crates/sdroxide-ui/src/app/panels/decodes.rs:289
panels.decodes.text_337_d61305,"Type the transmit offset in Hz, then press Enter. Where your licence is narrower than the band plan the whole range below the edge is yours to pick from, so nothing is suggested here.",输入发射偏移，单位为 Hz，然后按 Enter。许可证范围窄于波段规划时，你可在上限内自行选择，因此此处不建议具体值。,panels.decodes,adapter-generated,crates/sdroxide-ui/src/app/panels/decodes.rs:337
panels.decodes.text_365_c39d77, CLEAR RX , 清除接收列表 ,panels.decodes,adapter-generated,crates/sdroxide-ui/src/app/panels/decodes.rs:365
panels.decodes.text_366_c0caf3,Empty the decode list. Nothing that is on the air stops.,清空解码列表，不会停止正在发射的信号。,panels.decodes,adapter-generated,crates/sdroxide-ui/src/app/panels/decodes.rs:366
panels.decodes.text_686_623026,REPLY,回复,panels.decodes,adapter-generated,crates/sdroxide-ui/src/app/panels/decodes.rs:686
panels.decodes.text_69_9da4a4,DECODES,解码,panels.decodes,adapter-generated,crates/sdroxide-ui/src/app/panels/decodes.rs:69
panels.decodes.text_704_7f7629,Queued — click to remove,已排队，点击移除,panels.decodes,adapter-generated,crates/sdroxide-ui/src/app/panels/decodes.rs:704
panels.decodes.text_706_c67338,Work this station after the current one,当前通联结束后与此台站通联,panels.decodes,adapter-generated,crates/sdroxide-ui/src/app/panels/decodes.rs:706
panels.decodes.text_74_9d1140,{n} rx,接收 {n} 条,panels.decodes,adapter-generated,crates/sdroxide-ui/src/app/panels/decodes.rs:74
panels.decodes.text_83_a1bee4,"Save the {n} decodes in the list as ADIF — received reports, not contacts. Decodes that name no sender are left out.",将列表中的 {n} 条解码保存为 ADIF，属于接收报告而非通联。未指明发送者的解码不会导出。,panels.decodes,adapter-generated,crates/sdroxide-ui/src/app/panels/decodes.rs:83
panels.decodes.text_97_ceea97,"Save the {n} decodes in the list as CSV, one row each",将列表中的 {n} 条解码保存为 CSV，每条一行,panels.decodes,adapter-generated,crates/sdroxide-ui/src/app/panels/decodes.rs:97
panels.fsq.text_195_548c99,● TX,● 发射,panels.fsq,adapter-generated,crates/sdroxide-ui/src/app/panels/fsq.rs:195
panels.fsq.text_197_92c636,CONTACTS,联系人,panels.fsq,adapter-generated,crates/sdroxide-ui/src/app/panels/fsq.rs:197
panels.fsq.text_227_0e6586,HEARD,已接收台站,panels.fsq,adapter-generated,crates/sdroxide-ui/src/app/panels/fsq.rs:227
panels.fsq.text_248_72548f,ALLCALL,全呼叫,panels.fsq,adapter-generated,crates/sdroxide-ui/src/app/panels/fsq.rs:248
panels.fsq.text_254_6b3cf5,IMAGE,图像,panels.fsq,adapter-generated,crates/sdroxide-ui/src/app/panels/fsq.rs:254
panels.fsq.text_265_1d8e4a,Forget the pictures received so far,清除目前已接收的图像,panels.fsq,adapter-generated,crates/sdroxide-ui/src/app/panels/fsq.rs:265
panels.fsq.text_271_8c782f,Send image…,发送图像…,panels.fsq,adapter-generated,crates/sdroxide-ui/src/app/panels/fsq.rs:271
panels.fsq.text_289_5a4f6b,Right-click to remove,右键移除,panels.fsq,adapter-generated,crates/sdroxide-ui/src/app/panels/fsq.rs:289
panels.fsq.text_291_24aed0,Remove this picture,移除此图像,panels.fsq,adapter-generated,crates/sdroxide-ui/src/app/panels/fsq.rs:291
panels.fsq.text_331_55e88c,— listening —,— 正在监听 —,panels.fsq,adapter-generated,crates/sdroxide-ui/src/app/panels/fsq.rs:331
panels.fsq.text_370_fc7150,Message…,消息…,panels.fsq,adapter-generated,crates/sdroxide-ui/src/app/panels/fsq.rs:370
panels.fsq.text_403_23d5e1, CALL CQ , 呼叫 CQ ,panels.fsq,adapter-generated,crates/sdroxide-ui/src/app/panels/fsq.rs:403
panels.fsq.text_409_22ae36, ? heard , 查询已接收台站 ,panels.fsq,adapter-generated,crates/sdroxide-ui/src/app/panels/fsq.rs:409
panels.fsq.text_418_386d78, CLEAR , 清除 ,panels.fsq,adapter-generated,crates/sdroxide-ui/src/app/panels/fsq.rs:418
panels.fsq.text_435_737ee5,FSQ Contacts,FSQ 联系人,panels.fsq,adapter-generated,crates/sdroxide-ui/src/app/panels/fsq.rs:435
panels.fsq.text_448_735ef6,callsign,呼号,panels.fsq,adapter-generated,crates/sdroxide-ui/src/app/panels/fsq.rs:448
panels.fsq.text_451_9fd728,Add,添加,panels.fsq,adapter-generated,crates/sdroxide-ui/src/app/panels/fsq.rs:451
panels.fsq.text_468_c3bd7d,TO,发送对象,panels.fsq,adapter-generated,crates/sdroxide-ui/src/app/panels/fsq.rs:468
panels.fsq.text_66_d6e645,Call,呼号,panels.fsq,adapter-generated,crates/sdroxide-ui/src/app/panels/fsq.rs:66
panels.fsq.text_71_828b12,Callsign for directed (FSQCALL) messages; defaults to your callsign,定向 FSQCALL 消息使用的呼号，默认采用你的呼号,panels.fsq,adapter-generated,crates/sdroxide-ui/src/app/panels/fsq.rs:71
panels.js8.text_1053_10e7f9, CQ , 呼叫 CQ ,panels.js8,adapter-generated,crates/sdroxide-ui/src/app/panels/js8.rs:1053
panels.js8.text_1057_1eb2ca, HB , 心跳 ,panels.js8,adapter-generated,crates/sdroxide-ui/src/app/panels/js8.rs:1057
panels.js8.text_1090_23fc64, CLEAR TO , 清除接收对象 ,panels.js8,adapter-generated,crates/sdroxide-ui/src/app/panels/js8.rs:1090
panels.js8.text_1097_713bd5,Forget the selected station — the composer goes back to @ALLCALL,取消选中的台站，消息接收对象恢复为 @ALLCALL,panels.js8,adapter-generated,crates/sdroxide-ui/src/app/panels/js8.rs:1097
panels.js8.text_1100_ca76dc,Already addressing @ALLCALL,当前接收对象已是 @ALLCALL,panels.js8,adapter-generated,crates/sdroxide-ui/src/app/panels/js8.rs:1100
panels.js8.text_1127_4c4cd5, STOP , 停止 ,panels.js8,adapter-generated,crates/sdroxide-ui/src/app/panels/js8.rs:1127
panels.js8.text_1147_b76a5f,{frames}f · {:.0}s,{frames}帧 · {:.0}秒,panels.js8,adapter-generated,crates/sdroxide-ui/src/app/panels/js8.rs:1147
panels.js8.text_1158_fc7150,Message…,消息…,panels.js8,adapter-generated,crates/sdroxide-ui/src/app/panels/js8.rs:1158
panels.js8.text_216_cae5af,"Every speed is being decoded; ▸ marks {}, the one you transmit at",正在解码所有速率；▸ 标记你用于发射的速率 {},panels.js8,adapter-generated,crates/sdroxide-ui/src/app/panels/js8.rs:216
panels.js8.text_221_0397b8,Every speed is being decoded. Click to transmit at {} instead,正在解码所有速率。点击可改用 {} 发射,panels.js8,adapter-generated,crates/sdroxide-ui/src/app/panels/js8.rs:221
panels.js8.text_225_1b0bb7,Transmit and decode at {},以 {} 发射和解码,panels.js8,adapter-generated,crates/sdroxide-ui/src/app/panels/js8.rs:225
panels.js8.text_241_51a128,MULTI,多速率,panels.js8,adapter-generated,crates/sdroxide-ui/src/app/panels/js8.rs:241
panels.js8.text_243_df8ab9,"Decode every JS8 speed, not only the one you transmit at. The four speeds share the sub-band and are four different waveforms, so without this a station on another speed is invisible — and an exchange between two speeds cannot happen at all. Costs about four times the receive CPU.",解码所有 JS8 速率，而非仅解码发射所用速率。四种速率共用同一子波段，但采用四种不同波形；关闭后无法看到其他速率的台站，也无法在不同速率之间通信。接收端的处理器开销约为原来的四倍。,panels.js8,adapter-generated,crates/sdroxide-ui/src/app/panels/js8.rs:243
panels.js8.text_269_649441,HB AUTO,自动心跳,panels.js8,adapter-generated,crates/sdroxide-ui/src/app/panels/js8.rs:269
panels.js8.text_271_783e66,Beaconing every {hb_min} min — click to stop,每 {hb_min} 分钟发送信标；点击停止,panels.js8,adapter-generated,crates/sdroxide-ui/src/app/panels/js8.rs:271
panels.js8.text_273_2a097e,Turbo does not beacon — it is the local and VHF speed,Turbo 不发送信标；它用于本地及 VHF 通信,panels.js8,adapter-generated,crates/sdroxide-ui/src/app/panels/js8.rs:273
panels.js8.text_275_d584a3,Beacon your callsign and grid every 15 minutes,每 15 分钟发送包含呼号和网格定位的信标,panels.js8,adapter-generated,crates/sdroxide-ui/src/app/panels/js8.rs:275
panels.js8.text_290_d6c06c,Until the next heartbeat,距下一次心跳的时间,panels.js8,adapter-generated,crates/sdroxide-ui/src/app/panels/js8.rs:290
panels.js8.text_298_1485b3,HB {hz:.0} Hz,心跳 {hz:.0} Hz,panels.js8,adapter-generated,crates/sdroxide-ui/src/app/panels/js8.rs:298
panels.js8.text_303_8bf459,"The last beacon went out at {hz:.0} Hz — a free slot in the {:.0}–{:.0} Hz heartbeat sub-band, chosen so it lands clear of the signals being decoded.",上次信标在 {hz:.0} Hz 发出；该频率是 {:.0}–{:.0} Hz 心跳子波段内的空闲位置，选择时避开了正在解码的信号。,panels.js8,adapter-generated,crates/sdroxide-ui/src/app/panels/js8.rs:303
panels.js8.text_315_3b3b5d,⚙ SETUP,⚙ 配置,panels.js8,adapter-generated,crates/sdroxide-ui/src/app/panels/js8.rs:315
panels.js8.text_319_548c99,● TX,● 发射,panels.js8,adapter-generated,crates/sdroxide-ui/src/app/panels/js8.rs:319
panels.js8.text_327_66b4a6,{}/{} frames · {left:.0}s,{}/{} 帧 · {left:.0}秒,panels.js8,adapter-generated,crates/sdroxide-ui/src/app/panels/js8.rs:327
panels.js8.text_372_0e6586,HEARD,已接收台站,panels.js8,adapter-generated,crates/sdroxide-ui/src/app/panels/js8.rs:372
panels.js8.text_542_64b98d,— nothing heard yet —,— 尚未收到台站 —,panels.js8,adapter-generated,crates/sdroxide-ui/src/app/panels/js8.rs:542
panels.js8.text_627_623026,REPLY,回复,panels.js8,adapter-generated,crates/sdroxide-ui/src/app/panels/js8.rs:627
panels.js8.text_874_816399,— no messages —,— 暂无消息 —,panels.js8,adapter-generated,crates/sdroxide-ui/src/app/panels/js8.rs:874
panels.js8.text_907_b0778b,Decoded at {},解码时间：{},panels.js8,adapter-generated,crates/sdroxide-ui/src/app/panels/js8.rs:907
panels.js8.text_949_313011,… ({} frames),…（{} 帧）,panels.js8,adapter-generated,crates/sdroxide-ui/src/app/panels/js8.rs:949
panels.js8.text_970_f40af5,Reply to {}: “{d}”,回复 {}：“{d}”,panels.js8,adapter-generated,crates/sdroxide-ui/src/app/panels/js8.rs:970
panels.js8.text_971_a7b614,Address the composer at {},将消息接收对象设为 {},panels.js8,adapter-generated,crates/sdroxide-ui/src/app/panels/js8.rs:971
panels.macros.text_132_5c5900,"Each button sends its whole text in one go. F2–F10 press the first nine, so long as nothing on screen has the keyboard.",每个按钮一次发送全部文本。当屏幕上的控件没有占用键盘输入时，F2–F10 可触发前九个按钮。,panels.macros,adapter-generated,crates/sdroxide-ui/src/app/panels/macros.rs:132
panels.macros.text_142_2c70e1,key,快捷键,panels.macros,adapter-generated,crates/sdroxide-ui/src/app/panels/macros.rs:142
panels.macros.text_143_c3e2d7,button,按钮,panels.macros,adapter-generated,crates/sdroxide-ui/src/app/panels/macros.rs:143
panels.macros.text_144_c626da,sends,发送内容,panels.macros,adapter-generated,crates/sdroxide-ui/src/app/panels/macros.rs:144
panels.macros.text_164_1aca80,label,标签,panels.macros,adapter-generated,crates/sdroxide-ui/src/app/panels/macros.rs:164
panels.macros.text_174_9c0695,Remove this button,移除此按钮,panels.macros,adapter-generated,crates/sdroxide-ui/src/app/panels/macros.rs:174
panels.macros.text_187_0ecba1,ADD,添加,panels.macros,adapter-generated,crates/sdroxide-ui/src/app/panels/macros.rs:187
panels.macros.text_188_20d30f,{} is the most,最多 {} 个,panels.macros,adapter-generated,crates/sdroxide-ui/src/app/panels/macros.rs:188
panels.macros.text_195_ceee08,{MYCALL} and {MYGRID} are filled in as the message goes out.,发送消息时会自动填入 {MYCALL} 和 {MYGRID}。,panels.macros,adapter-generated,crates/sdroxide-ui/src/app/panels/macros.rs:195
panels.navtex.text_132_8453b3,nothing yet — a station transmits for ten minutes every four hours,尚未收到消息；每个台站每四小时发射十分钟,panels.navtex,adapter-generated,crates/sdroxide-ui/src/app/panels/navtex.rs:132
panels.navtex.text_165_ed1345,cut short,消息中途结束,panels.navtex,adapter-generated,crates/sdroxide-ui/src/app/panels/navtex.rs:165
panels.navtex.text_168_872c51,{} characters lost,丢失 {} 个字符,panels.navtex,adapter-generated,crates/sdroxide-ui/src/app/panels/navtex.rs:168
panels.navtex.text_186_b194d9,MESSAGE,消息,panels.navtex,adapter-generated,crates/sdroxide-ui/src/app/panels/navtex.rs:186
panels.navtex.text_204_2cc9f9,Time of day stated in the message (UTC): display only,消息正文中标明的 UTC 时间；仅用于显示,panels.navtex,adapter-generated,crates/sdroxide-ui/src/app/panels/navtex.rs:204
panels.navtex.text_208_fb0fb3,RECEIVING,正在接收,panels.navtex,adapter-generated,crates/sdroxide-ui/src/app/panels/navtex.rs:208
panels.navtex.text_211_90a94c,MONITOR,监视,panels.navtex,adapter-generated,crates/sdroxide-ui/src/app/panels/navtex.rs:211
panels.navtex.text_212_8cbe92,"everything decoded, message or not",显示全部解码内容，无论是否构成消息,panels.navtex,adapter-generated,crates/sdroxide-ui/src/app/panels/navtex.rs:212
panels.navtex.text_33_2b1427,MESSAGES,消息,panels.navtex,adapter-generated,crates/sdroxide-ui/src/app/panels/navtex.rs:33
panels.navtex.text_38_7dcad6,SYNC,已同步,panels.navtex,adapter-generated,crates/sdroxide-ui/src/app/panels/navtex.rs:38
panels.navtex.text_39_ab4399,The character phase is locked — a signal is being read.,字符相位已锁定，正在读取信号。,panels.navtex,adapter-generated,crates/sdroxide-ui/src/app/panels/navtex.rs:39
panels.navtex.text_41_d8e66c,hunting,正在搜索,panels.navtex,adapter-generated,crates/sdroxide-ui/src/app/panels/navtex.rs:41
panels.navtex.text_42_225dd8,"No character phase yet: no signal, or not this one.",尚未锁定字符相位：没有信号，或信号不属于此模式。,panels.navtex,adapter-generated,crates/sdroxide-ui/src/app/panels/navtex.rs:42
panels.navtex.text_48_719b4e,{} repaired · {} lost,已修复 {} 个 · 丢失 {} 个,panels.navtex,adapter-generated,crates/sdroxide-ui/src/app/panels/navtex.rs:48
panels.navtex.text_53_2dd0e1,"Characters whose first copy was corrupt and were taken from the repeat five slots later, and those where both were bad. A NAVTEX character is sent twice; that is the whole of its error correction.",首次接收损坏、由五个时隙后重复发送的副本修复的字符数，以及两次接收均损坏的字符数。NAVTEX 的每个字符发送两次，这就是它的全部纠错机制。,panels.navtex,adapter-generated,crates/sdroxide-ui/src/app/panels/navtex.rs:53
panels.navtex.text_60_e80e46,REV,反转,panels.navtex,adapter-generated,crates/sdroxide-ui/src/app/panels/navtex.rs:60
panels.navtex.text_62_881049,"Swap the mark and space tones, for a signal received on the other sideband. Off is upper sideband on the channel frequency, which is what every published tuning instruction for the service says.",交换传号与空号音调，以接收另一边带上的信号。关闭时按公布的调谐说明，在频道频率上使用上边带。,panels.navtex,adapter-generated,crates/sdroxide-ui/src/app/panels/navtex.rs:62
panels.navtex.text_84_874aa5,starting the NAVTEX receiver…,正在启动 NAVTEX 接收机…,panels.navtex,adapter-generated,crates/sdroxide-ui/src/app/panels/navtex.rs:84
panels.packet.route.text_203_4f2a18, via {}, 经由 {},panels.packet.route,adapter-generated,crates/sdroxide-ui/src/app/panels/packet.rs:203
panels.packet.text_133_63ee8f,nothing heard yet,尚未收到内容,panels.packet,adapter-generated,crates/sdroxide-ui/src/app/panels/packet.rs:133
panels.packet.text_187_d0cda4,TERMINAL,终端,panels.packet,adapter-generated,crates/sdroxide-ui/src/app/panels/packet.rs:187
panels.packet.text_196_7ae1ac,The link layer is in {},链路层状态为 {},panels.packet,adapter-generated,crates/sdroxide-ui/src/app/panels/packet.rs:196
panels.packet.text_209_3fae75,Extended sequence numbers — a window of up to 127 frames.,扩展序号，支持最多 127 帧的窗口。,panels.packet,adapter-generated,crates/sdroxide-ui/src/app/panels/packet.rs:209
panels.packet.text_213_86314b,{} unacked,未确认 {} 帧,panels.packet,adapter-generated,crates/sdroxide-ui/src/app/panels/packet.rs:213
panels.packet.text_214_987e44,Frames sent and not yet acknowledged by the far end.,已发送但尚未得到远端确认的帧。,panels.packet,adapter-generated,crates/sdroxide-ui/src/app/panels/packet.rs:214
panels.packet.text_218_e49d75,retry {},重试 {},panels.packet,adapter-generated,crates/sdroxide-ui/src/app/panels/packet.rs:218
panels.packet.text_221_9d0ae0,Retries against this link's limit. A count climbing while the unacknowledged frames stay put is what a fading path looks like from this side.,重试次数与此链路上限。计数持续增加、未确认帧没有减少，是链路衰落时本端常见的表现。,panels.packet,adapter-generated,crates/sdroxide-ui/src/app/panels/packet.rs:221
panels.packet.text_229_97badb,The MAIL window is using the link.,邮件窗口正在使用链路。,panels.packet,adapter-generated,crates/sdroxide-ui/src/app/panels/packet.rs:229
panels.packet.text_232_f05912,"One radio, one channel, one link. A Winlink session and this terminal are two ways to use it, and whichever asks first gets it.",一台电台、一个通道、一条链路。Winlink 会话与此终端是使用同一链路的两种方式，先请求的一方获得使用权。,panels.packet,adapter-generated,crates/sdroxide-ui/src/app/panels/packet.rs:232
panels.packet.text_251_735ef6,callsign,呼号,panels.packet,adapter-generated,crates/sdroxide-ui/src/app/panels/packet.rs:251
panels.packet.text_261_4d327a,via,中继路径,panels.packet,adapter-generated,crates/sdroxide-ui/src/app/panels/packet.rs:261
panels.packet.text_264_c164db,"Digipeaters, nearest first, separated by commas — OE3XLR-1,OE3XMS-1. Leave it empty for a station you can hear directly, or to use the default path from the packet settings.","数字中继台按由近到远排列，以逗号分隔，例如 OE3XLR-1,OE3XMS-1。直接可接收的台站可留空，也可留空使用分组设置中的默认路径。",panels.packet,adapter-generated,crates/sdroxide-ui/src/app/panels/packet.rs:264
panels.packet.text_280_0cbcc9, DISCONNECT , 断开连接 ,panels.packet,adapter-generated,crates/sdroxide-ui/src/app/panels/packet.rs:280
panels.packet.text_285_c11ce3,"Hang up properly, and wait for the far end to agree. Changing mode instead ends the session without telling anybody.",正常断开，并等待远端确认。直接更换模式会结束会话，但不会通知对方。,panels.packet,adapter-generated,crates/sdroxide-ui/src/app/panels/packet.rs:285
panels.packet.text_302_169857,The MAIL window has the link. Finish or stop that session first.,邮件窗口占用链路，请先完成或停止该会话。,panels.packet,adapter-generated,crates/sdroxide-ui/src/app/panels/packet.rs:302
panels.packet.text_304_7386af,"This station has no callsign yet — set one under SETUP, above the monitor pane. Nothing transmits until it is set.",此台站尚未设置呼号，请使用监听面板上方的设置入口。设置前不会发射。,panels.packet,adapter-generated,crates/sdroxide-ui/src/app/panels/packet.rs:304
panels.packet.text_307_42052f,"Call this station in connected mode — a node, a BBS, or another operator.",以连接模式呼叫此台站，可连接节点、BBS 或其他操作者。,panels.packet,adapter-generated,crates/sdroxide-ui/src/app/panels/packet.rs:307
panels.packet.text_309_21a03f,Needs a callsign to call.,需要填写被呼叫台站的呼号。,panels.packet,adapter-generated,crates/sdroxide-ui/src/app/panels/packet.rs:309
panels.packet.text_318_386d78, CLEAR , 清除 ,panels.packet,adapter-generated,crates/sdroxide-ui/src/app/panels/packet.rs:318
panels.packet.text_320_f01d68,Empty the transcript. The link is untouched — a connected station stays connected.,清空终端记录，不影响链路，已连接的台站仍保持连接。,panels.packet,adapter-generated,crates/sdroxide-ui/src/app/panels/packet.rs:320
panels.packet.text_355_7f8a72,Not connected. Type a callsign above and press CONNECT to call a node or a BBS.,未连接。在上方输入呼号，点击“连接”可呼叫节点或 BBS。,panels.packet,adapter-generated,crates/sdroxide-ui/src/app/panels/packet.rs:355
panels.packet.text_35_90a94c,MONITOR,监听,panels.packet,adapter-generated,crates/sdroxide-ui/src/app/panels/packet.rs:35
panels.packet.text_36_5bc388,{} baud,{} 波特,panels.packet,adapter-generated,crates/sdroxide-ui/src/app/panels/packet.rs:36
panels.packet.text_386_440634,type here,在此输入,panels.packet,adapter-generated,crates/sdroxide-ui/src/app/panels/packet.rs:386
panels.packet.text_386_98b102,not connected,未连接,panels.packet,adapter-generated,crates/sdroxide-ui/src/app/panels/packet.rs:386
panels.packet.text_397_3f326b, SEND , 发送 ,panels.packet,adapter-generated,crates/sdroxide-ui/src/app/panels/packet.rs:397
panels.packet.text_401_643648,Send the line. A node or a BBS reads one line at a time.,发送此行。节点或 BBS 每次读取一行。,panels.packet,adapter-generated,crates/sdroxide-ui/src/app/panels/packet.rs:401
panels.packet.text_41_4b2f12,BUSY,忙,panels.packet,adapter-generated,crates/sdroxide-ui/src/app/panels/packet.rs:41
panels.packet.text_44_efb07e,{} bad,错误 {},panels.packet,adapter-generated,crates/sdroxide-ui/src/app/panels/packet.rs:44
panels.packet.text_46_f02129,"Frames that arrived but failed their check sequence — a collision, a fade, or a signal too weak to read.",接收到但校验序列失败的帧，可能由碰撞、衰落或过弱信号造成。,panels.packet,adapter-generated,crates/sdroxide-ui/src/app/panels/packet.rs:46
panels.packet.text_59_3b3b5d,⚙ SETUP,⚙ 设置,panels.packet,adapter-generated,crates/sdroxide-ui/src/app/panels/packet.rs:59
panels.packet.text_61_6e79f3,"Station callsign, speed, TX delay, the digipeater path, the beacon and the KISS server",台站呼号、速率、发射延迟、数字中继路径、信标及 KISS 服务器,panels.packet,adapter-generated,crates/sdroxide-ui/src/app/panels/packet.rs:61
panels.packet.text_82_c5d7df,starting the packet modem…,正在启动分组调制解调器…,panels.packet,adapter-generated,crates/sdroxide-ui/src/app/panels/packet.rs:82
panels.pi4.dynamic.text_151_0bd9ce,Band,波段,panels.pi4.dynamic,adapter-generated,crates/sdroxide-ui/src/app/panels/pi4.rs:151
panels.pi4.dynamic.text_154_6a4521,Last cycle,上一周期,panels.pi4.dynamic,adapter-generated,crates/sdroxide-ui/src/app/panels/pi4.rs:154
panels.pi4.dynamic.text_156_99a288,decoding…,正在解码…,panels.pi4.dynamic,adapter-generated,crates/sdroxide-ui/src/app/panels/pi4.rs:156
panels.pi4.dynamic.text_158_77575c,nothing heard,未收到信号,panels.pi4.dynamic,adapter-generated,crates/sdroxide-ui/src/app/panels/pi4.rs:158
panels.pi4.dynamic.text_161_591997,{} beacon{},{} 个信标{},panels.pi4.dynamic,adapter-generated,crates/sdroxide-ui/src/app/panels/pi4.rs:161
panels.pi4.text_118_5fc461,Next Generation Beacon,新一代信标,panels.pi4,adapter-generated,crates/sdroxide-ui/src/app/panels/pi4.rs:118
panels.pi4.text_132_5aad43,Time left in this one-minute beacon cycle. The PI4 message is searched for once the window has had time to fill past where it would end.,当前一分钟信标周期的剩余时间。当接收窗口积累的数据已超过 PI4 消息的预期结束位置时，开始搜索消息。,panels.pi4,adapter-generated,crates/sdroxide-ui/src/app/panels/pi4.rs:132
panels.pi4.text_136_99a288,decoding…,正在解码…,panels.pi4,adapter-generated,crates/sdroxide-ui/src/app/panels/pi4.rs:136
panels.pi4.text_172_a85a6f,Receive only. Tune so the beacon's CW identification sits at 800 Hz audio — the network's own convention — and the four PI4 tones fall where this decoder searches for them by default.,仅接收。调谐至信标的 CW 识别信号位于 800 Hz 音频处；这是该网络的通行约定，也会让四个 PI4 音调落入解码器默认的搜索位置。,panels.pi4,adapter-generated,crates/sdroxide-ui/src/app/panels/pi4.rs:172
panels.pi4.text_249_341d67,{:02}:{:02} UTC — {} ago,{:02}:{:02} UTC · {}前,panels.pi4,adapter-generated,crates/sdroxide-ui/src/app/panels/pi4.rs:249
panels.pi4.text_77_8c0c13,RECEPTIONS,接收报告,panels.pi4,adapter-generated,crates/sdroxide-ui/src/app/panels/pi4.rs:77
panels.pi4.text_81_b4d14f,{} rx,接收 {} 条,panels.pi4,adapter-generated,crates/sdroxide-ui/src/app/panels/pi4.rs:81
panels.pi4.text_89_ed32b9,Save the PI4 reception list as CSV,将 PI4 接收列表保存为 CSV,panels.pi4,adapter-generated,crates/sdroxide-ui/src/app/panels/pi4.rs:89
panels.rade.text_111_babbb2,heard {call},已接收 {call},panels.rade,adapter-generated,crates/sdroxide-ui/src/app/panels/rade.rs:111
panels.rade.text_117_171c68,"The callsign the station put in its End-of-Over frame — the only point in a RADE over at which one is sent. It is also what is reported to FreeDV Reporter, so a station you hear appears on qso.freedv.org as heard by you.

Held for a minute after the signal goes, and dropped when you start an over of your own: it names the station on frequency, not every station the receiver has ever heard.","对方在发话结束帧中发送的呼号；这是 RADE 一次发话中唯一发送呼号的时刻。此呼号也会报告给 FreeDV Reporter，因此你接收到的台站会在 qso.freedv.org 上显示为被你接收。

信号消失后保留一分钟，开始自行发话时清除：它表示当前频率上的台站，而非接收机曾收到的所有台站。",panels.rade,adapter-generated,crates/sdroxide-ui/src/app/panels/rade.rs:117
panels.rade.text_162_6e5a31,"Open or close a RADE over. The modem needs ~120 ms of speech before the first frame goes out, and sends an end-of-over frame when you stop, so transmit runs on a little past the button.",开始或结束一次 RADE 发话。调制解调器需要约 120 ms 的语音才能发出第一帧，停止时还会发送发话结束帧，因此松开按钮后发射会继续片刻。,panels.rade,adapter-generated,crates/sdroxide-ui/src/app/panels/rade.rs:162
panels.rade.text_172_a4d154,"RADE V1 occupies roughly 1060–1880 Hz of the passband — upper sideband, or lower on 160, 80 and 40 m, where RADE keeps phone practice and sdroxide switches for you. Put the signal inside the shaded band on the waterfall; the modem finds it from there.",RADE V1 约占用通带中的 1060–1880 Hz。通常使用上边带；160、80 和 40 米波段沿用语音通信惯例，使用下边带，SDRoxide 会自动切换。将信号置于瀑布图的阴影区域内，调制解调器会自行捕获。,panels.rade,adapter-generated,crates/sdroxide-ui/src/app/panels/rade.rs:172
panels.rade.text_184_206f9a,⚠ {} samples dropped between the receiver and the decoder — this machine is not keeping up with the neural decode.,⚠ 接收机与解码器之间丢失了 {} 个采样；本机处理速度跟不上神经网络解码。,panels.rade,adapter-generated,crates/sdroxide-ui/src/app/panels/rade.rs:184
panels.rade.text_32_3ae956,FreeDV V1 digital voice,FreeDV V1 数字语音,panels.rade,adapter-generated,crates/sdroxide-ui/src/app/panels/rade.rs:32
panels.rade.text_37_548c99,● TX,● 发射,panels.rade,adapter-generated,crates/sdroxide-ui/src/app/panels/rade.rs:37
panels.rade.text_43_a16f1b,MUTE ANALOG,静音模拟音频,panels.rade,adapter-generated,crates/sdroxide-ui/src/app/panels/rade.rs:43
panels.rade.text_49_15a7f5,"Mute the demodulated audio, so only decoded speech is heard. The raw signal is otherwise passed through whenever the modem has nothing to play — that hiss is how you find an over before it syncs, so leave this off while tuning.",将解调后的音频静音，只播放解码出的语音。否则，当调制解调器没有语音可播放时，会直接播放原始信号；这段噪声可帮助你在同步前找到对方的发话，因此调谐时请关闭此选项。,panels.rade,adapter-generated,crates/sdroxide-ui/src/app/panels/rade.rs:49
panels.rade.text_69_504220,transmitting,正在发射,panels.rade,adapter-generated,crates/sdroxide-ui/src/app/panels/rade.rs:69
panels.rade.text_71_7dcad6,SYNC,已同步,panels.rade,adapter-generated,crates/sdroxide-ui/src/app/panels/rade.rs:71
panels.rade.text_73_848333,searching,正在搜索,panels.rade,adapter-generated,crates/sdroxide-ui/src/app/panels/rade.rs:73
panels.rade.text_93_7613f4,offset {:+.0} Hz,频偏 {:+.0} Hz,panels.rade,adapter-generated,crates/sdroxide-ui/src/app/panels/rade.rs:93
panels.rade.text_98_044ea7,How far the received signal sits from where the modem expects it. Large values still decode — the acquisition loop tracks them — but nudging the dial to bring this near zero gives the best margin.,接收信号偏离调制解调器预期频率的幅度。偏差较大时仍可解码，捕获环会跟踪信号；但微调拨盘、使此值接近零，可以获得最大的解码余量。,panels.rade,adapter-generated,crates/sdroxide-ui/src/app/panels/rade.rs:98
panels.rf_paint.text_222_b85ab7,RF PAINT,射频绘图,panels.rf_paint,adapter-generated,crates/sdroxide-ui/src/app/panels/rf_paint.rs:222
panels.rf_paint.text_224_b68f0a,Scan speed,扫描速度,panels.rf_paint,adapter-generated,crates/sdroxide-ui/src/app/panels/rf_paint.rs:224
panels.rf_paint.text_237_94f5b6,"How fast the text/image is scanned onto the waterfall. Lower is slower and more legible; 100% = base rate, 25% (centre) is the default.",将文字或图像扫描到瀑布图上的速度。数值越低，速度越慢，也越清晰；100% 为基准速率，25%（中央位置）为默认值。,panels.rf_paint,adapter-generated,crates/sdroxide-ui/src/app/panels/rf_paint.rs:237
panels.rf_paint.text_246_7a3a94,Abort,中止,panels.rf_paint,adapter-generated,crates/sdroxide-ui/src/app/panels/rf_paint.rs:246
panels.rf_paint.text_250_f60f68,● TX {:.0}%,● 发射 {:.0}%,panels.rf_paint,adapter-generated,crates/sdroxide-ui/src/app/panels/rf_paint.rs:250
panels.rf_paint.text_289_02c6f0,Type text to paint…,输入要绘制的文字…,panels.rf_paint,adapter-generated,crates/sdroxide-ui/src/app/panels/rf_paint.rs:289
panels.rf_paint.text_294_15b790,PREVIEW WATERFALL,瀑布图预览,panels.rf_paint,adapter-generated,crates/sdroxide-ui/src/app/panels/rf_paint.rs:294
panels.rf_paint.text_346_ec0f9b,Load image…,加载图像…,panels.rf_paint,adapter-generated,crates/sdroxide-ui/src/app/panels/rf_paint.rs:346
panels.rf_paint.text_351_15b790,PREVIEW WATERFALL,瀑布图预览,panels.rf_paint,adapter-generated,crates/sdroxide-ui/src/app/panels/rf_paint.rs:351
panels.rfpaint.dynamic.text_284_03fd4d,TEXT PAINT,文字绘制,panels.rfpaint.dynamic,adapter-generated,crates/sdroxide-ui/src/app/panels/rf_paint.rs:284
panels.rfpaint.dynamic.text_305_b64162,type text to preview,输入文字以预览,panels.rfpaint.dynamic,adapter-generated,crates/sdroxide-ui/src/app/panels/rf_paint.rs:305
panels.rfpaint.dynamic.text_314_f94d60,  TRANSMIT  ,  发射  ,panels.rfpaint.dynamic,adapter-generated,crates/sdroxide-ui/src/app/panels/rf_paint.rs:314
panels.rfpaint.dynamic.text_335_e9c0f9,IMAGE PAINT,图像绘制,panels.rfpaint.dynamic,adapter-generated,crates/sdroxide-ui/src/app/panels/rf_paint.rs:335
panels.rfpaint.dynamic.text_343_ea3420,no image loaded,尚未加载图像,panels.rfpaint.dynamic,adapter-generated,crates/sdroxide-ui/src/app/panels/rf_paint.rs:343
panels.rfpaint.dynamic.text_362_973989,load an image to preview,加载图像以预览,panels.rfpaint.dynamic,adapter-generated,crates/sdroxide-ui/src/app/panels/rf_paint.rs:362
panels.rfpaint.dynamic.text_371_f94d60,  TRANSMIT  ,  发射  ,panels.rfpaint.dynamic,adapter-generated,crates/sdroxide-ui/src/app/panels/rf_paint.rs:371
panels.setup.dynamic.text_236_2e7573, min, 分钟,panels.setup.dynamic,adapter-generated,crates/sdroxide-ui/src/app/panels/setup.rs:236
panels.setup.dynamic.text_420_238a67,Latitude,纬度,panels.setup.dynamic,adapter-generated,crates/sdroxide-ui/src/app/panels/setup.rs:420
panels.setup.dynamic.text_425_2daa8d,south,南纬,panels.setup.dynamic,adapter-generated,crates/sdroxide-ui/src/app/panels/setup.rs:425
panels.setup.dynamic.text_428_6d8045,Longitude,经度,panels.setup.dynamic,adapter-generated,crates/sdroxide-ui/src/app/panels/setup.rs:428
panels.setup.dynamic.text_42_c417b6,APRS Setup,APRS 设置,panels.setup.dynamic,adapter-generated,crates/sdroxide-ui/src/app/panels/setup.rs:42
panels.setup.dynamic.text_433_76a796,west,西经,panels.setup.dynamic,adapter-generated,crates/sdroxide-ui/src/app/panels/setup.rs:433
panels.setup.dynamic.text_44_bb3ed1,Packet Setup,分组通信设置,panels.setup.dynamic,adapter-generated,crates/sdroxide-ui/src/app/panels/setup.rs:44
panels.setup.dynamic.text_46_1693cd,{} Setup,{} 设置,panels.setup.dynamic,adapter-generated,crates/sdroxide-ui/src/app/panels/setup.rs:46
panels.setup.dynamic.text_48_ba7ef1,FT8 / FT4 / FT2 Setup,FT8 / FT4 / FT2 设置,panels.setup.dynamic,adapter-generated,crates/sdroxide-ui/src/app/panels/setup.rs:48
panels.setup.dynamic.text_502_2e7573, min, 分钟,panels.setup.dynamic,adapter-generated,crates/sdroxide-ui/src/app/panels/setup.rs:502
panels.setup.dynamic.text_572_2e7573, min, 分钟,panels.setup.dynamic,adapter-generated,crates/sdroxide-ui/src/app/panels/setup.rs:572
panels.setup.dynamic.text_601_ca7981,Off,关闭,panels.setup.dynamic,adapter-generated,crates/sdroxide-ui/src/app/panels/setup.rs:601
panels.setup.dynamic.text_602_836132,10 min,10 分钟,panels.setup.dynamic,adapter-generated,crates/sdroxide-ui/src/app/panels/setup.rs:602
panels.setup.dynamic.text_603_8d616d,15 min,15 分钟,panels.setup.dynamic,adapter-generated,crates/sdroxide-ui/src/app/panels/setup.rs:603
panels.setup.dynamic.text_604_f69fa2,30 min,30 分钟,panels.setup.dynamic,adapter-generated,crates/sdroxide-ui/src/app/panels/setup.rs:604
panels.setup.dynamic.text_605_b63f1f,60 min,60 分钟,panels.setup.dynamic,adapter-generated,crates/sdroxide-ui/src/app/panels/setup.rs:605
panels.setup.dynamic.text_743_2e7573, min, 分钟,panels.setup.dynamic,adapter-generated,crates/sdroxide-ui/src/app/panels/setup.rs:743
panels.setup.dynamic.text_945_0d7d12,Grid,网格定位,panels.setup.dynamic,adapter-generated,crates/sdroxide-ui/src/app/panels/setup.rs:945
panels.setup.dynamic.text_946_b6ce78,Report,信号报告,panels.setup.dynamic,adapter-generated,crates/sdroxide-ui/src/app/panels/setup.rs:946
panels.setup.dynamic.text_947_bc898c,R+Report,确认及信号报告,panels.setup.dynamic,adapter-generated,crates/sdroxide-ui/src/app/panels/setup.rs:947
panels.setup.symbols.text_977_8afadf,Home station,固定台站,panels.setup.symbols,display-helper-adapted,crates/sdroxide-ui/src/app/panels/setup.rs:977
panels.setup.symbols.text_978_a5cdf0,Car,轿车,panels.setup.symbols,display-helper-adapted,crates/sdroxide-ui/src/app/panels/setup.rs:978
panels.setup.symbols.text_979_119542,Truck,卡车,panels.setup.symbols,display-helper-adapted,crates/sdroxide-ui/src/app/panels/setup.rs:979
panels.setup.symbols.text_980_1d319b,Van,厢式车,panels.setup.symbols,display-helper-adapted,crates/sdroxide-ui/src/app/panels/setup.rs:980
panels.setup.symbols.text_981_965701,Motorcycle,摩托车,panels.setup.symbols,display-helper-adapted,crates/sdroxide-ui/src/app/panels/setup.rs:981
panels.setup.symbols.text_982_2e5a19,Bicycle,自行车,panels.setup.symbols,display-helper-adapted,crates/sdroxide-ui/src/app/panels/setup.rs:982
panels.setup.symbols.text_983_0273fe,Person on foot,步行者,panels.setup.symbols,display-helper-adapted,crates/sdroxide-ui/src/app/panels/setup.rs:983
panels.setup.symbols.text_984_35f354,Motorhome,房车,panels.setup.symbols,display-helper-adapted,crates/sdroxide-ui/src/app/panels/setup.rs:984
panels.setup.symbols.text_985_90406b,Boat,船舶,panels.setup.symbols,display-helper-adapted,crates/sdroxide-ui/src/app/panels/setup.rs:985
panels.setup.symbols.text_986_6bda42,Yacht,游艇,panels.setup.symbols,display-helper-adapted,crates/sdroxide-ui/src/app/panels/setup.rs:986
panels.setup.symbols.text_987_69db25,Light aircraft,轻型飞机,panels.setup.symbols,display-helper-adapted,crates/sdroxide-ui/src/app/panels/setup.rs:987
panels.setup.symbols.text_988_85bddc,Balloon,气球,panels.setup.symbols,display-helper-adapted,crates/sdroxide-ui/src/app/panels/setup.rs:988
panels.setup.symbols.text_989_ff74c5,Digipeater,数字中继站,panels.setup.symbols,display-helper-adapted,crates/sdroxide-ui/src/app/panels/setup.rs:989
panels.setup.symbols.text_990_ab9fa5,I-gate,互联网网关（I-gate）,panels.setup.symbols,display-helper-adapted,crates/sdroxide-ui/src/app/panels/setup.rs:990
panels.setup.symbols.text_991_46e7be,Repeater,中继台,panels.setup.symbols,display-helper-adapted,crates/sdroxide-ui/src/app/panels/setup.rs:991
panels.setup.symbols.text_992_0050e5,Weather station,气象站,panels.setup.symbols,display-helper-adapted,crates/sdroxide-ui/src/app/panels/setup.rs:992
panels.setup.symbols.text_993_97e962,Hospital,医院,panels.setup.symbols,display-helper-adapted,crates/sdroxide-ui/src/app/panels/setup.rs:993
panels.setup.symbols.text_994_02e287,Portable / campsite,便携台站／营地,panels.setup.symbols,display-helper-adapted,crates/sdroxide-ui/src/app/panels/setup.rs:994
panels.setup.text_121_8aa15a,"9600 needs the radio's data port. A microphone and speaker path destroys it at both ends — that is the radio, not sdroxide.",9600 需要电台的数据端口。麦克风和扬声器路径会在两端破坏信号，这是电台的限制。,panels.setup,adapter-generated,crates/sdroxide-ui/src/app/panels/setup.rs:121
panels.setup.text_131_c197d3,TX delay,发射延迟,panels.setup,adapter-generated,crates/sdroxide-ui/src/app/panels/setup.rs:131
panels.setup.text_140_99c807,"Flags sent before a frame, so the far end can hear us and lock its clock. On a CAT rig sdroxide alone spends 165–240 ms getting on the air, and the rig's own transmit-ready time is on top of that.",帧前发送的标志，使远端能够检测信号并锁定时钟。使用 CAT 电台时，仅 sdroxide 启动发射就需 165–240 ms，此外还需电台自身准备时间。,panels.setup,adapter-generated,crates/sdroxide-ui/src/app/panels/setup.rs:140
panels.setup.text_149_fbd557,Packet length,分组长度,panels.setup,adapter-generated,crates/sdroxide-ui/src/app/panels/setup.rs:149
panels.setup.text_155_ec4674, bytes, 字节,panels.setup,adapter-generated,crates/sdroxide-ui/src/app/panels/setup.rs:155
panels.setup.text_158_fef6c3,"The most a single frame carries. Shorter frames survive a marginal path — only the frame that was hit is resent — and cost more overhead. 128 on HF, 256 where the path is solid.",单帧携带的最大数据量。较短的帧更能适应不稳定链路，只需重发受损帧，但开销更大。HF 通常使用 128，稳定链路使用 256。,panels.setup,adapter-generated,crates/sdroxide-ui/src/app/panels/setup.rs:158
panels.setup.text_163_44ff7b,window,窗口,panels.setup,adapter-generated,crates/sdroxide-ui/src/app/panels/setup.rs:163
panels.setup.text_171_0c8990,Frames sent before waiting for an acknowledgement. More fills a good path; on a bad one it is more to resend.,等待确认前发送的帧数。增大可充分利用良好链路，但较差链路上需要重发的帧也更多。,panels.setup,adapter-generated,crates/sdroxide-ui/src/app/panels/setup.rs:171
panels.setup.text_178_97b165,Extended,扩展模式,panels.setup,adapter-generated,crates/sdroxide-ui/src/app/panels/setup.rs:178
panels.setup.text_180_138f2d,Ask for mod-128,请求 mod-128,panels.setup,adapter-generated,crates/sdroxide-ui/src/app/panels/setup.rs:180
panels.setup.text_182_d5561e,"Extended sequence numbers, for a window bigger than seven. Many nodes refuse the request with a DM, which looks exactly like a station that would not talk to you — so leave it off unless you know the far end wants it.",扩展序号，支持超过七帧的窗口。许多节点会以 DM 拒绝请求，看起来与不愿建立连接相同。因此除非确定远端支持，否则保持关闭。,panels.setup,adapter-generated,crates/sdroxide-ui/src/app/panels/setup.rs:182
panels.setup.text_190_95ed5b,Answer calls,接听呼叫,panels.setup,adapter-generated,crates/sdroxide-ui/src/app/panels/setup.rs:190
panels.setup.text_192_41318b,Accept connections,接受连接,panels.setup,adapter-generated,crates/sdroxide-ui/src/app/panels/setup.rs:192
panels.setup.text_194_32d9db,"Off for a Winlink client, which dials out and has no reason to answer. On to be reachable as a peer: a call arrives in the terminal pane and you talk to whoever made it. A station whose link is already busy with a Winlink session refuses calls until that finishes.",Winlink 客户端主动呼出，无需接听，应关闭此项。若要作为可连接的对等台站，可启用：呼叫显示在终端面板中，可与呼叫者交流。链路正用于 Winlink 会话时，会拒绝呼叫，直到会话结束。,panels.setup,adapter-generated,crates/sdroxide-ui/src/app/panels/setup.rs:194
panels.setup.text_203_bb6aa3,Connect text,连接欢迎文本,panels.setup,adapter-generated,crates/sdroxide-ui/src/app/panels/setup.rs:203
panels.setup.text_207_77e240,what a caller is greeted with,对呼叫者的欢迎语,panels.setup,adapter-generated,crates/sdroxide-ui/src/app/panels/setup.rs:207
panels.setup.text_210_642de3,"Sent to a station that connects to us, once the link is up. Empty sends nothing — which looks broken to whoever called.",远端连接且链路建立后发送的文本。留空则不发送，对呼叫者可能看起来像连接故障。,panels.setup,adapter-generated,crates/sdroxide-ui/src/app/panels/setup.rs:210
panels.setup.text_216_0bd72a,Default via,默认中继路径,panels.setup,adapter-generated,crates/sdroxide-ui/src/app/panels/setup.rs:216
panels.setup.text_223_d12118,"The digipeater path the terminal starts with. The path to your local node is the same every time, and retyping it is how a hop gets left off.",终端初始使用的数字中继路径。本地节点路径每次通常相同，反复手填容易漏掉一跳。,panels.setup,adapter-generated,crates/sdroxide-ui/src/app/panels/setup.rs:223
panels.setup.text_238_1b591c,0 disables the timer,0 表示禁用定时器,panels.setup,adapter-generated,crates/sdroxide-ui/src/app/panels/setup.rs:238
panels.setup.text_243_ac1c9c,beacon text,信标文本,panels.setup,adapter-generated,crates/sdroxide-ui/src/app/panels/setup.rs:243
panels.setup.text_249_c2ba7c,KISS server,KISS 服务器,panels.setup,adapter-generated,crates/sdroxide-ui/src/app/panels/setup.rs:249
panels.setup.text_252_0c5d59,Serve,提供服务,panels.setup,adapter-generated,crates/sdroxide-ui/src/app/panels/setup.rs:252
panels.setup.text_254_b3fd01,"Offer this modem as a KISS TNC on a socket, so Pat, an APRS client or the Linux AX.25 stack can use the radio.",通过套接字将此调制解调器作为 KISS TNC 提供给 Pat、APRS 客户端或 Linux AX.25 协议栈，以使用电台。,panels.setup,adapter-generated,crates/sdroxide-ui/src/app/panels/setup.rs:254
panels.setup.text_269_bba4c2,APRS call,APRS 呼号,panels.setup,adapter-generated,crates/sdroxide-ui/src/app/panels/setup.rs:269
panels.setup.text_275_d7f4c9,"The callsign this station beacons under, with its SSID — OE3JJS-9 for a car, -10 for an I-gate, -5 for a phone. Leave it empty to use the callsign above.",此台站发送信标使用的呼号及 SSID，例如汽车用 OE3JJS-9，I-gate 用 -10，手机用 -5。留空时使用上方呼号。,panels.setup,adapter-generated,crates/sdroxide-ui/src/app/panels/setup.rs:275
panels.setup.text_292_c83047,"No callsign: this station will not transmit at all — not a beacon, not a message, not an acknowledgement.",未设置呼号：此台站完全不会发射，包括信标、消息和确认。,panels.setup,adapter-generated,crates/sdroxide-ui/src/app/panels/setup.rs:292
panels.setup.text_298_344d93,Transmits as {call},以 {call} 发射,panels.setup,adapter-generated,crates/sdroxide-ui/src/app/panels/setup.rs:298
panels.setup.text_302_ba0e4a,Symbol,符号,panels.setup,adapter-generated,crates/sdroxide-ui/src/app/panels/setup.rs:302
panels.setup.text_335_59f166,"The two characters as the protocol carries them: a table (`/` or `\`) and a symbol code. A digit or a letter in the first position is an overlay, drawn on top of the alternate table's icon.",协议中的两个字符：符号表（`/` 或 `\`）和符号代码。首位若为数字或字母，则作为叠加标识，绘制在备用符号表图标上。,panels.setup,adapter-generated,crates/sdroxide-ui/src/app/panels/setup.rs:335
panels.setup.text_351_62fa5a,Path,路径,panels.setup,adapter-generated,crates/sdroxide-ui/src/app/panels/setup.rs:351
panels.setup.text_360_aad521,How far you ask to be repeated. This is the single most consequential setting on the channel: every hop multiplies the transmissions the whole network makes on one shared frequency.,请求转发的范围。这是通道上影响最大的设置：每增加一跳，都使整个网络在同一共享频率上的发射次数成倍增加。,panels.setup,adapter-generated,crates/sdroxide-ui/src/app/panels/setup.rs:360
panels.setup.text_389_6d031a,Position,位置,panels.setup,adapter-generated,crates/sdroxide-ui/src/app/panels/setup.rs:389
panels.setup.text_393_266179,From my grid,使用我的网格定位符,panels.setup,adapter-generated,crates/sdroxide-ui/src/app/panels/setup.rs:393
panels.setup.text_395_9a0b4f,"Beacon the centre of the locator above, reported with the ambiguity a locator actually has — a six-character one is a couple of kilometres across, and saying so is honest. Untick to give exact coordinates instead.",发送上方定位符中心的位置，并按定位符实际精度报告位置模糊度。六位定位符覆盖约几公里，应如实表示。取消勾选后可填写精确坐标。,panels.setup,adapter-generated,crates/sdroxide-ui/src/app/panels/setup.rs:395
panels.setup.text_448_19d2f5,from the locator,来自网格定位符,panels.setup,adapter-generated,crates/sdroxide-ui/src/app/panels/setup.rs:448
panels.setup.text_465_c6f80f,"Decimal degrees, negative for {hemi}. Paste one straight off a map.",十进制度数，{hemi} 使用负值。可直接从地图粘贴。,panels.setup,adapter-generated,crates/sdroxide-ui/src/app/panels/setup.rs:465
panels.setup.text_477_f0b6de,not a coordinate,坐标无效,panels.setup,adapter-generated,crates/sdroxide-ui/src/app/panels/setup.rs:477
panels.setup.text_490_355942,sent with every beacon,随每次信标发送,panels.setup,adapter-generated,crates/sdroxide-ui/src/app/panels/setup.rs:490
panels.setup.text_505_26df4e,"0 — the default — never beacons on a timer. Thirty minutes is the convention for a fixed station; a moving one beacons oftener, but every beacon is somebody else's channel time.",默认 0 表示不定时发送信标。固定台站通常每三十分钟发送一次，移动台站更频繁，但每次信标都会占用其他人的通道时间。,panels.setup,adapter-generated,crates/sdroxide-ui/src/app/panels/setup.rs:505
panels.setup.text_512_e2d1ca,Compressed,压缩格式,panels.setup,adapter-generated,crates/sdroxide-ui/src/app/panels/setup.rs:512
panels.setup.text_514_11d7ba,The compressed position format: a third of the air time and more precise. Every receiver since the 1990s reads it.,压缩位置格式，占用约三分之一的发射时间，且更精确。自 1990 年代以来的接收机均支持。,panels.setup,adapter-generated,crates/sdroxide-ui/src/app/panels/setup.rs:514
panels.setup.text_524_8a1054,"The first goes out one interval from now, not immediately.",首次发送在一个间隔之后，不会立即发送。,panels.setup,adapter-generated,crates/sdroxide-ui/src/app/panels/setup.rs:524
panels.setup.text_532_04d7b4,Messages,消息,panels.setup,adapter-generated,crates/sdroxide-ui/src/app/panels/setup.rs:532
panels.setup.text_534_f9236d,Acknowledge,发送确认,panels.setup,adapter-generated,crates/sdroxide-ui/src/app/panels/setup.rs:534
panels.setup.text_536_d4769c,"Answer messages addressed to you. An acknowledgement is a transmission this station makes without being asked, so a receive-only setup should turn it off — and the beacon then stops claiming to be reachable too.",确认发给你的消息。确认是台站自动发起的发射，因此仅接收配置应关闭此项；信标也将不再声明台站可被联系。,panels.setup,adapter-generated,crates/sdroxide-ui/src/app/panels/setup.rs:536
panels.setup.text_544_c197d3,TX delay,发射延迟,panels.setup,adapter-generated,crates/sdroxide-ui/src/app/panels/setup.rs:544
panels.setup.text_553_c95ea2,"Flags sent ahead of every frame, so the far end's modem hears the carrier and locks its clock before the data starts. It has to outlast everything between pressing transmit and radiating: sdroxide alone spends 165–240 ms of it on a CAT rig, and a radio taking audio over a network buffers more on top. Too little and the far end never locks — the transmission is there and nothing decodes it.",每帧前发送的标志，使远端调制解调器在数据开始前检测载波并锁定时钟。时长必须覆盖从启动发射到实际射频输出的全部延迟：CAT 电台上仅 sdroxide 就需 165–240 ms，通过网络接收音频的电台还会增加缓冲时间。过短时远端无法锁定，虽有发射却无法解码。,panels.setup,adapter-generated,crates/sdroxide-ui/src/app/panels/setup.rs:553
panels.setup.text_563_4d7243,shared with the packet mode,与分组模式共用,panels.setup,adapter-generated,crates/sdroxide-ui/src/app/panels/setup.rs:563
panels.setup.text_567_358bfd,Keep stations,台站保留时间,panels.setup,adapter-generated,crates/sdroxide-ui/src/app/panels/setup.rs:567
panels.setup.text_575_1bd17b,"How long a station stays on the map after it was last heard. Also what the map's fade is measured against, so a short window shows only what is live.",最后一次接收后，台站在地图上的保留时间。地图淡出也以此为基准，较短的时间窗只显示当前活动台站。,panels.setup,adapter-generated,crates/sdroxide-ui/src/app/panels/setup.rs:575
panels.setup.text_585_ba3d57,Auto-reply,自动回复,panels.setup,adapter-generated,crates/sdroxide-ui/src/app/panels/setup.rs:585
panels.setup.text_587_a686d0,Answer SNR? / GRID? / STATUS?,回复 SNR?／GRID?／STATUS?,panels.setup,adapter-generated,crates/sdroxide-ui/src/app/panels/setup.rs:587
panels.setup.text_589_da23ae,"Answer a direct question addressed to you or to @ALLCALL, with the answer rather than an acknowledgement. Never answers another station's traffic, and never answers itself.",对于直接发给你或 @ALLCALL 的询问，发送答案而非确认。不会回复其他台站之间的通信，也不会回复自己。,panels.setup,adapter-generated,crates/sdroxide-ui/src/app/panels/setup.rs:589
panels.setup.text_595_9df894,Heartbeat,心跳信标,panels.setup,adapter-generated,crates/sdroxide-ui/src/app/panels/setup.rs:595
panels.setup.text_623_77cf4e,Turbo does not beacon — it is the local and VHF speed.,Turbo 不发送信标；它用于本地及 VHF 通信。,panels.setup,adapter-generated,crates/sdroxide-ui/src/app/panels/setup.rs:623
panels.setup.text_625_25b41c,"Sends your callsign and grid so others know you are receivable. The first goes out one interval from now, not immediately.",发送呼号和网格定位，让其他台站知道能接收到你。首次发送将在一个间隔后进行，不会立即发送。,panels.setup,adapter-generated,crates/sdroxide-ui/src/app/panels/setup.rs:625
panels.setup.text_632_30274b,Beacon frequency,信标频率,panels.setup,adapter-generated,crates/sdroxide-ui/src/app/panels/setup.rs:632
panels.setup.text_637_74dbd9,"Move each beacon to a free slot in the heartbeat sub-band, the way JS8Call does: it is where stations watching for beacons look, and it keeps an unattended transmitter off somebody else's QSO. The slot is chosen when the beacon actually goes out, clear of everything being decoded.",与 JS8Call 相同，在心跳子频段中为每次信标选择空闲位置。监测信标的台站会关注这里，也能避免无人值守发射占用他人通联。实际发送时才选择频率，避开所有正在解码的信号。,panels.setup,adapter-generated,crates/sdroxide-ui/src/app/panels/setup.rs:637
panels.setup.text_63_824a5e,My callsign,我的呼号,panels.setup,adapter-generated,crates/sdroxide-ui/src/app/panels/setup.rs:63
panels.setup.text_649_8971a9,Working freq,工作频率,panels.setup,adapter-generated,crates/sdroxide-ui/src/app/panels/setup.rs:649
panels.setup.text_651_db9113,"Beacon where you are working instead. Against the band convention, but it keeps everything you transmit in one place.",改为在当前工作频率发送信标。虽不符合波段惯例，但能让所有发射集中在同一位置。,panels.setup,adapter-generated,crates/sdroxide-ui/src/app/panels/setup.rs:651
panels.setup.text_663_e62e38,Heartbeat reply,心跳信标回复,panels.setup,adapter-generated,crates/sdroxide-ui/src/app/panels/setup.rs:663
panels.setup.text_668_3a67dc,Answer heartbeats with a signal report,以信号报告回应心跳,panels.setup,adapter-generated,crates/sdroxide-ui/src/app/panels/setup.rs:668
panels.setup.text_671_07b96e,"Tell a station that beaconed how well you copied them. Off by default: a busy band carries a heartbeat every slot, and answering all of them would flood exactly the band heartbeats exist to keep quiet. Rate-limited to one answer per station every 15 minutes, and never while a message is still arriving or while you have something queued to send.",告诉发送信标的台站你接收得如何。默认关闭：繁忙波段可能每个时隙都有心跳，全部回复反而会占满心跳旨在保持安静的波段。每台站最多每 15 分钟回复一次，且收到的消息尚未结束或有待发队列时不会回复。,panels.setup,adapter-generated,crates/sdroxide-ui/src/app/panels/setup.rs:671
panels.setup.text_681_27f936,Status message,状态消息,panels.setup,adapter-generated,crates/sdroxide-ui/src/app/panels/setup.rs:681
panels.setup.text_702_2b7783,TX period,发射时段,panels.setup,adapter-generated,crates/sdroxide-ui/src/app/panels/setup.rs:702
panels.setup.text_705_8c29bf,Even,偶数时段,panels.setup,adapter-generated,crates/sdroxide-ui/src/app/panels/setup.rs:705
panels.setup.text_707_859bc1,Odd,奇数时段,panels.setup,adapter-generated,crates/sdroxide-ui/src/app/panels/setup.rs:707
panels.setup.text_710_7157d2,Auto-sequence,自动序列,panels.setup,adapter-generated,crates/sdroxide-ui/src/app/panels/setup.rs:710
panels.setup.text_713_b043b9,Auto TX frequency,自动选择发射频率,panels.setup,adapter-generated,crates/sdroxide-ui/src/app/panels/setup.rs:713
panels.setup.text_717_b02317,"Choose the transmit frequency automatically: the quietest spot in the period you transmit in, rather than the frequency of the station you are answering. Off does NOT hold it — it answers on the frequency of the station being called. To hold, use Hold TX.",自动选择发射时段内最安静的频率，而非被回复台站的频率。关闭并不表示保持频率，而是按被呼叫台站的频率回复。若需固定频率，请启用“保持发射频率”。,panels.setup,adapter-generated,crates/sdroxide-ui/src/app/panels/setup.rs:717
panels.setup.text_71_336463,My grid,我的网格定位符,panels.setup,adapter-generated,crates/sdroxide-ui/src/app/panels/setup.rs:71
panels.setup.text_724_c82cc3,Hold TX frequency,保持发射频率,panels.setup,adapter-generated,crates/sdroxide-ui/src/app/panels/setup.rs:724
panels.setup.text_728_9b4955,"Pin the transmit tone where it is. Nothing moves it: not answering a station, not the call queue, not calling CQ, not a click on a decode or the waterfall. Overrides Auto TX frequency. Changing band is the one exception: the offset you last set on the new band comes back with it. For where your licence is narrower than the band plan — on a UK 60 m dial of 5357 kHz the allocation ends at 5358.0, so the tone must stay under 1000 Hz.",固定当前发射音调。回复台站、呼叫队列、呼叫 CQ，以及点击解码或瀑布图，都不会移动它。此项优先于自动选择发射频率。唯一例外是换波段，会恢复该波段上次设置的偏移。适用于许可证范围窄于波段规划的情况：例如英国 60 m 调谐频率为 5357 kHz，分配上限为 5358.0 kHz，音调必须保持在 1000 Hz 以下。,panels.setup,adapter-generated,crates/sdroxide-ui/src/app/panels/setup.rs:728
panels.setup.text_738_ce8f8a,TX watchdog,发射看门狗,panels.setup,adapter-generated,crates/sdroxide-ui/src/app/panels/setup.rs:738
panels.setup.text_746_a4ea32,Stop transmitting after this long with no reply and no action from you. 0 disables it.,在此时间内没有回复且没有你的操作时停止发射。0 表示禁用。,panels.setup,adapter-generated,crates/sdroxide-ui/src/app/panels/setup.rs:746
panels.setup.text_751_5d1f0b,Give up after,放弃阈值,panels.setup,adapter-generated,crates/sdroxide-ui/src/app/panels/setup.rs:751
panels.setup.text_756_b41692, calls, 次呼叫,panels.setup,adapter-generated,crates/sdroxide-ui/src/app/panels/setup.rs:756
panels.setup.text_759_cbb291,Unanswered calls to one station before moving on. Calling CQ is exempt. 0 disables it.,对同一台站无应答呼叫达到此次数后转向下一台站。呼叫 CQ 不受限制，0 表示禁用。,panels.setup,adapter-generated,crates/sdroxide-ui/src/app/panels/setup.rs:759
panels.setup.text_768_7da8d6,Contest,竞赛,panels.setup,adapter-generated,crates/sdroxide-ui/src/app/panels/setup.rs:768
panels.setup.text_775_2a5cd6,"The everyday exchange: grid, report, RR73.",常规交换：网格定位、信号报告、RR73。,panels.setup,adapter-generated,crates/sdroxide-ui/src/app/panels/setup.rs:775
panels.setup.text_778_6fcd50,"European VHF contests: send a signal report, a serial number and your SIX-character locator, in the message layout WSJT-X calls EU VHF Contest. CQ goes out as CQ TEST.",欧洲 VHF 竞赛：发送信号报告、序号和六位网格定位，使用 WSJT-X 称为 EU VHF Contest 的消息格式。CQ 以 CQ TEST 发出。,panels.setup,adapter-generated,crates/sdroxide-ui/src/app/panels/setup.rs:778
panels.setup.text_789_8ea094,Serial,流水号,panels.setup,adapter-generated,crates/sdroxide-ui/src/app/panels/setup.rs:789
panels.setup.text_79_afe889,Station call,台站呼号,panels.setup,adapter-generated,crates/sdroxide-ui/src/app/panels/setup.rs:79
panels.setup.text_803_71a8d9,"The serial number the next exchange will carry. It advances by itself as each contact is logged and is remembered between sessions — set it by hand only to start a contest, or to pick up where a paper log got to.",下次交换使用的流水号。每次记录通联后自动递增，并在会话之间保存。仅在开始竞赛或接续纸质日志时手动设置。,panels.setup,adapter-generated,crates/sdroxide-ui/src/app/panels/setup.rs:803
panels.setup.text_819_7de3bc,⚠ needs a 6-character grid,⚠ 需要六位网格定位符,panels.setup,adapter-generated,crates/sdroxide-ui/src/app/panels/setup.rs:819
panels.setup.text_824_26fe93,"EU VHF Contest messages carry a six-character locator (JN88DD, not JN88). Until My grid has one, the ordinary exchange is sent instead.",欧洲 VHF 竞赛消息使用六位定位符，例如 JN88DD，而非 JN88。“我的网格定位符”未设置六位值前，发送普通交换消息。,panels.setup,adapter-generated,crates/sdroxide-ui/src/app/panels/setup.rs:824
panels.setup.text_832_5e732b,DXpedition,DX 远征,panels.setup,adapter-generated,crates/sdroxide-ui/src/app/panels/setup.rs:832
panels.setup.text_838_8f5c11,Ordinary FT8 operation.,常规 FT8 操作。,panels.setup,adapter-generated,crates/sdroxide-ui/src/app/panels/setup.rs:838
panels.setup.text_840_2f9900,"Calling a DXpedition running Fox mode: call from above 1000 Hz, move down onto the Fox when it answers, and log on its RR73 without sending 73.",呼叫使用 Fox 模式的远征台：从 1000 Hz 以上呼叫，对方应答后移至 Fox 的频率；收到 RR73 后记入日志，不再发送 73。,panels.setup,adapter-generated,crates/sdroxide-ui/src/app/panels/setup.rs:840
panels.setup.text_845_a092e3,"Run the pile-up: several signals at once, a queue of callers, worked strongest and rarest first. CALL CQ starts it, STOP QSO stands it down.",处理集中呼叫：同时发送多个信号，将呼叫台站排入队列，优先联络最强信号及最稀有台站。“呼叫 CQ”开始运行，“停止通联”结束运行。,panels.setup,adapter-generated,crates/sdroxide-ui/src/app/panels/setup.rs:845
panels.setup.text_855_2bb989,Fox signals,Fox 信号数,panels.setup,adapter-generated,crates/sdroxide-ui/src/app/panels/setup.rs:855
panels.setup.text_860_f8caa3, at once, 个同时发送,panels.setup,adapter-generated,crates/sdroxide-ui/src/app/panels/setup.rs:860
panels.setup.text_863_c062c4,"Simultaneous transmissions, spaced 60 Hz apart. They share the transmitter's power, so more signals means each is weaker.",同时发送的信号数，各相隔 60 Hz。它们共享发射功率，因此信号越多，每个越弱。,panels.setup,adapter-generated,crates/sdroxide-ui/src/app/panels/setup.rs:863
panels.setup.text_895_b113c7,"How loud this mode's burst is handed to a radio that modulates it itself — and on FM that is the deviation, because an FM transmitter turns audio level into frequency swing and has no ALC to catch it. 1200 baud packet wants about 3 kHz where voice wants 5, so full scale into a data input set for voice over-deviates — which sounds completely normal to a listener and decodes for nobody. Turn it down until other stations report you, or set the level at the radio.

This level belongs to this mode alone. A mode you have never set starts from the FM figure, and the sideband modes start from their own — so a deviation set for 1200 baud never lands on FT8.","将本模式的突发信号送入自行调制的电台时的音频幅度。在 FM 上，它决定频偏，因为 FM 发射机会把音频电平转换为频率摆幅，且没有 ALC 来限制。1200 波特分组通信需要约 3 kHz 频偏，而语音需要 5 kHz；将满幅音频送入按语音配置的数据输入会导致过大频偏。听起来可能完全正常，其他台站却无法解码。逐步降低电平，直至其他台站能收到并报告你，或在电台端设置电平。

此电平仅属于当前模式。未设置过的模式以 FM 电平为初值，边带模式则使用各自的初值；1200 波特的频偏设置不会影响 FT8。",panels.setup,adapter-generated,crates/sdroxide-ui/src/app/panels/setup.rs:895
panels.setup.text_908_9fdcc7,"How loud this mode's over is handed to a radio that modulates it itself — a CAT rig on its sound card, a FLEX, an Icom on its network port. On sideband this is drive into the modulator: bring it down until the rig's ALC is barely moving and set the power at the radio, because ALC riding on a constant-envelope mode is what splatters. Drive reaches the rig's power register here, not its audio, so this is the level.

This level belongs to this mode alone: FT8, RTTY, PSK and MCW each keep their own, because they do not load a modulator the same way. The same rail is on the transmit strip, where you can reach it while you are transmitting.","将本模式的发话送入自行调制的电台时的音频幅度，例如使用声卡的 CAT 电台、FLEX 或通过网络连接的 Icom。在边带模式下，这是调制器的驱动电平：降低到电台 ALC 几乎不动作，并在电台端设置功率；恒包络模式下 ALC 持续动作会导致频谱扩散。此处的驱动控制作用于电台的功率寄存器，而非音频，因此应在这里调整音频电平。

此电平仅属于当前模式。FT8、RTTY、PSK 和 MCW 各自保存设置，因为它们对调制器的负载不同。发射控制栏上也有同样的滑轨，可在发射期间调整。",panels.setup,adapter-generated,crates/sdroxide-ui/src/app/panels/setup.rs:908
panels.setup.text_928_6843a1,"deviation, on FM",FM 的频偏,panels.setup,adapter-generated,crates/sdroxide-ui/src/app/panels/setup.rs:928
panels.setup.text_928_fe5f7b,"drive, on SSB",SSB 的驱动电平,panels.setup,adapter-generated,crates/sdroxide-ui/src/app/panels/setup.rs:928
panels.setup.text_938_416329,Message templates  {MYCALL} {MYGRID} {DX} {REPORT},消息模板  {MYCALL} {MYGRID} {DX} {REPORT},panels.setup,adapter-generated,crates/sdroxide-ui/src/app/panels/setup.rs:938
panels.setup.text_93_f26124,"With an SSID — OE3JJS-10. A packet station is conventionally a different SSID from the operator, and nothing transmits until this is set.",带 SSID，例如 OE3JJS-10。分组台站通常使用与操作者不同的 SSID；未设置此项前不会发射。,panels.setup,adapter-generated,crates/sdroxide-ui/src/app/panels/setup.rs:93
panels.sstv.dynamic.text_1049_fbc6d7,loading…,正在加载…,panels.sstv.dynamic,adapter-generated,crates/sdroxide-ui/src/app/panels/sstv.rs:1049
panels.sstv.dynamic.text_1051_bb2e33,{older} older — load more,还有 {older} 张较早图像 — 加载更多,panels.sstv.dynamic,adapter-generated,crates/sdroxide-ui/src/app/panels/sstv.rs:1051
panels.sstv.dynamic.text_1081_c7dbcc,TRANSMIT,发射,panels.sstv.dynamic,adapter-generated,crates/sdroxide-ui/src/app/panels/sstv.rs:1081
panels.sstv.dynamic.text_1182_e895c4,Change image…,更换图像…,panels.sstv.dynamic,adapter-generated,crates/sdroxide-ui/src/app/panels/sstv.rs:1182
panels.sstv.dynamic.text_1182_ec0f9b,Load image…,加载图像…,panels.sstv.dynamic,adapter-generated,crates/sdroxide-ui/src/app/panels/sstv.rs:1182
panels.sstv.dynamic.text_1390_afa0b2,Delete this picture from the store,从存储中删除这张图像,panels.sstv.dynamic,adapter-generated,crates/sdroxide-ui/src/app/panels/sstv.rs:1390
panels.sstv.dynamic.text_1392_3f326f,Delete this picture {},删除这张图像（{}）,panels.sstv.dynamic,adapter-generated,crates/sdroxide-ui/src/app/panels/sstv.rs:1392
panels.sstv.dynamic.text_1442_f9c635,Delete — sure?,确认删除？,panels.sstv.dynamic,adapter-generated,crates/sdroxide-ui/src/app/panels/sstv.rs:1442
panels.sstv.dynamic.text_1562_50c3b7,Substituted when the picture is composed:,合成图像时替换以下占位符：,panels.sstv.dynamic,adapter-generated,crates/sdroxide-ui/src/app/panels/sstv.rs:1562
panels.sstv.dynamic.text_1890_290408,"Try every encoding, send the smallest (never lossy)",尝试所有编码，选择最小的无损结果发送,panels.sstv.dynamic,adapter-generated,crates/sdroxide-ui/src/app/panels/sstv.rs:1890
panels.sstv.dynamic.text_2051_6b3bbe,"on the radio, in {dir}",电台所在机器的 {dir} 目录,panels.sstv.dynamic,adapter-generated,crates/sdroxide-ui/src/app/panels/sstv.rs:2051
panels.sstv.dynamic.text_2053_30e51f,in {dir},{dir} 目录,panels.sstv.dynamic,adapter-generated,crates/sdroxide-ui/src/app/panels/sstv.rs:2053
panels.sstv.dynamic.text_511_41cba4,That picture is {} MB — the limit is {} MB.,图像大小为 {} MB，超过 {} MB 的限制。,panels.sstv.dynamic,adapter-generated,crates/sdroxide-ui/src/app/panels/sstv.rs:511
panels.sstv.dynamic.text_722_ac88e5,Auto ({}),自动（{}）,panels.sstv.dynamic,adapter-generated,crates/sdroxide-ui/src/app/panels/sstv.rs:722
panels.sstv.dynamic.text_724_028624,Auto,自动,panels.sstv.dynamic,adapter-generated,crates/sdroxide-ui/src/app/panels/sstv.rs:724
panels.sstv.dynamic.text_939_35e0d0,LIVE,实时接收,panels.sstv.dynamic,adapter-generated,crates/sdroxide-ui/src/app/panels/sstv.rs:939
panels.sstv.dynamic.text_951_ae2897,waiting for a picture…,正在等待图像…,panels.sstv.dynamic,adapter-generated,crates/sdroxide-ui/src/app/panels/sstv.rs:951
panels.sstv.dynamic.text_953_23c4aa,waiting for a signal…,正在等待信号…,panels.sstv.dynamic,adapter-generated,crates/sdroxide-ui/src/app/panels/sstv.rs:953
panels.sstv.dynamic.text_955_32f884,no / low audio,没有音频或音频过弱,panels.sstv.dynamic,adapter-generated,crates/sdroxide-ui/src/app/panels/sstv.rs:955
panels.sstv.dynamic.text_977_a65d0f,RECEIVED,已接收,panels.sstv.dynamic,adapter-generated,crates/sdroxide-ui/src/app/panels/sstv.rs:977
panels.sstv.dynamic.text_980_0265d3,Reading the radio's pictures…,正在读取电台的图像…,panels.sstv.dynamic,adapter-generated,crates/sdroxide-ui/src/app/panels/sstv.rs:980
panels.sstv.dynamic.text_982_ae3e1b,Decoded pictures collect here.,解码后的图像在此汇集。,panels.sstv.dynamic,adapter-generated,crates/sdroxide-ui/src/app/panels/sstv.rs:982
panels.sstv.dynamic.text_985_6ff6d2,Decoded pictures are saved {} and collect here.,解码后的图像保存在{}，并在此汇集。,panels.sstv.dynamic,adapter-generated,crates/sdroxide-ui/src/app/panels/sstv.rs:985
panels.sstv.text_1011_c565a0,Click to enlarge · right-click to delete,点击放大 · 右键删除,panels.sstv,adapter-generated,crates/sdroxide-ui/src/app/panels/sstv.rs:1011
panels.sstv.text_1028_350486,Delete this picture,删除此图像,panels.sstv,adapter-generated,crates/sdroxide-ui/src/app/panels/sstv.rs:1028
panels.sstv.text_1042_ac7647,{older} older in the store,存储中还有 {older} 张较早图像,panels.sstv,adapter-generated,crates/sdroxide-ui/src/app/panels/sstv.rs:1042
panels.sstv.text_1157_5724e0,Click to edit this slot's message · double-click to load an image,点击编辑此槽位消息 · 双击加载图像,panels.sstv,adapter-generated,crates/sdroxide-ui/src/app/panels/sstv.rs:1157
panels.sstv.text_1189_744524,Empty this slot's picture (the message stays),清除此槽位图像，保留消息,panels.sstv,adapter-generated,crates/sdroxide-ui/src/app/panels/sstv.rs:1189
panels.sstv.text_1196_c8010e,Banner…,横幅…,panels.sstv,adapter-generated,crates/sdroxide-ui/src/app/panels/sstv.rs:1196
panels.sstv.text_1198_5ec374,What is printed across the top of every picture this station sends,印在此台站发送的每张图像顶部的内容,panels.sstv,adapter-generated,crates/sdroxide-ui/src/app/panels/sstv.rs:1198
panels.sstv.text_1235_a8bfe5,Fetching this slot's picture…,正在获取此槽位图像…,panels.sstv,adapter-generated,crates/sdroxide-ui/src/app/panels/sstv.rs:1235
panels.sstv.text_1237_7ca14e,Load an image into this slot →,将图像加载至此槽位 →,panels.sstv,adapter-generated,crates/sdroxide-ui/src/app/panels/sstv.rs:1237
panels.sstv.text_1259_95b3fd,Drawn on this slot's image,绘制在此槽位图像上,panels.sstv,adapter-generated,crates/sdroxide-ui/src/app/panels/sstv.rs:1259
panels.sstv.text_1302_800154,   TX   ,   发射   ,panels.sstv,adapter-generated,crates/sdroxide-ui/src/app/panels/sstv.rs:1302
panels.sstv.text_1334_86953b, ABORT TX , 中止发射 ,panels.sstv,adapter-generated,crates/sdroxide-ui/src/app/panels/sstv.rs:1334
panels.sstv.text_1397_f3f29b,Received image,接收图像,panels.sstv,adapter-generated,crates/sdroxide-ui/src/app/panels/sstv.rs:1397
panels.sstv.text_1422_151908,no longer in the store,已不在存储中,panels.sstv,adapter-generated,crates/sdroxide-ui/src/app/panels/sstv.rs:1422
panels.sstv.text_1427_f12b73,loading full size…,正在加载原始尺寸…,panels.sstv,adapter-generated,crates/sdroxide-ui/src/app/panels/sstv.rs:1427
panels.sstv.text_1429_bb1ed3,Save picture…,保存图像…,panels.sstv,adapter-generated,crates/sdroxide-ui/src/app/panels/sstv.rs:1429
panels.sstv.text_1430_a45430,Save a copy on this computer,在此电脑保存副本,panels.sstv,adapter-generated,crates/sdroxide-ui/src/app/panels/sstv.rs:1430
panels.sstv.text_1446_ce3415,Click again to delete it for good,再次点击可永久删除,panels.sstv,adapter-generated,crates/sdroxide-ui/src/app/panels/sstv.rs:1446
panels.sstv.text_1448_9ce78f,Delete…,删除…,panels.sstv,adapter-generated,crates/sdroxide-ui/src/app/panels/sstv.rs:1448
panels.sstv.text_1469_076439,{from} · {} · {}×{} {}-bit · {} / {} · {} octets in {} chunks ({} first pass) · session {},{from} · {} · {}×{} {} 位 · {} / {} · {} 字节，分为 {} 块（首次接收 {}）· 会话 {},panels.sstv,adapter-generated,crates/sdroxide-ui/src/app/panels/sstv.rs:1469
panels.sstv.text_1532_a7c09b,Image banner,图像横幅,panels.sstv,adapter-generated,crates/sdroxide-ui/src/app/panels/sstv.rs:1532
panels.sstv.text_1543_a203b8,"Drawn into every picture this station transmits, over the slot's own message.",绘制在此台站发送的每张图像上，位于槽位消息之上。,panels.sstv,adapter-generated,crates/sdroxide-ui/src/app/panels/sstv.rs:1543
panels.sstv.text_1552_3ff8ef,Draw the banner,绘制横幅,panels.sstv,adapter-generated,crates/sdroxide-ui/src/app/panels/sstv.rs:1552
panels.sstv.text_1575_a0eda5,Top left,左上角,panels.sstv,adapter-generated,crates/sdroxide-ui/src/app/panels/sstv.rs:1575
panels.sstv.text_1594_d83cbe,Top right,右上角,panels.sstv,adapter-generated,crates/sdroxide-ui/src/app/panels/sstv.rs:1594
panels.sstv.text_1607_88f202,Colours,颜色,panels.sstv,adapter-generated,crates/sdroxide-ui/src/app/panels/sstv.rs:1607
panels.sstv.text_1612_930cd9,"The strip, at its top edge — it fades to black, or to the gradient colour below it",横幅上边缘的颜色，向下渐变至黑色或下方设置的渐变颜色,panels.sstv,adapter-generated,crates/sdroxide-ui/src/app/panels/sstv.rs:1612
panels.sstv.text_1616_d60384,strip,横幅,panels.sstv,adapter-generated,crates/sdroxide-ui/src/app/panels/sstv.rs:1616
panels.sstv.text_1620_802824,Both texts,两处文字,panels.sstv,adapter-generated,crates/sdroxide-ui/src/app/panels/sstv.rs:1620
panels.sstv.text_1622_982d9e,text,文字,panels.sstv,adapter-generated,crates/sdroxide-ui/src/app/panels/sstv.rs:1622
panels.sstv.text_1631_96551c,fade to,渐变至,panels.sstv,adapter-generated,crates/sdroxide-ui/src/app/panels/sstv.rs:1631
panels.sstv.text_1634_b478d4,Fade the strip from its top colour to a second one instead of to black.,横幅从顶部颜色渐变至第二种颜色，而非黑色。,panels.sstv,adapter-generated,crates/sdroxide-ui/src/app/panels/sstv.rs:1634
panels.sstv.text_1648_f2944a,Text outline,文字描边,panels.sstv,adapter-generated,crates/sdroxide-ui/src/app/panels/sstv.rs:1648
panels.sstv.text_1653_582967,in,描边颜色,panels.sstv,adapter-generated,crates/sdroxide-ui/src/app/panels/sstv.rs:1653
panels.sstv.text_1656_337daf,"Draw an outline around the banner text, so it stays readable over a busy or light strip.",在横幅文字周围绘制轮廓，使其在复杂或浅色横幅背景上仍清晰可读。,panels.sstv,adapter-generated,crates/sdroxide-ui/src/app/panels/sstv.rs:1656
panels.sstv.text_1670_1b542d,Text gradient,文字渐变,panels.sstv,adapter-generated,crates/sdroxide-ui/src/app/panels/sstv.rs:1670
panels.sstv.text_1675_96551c,fade to,渐变至,panels.sstv,adapter-generated,crates/sdroxide-ui/src/app/panels/sstv.rs:1675
panels.sstv.text_1678_e4354a,Fade the banner text from its colour to a second one across the width of the picture.,横幅文字沿图像宽度，从原颜色渐变至第二种颜色。,panels.sstv,adapter-generated,crates/sdroxide-ui/src/app/panels/sstv.rs:1678
panels.sstv.text_1696_1da566,Rainbow text,彩虹文字,panels.sstv,adapter-generated,crates/sdroxide-ui/src/app/panels/sstv.rs:1696
panels.sstv.text_1700_d56634,"all text, overriding the colours above",全部文字，覆盖上方颜色设置,panels.sstv,adapter-generated,crates/sdroxide-ui/src/app/panels/sstv.rs:1700
panels.sstv.text_1703_68c79b,"Draw every text in the picture — banner and message — as a horizontal rainbow, ignoring the colours above.",将图像中的全部横幅和消息文字绘制为横向彩虹，忽略上方颜色设置。,panels.sstv,adapter-generated,crates/sdroxide-ui/src/app/panels/sstv.rs:1703
panels.sstv.text_1709_2f7766,Message,消息,panels.sstv,adapter-generated,crates/sdroxide-ui/src/app/panels/sstv.rs:1709
panels.sstv.text_1713_858779,The slot message's text colour,槽位消息的文字颜色,panels.sstv,adapter-generated,crates/sdroxide-ui/src/app/panels/sstv.rs:1713
panels.sstv.text_1715_982d9e,text,文字,panels.sstv,adapter-generated,crates/sdroxide-ui/src/app/panels/sstv.rs:1715
panels.sstv.text_1720_6d975a,outline in,描边颜色,panels.sstv,adapter-generated,crates/sdroxide-ui/src/app/panels/sstv.rs:1720
panels.sstv.text_1733_bfe2ec,Height,高度,panels.sstv,adapter-generated,crates/sdroxide-ui/src/app/panels/sstv.rs:1733
panels.sstv.text_1734_924984,"How tall the strip is, in pixels of the transmitted picture. The text is sized from it — an SSTV frame is only 320 pixels wide, so a taller banner is what makes it readable on the far end.",横幅高度，以发射图像的像素为单位。文字大小随高度确定。SSTV 帧宽仅为 320 像素，较高横幅才能让远端清楚阅读。,panels.sstv,adapter-generated,crates/sdroxide-ui/src/app/panels/sstv.rs:1734
panels.sstv.text_1743_bc913f, px, 像素,panels.sstv,adapter-generated,crates/sdroxide-ui/src/app/panels/sstv.rs:1743
panels.sstv.text_1754_2b6a55,Back to the callsign on the left and the version on the right,恢复为左侧呼号、右侧版本号,panels.sstv,adapter-generated,crates/sdroxide-ui/src/app/panels/sstv.rs:1754
panels.sstv.text_1771_ad3b10,Waiting for the station's digital-mode settings to load…,正在等待台站数字模式设置加载…,panels.sstv,adapter-generated,crates/sdroxide-ui/src/app/panels/sstv.rs:1771
panels.sstv.text_1803_fbb99e,"{} — {:.0} baud CPFSK, ±{:.0} Hz, {:.0} kHz occupied bandwidth",{} — {:.0} 波特 CPFSK，±{:.0} Hz，占用带宽 {:.0} kHz,panels.sstv,adapter-generated,crates/sdroxide-ui/src/app/panels/sstv.rs:1803
panels.sstv.text_1817_1af851,Size,尺寸,panels.sstv,adapter-generated,crates/sdroxide-ui/src/app/panels/sstv.rs:1817
panels.sstv.text_1838_45aee5,{} · ~{:.0} kHz occupied · dial is the channel centre,{} · 占用约 {:.0} kHz · 调谐读数为通道中心,panels.sstv,adapter-generated,crates/sdroxide-ui/src/app/panels/sstv.rs:1838
panels.sstv.text_1848_0670fa,⚠ {} occupies ~{:.0} kHz — too wide for a narrow-band segment,⚠ {} 占用约 {:.0} kHz，对窄带频段过宽,panels.sstv,adapter-generated,crates/sdroxide-ui/src/app/panels/sstv.rs:1848
panels.sstv.text_1857_c66ecb,"RIFP assigns no frequency, and sdroxide will transmit it wherever you tune. A {:.0} kHz channel only fits where wideband or FM operation is allowed — {} — and not in a narrow-band segment, least of all on HF. Even inside those your own licence conditions may be narrower. You are the operator; check your own rules.",RIFP 未指定工作频率，sdroxide 会在你调谐的位置发射。{:.0} kHz 通道只能用于允许宽带或 FM 操作的频段，即 {}，不能用于窄带频段，尤其是 HF。即使在这些频段内，你的许可证也可能有更窄的限制。操作者应核对自身适用规则。,panels.sstv,adapter-generated,crates/sdroxide-ui/src/app/panels/sstv.rs:1857
panels.sstv.text_1868_10f72d,The calling frequency the draft names,草案指定的呼叫频率,panels.sstv,adapter-generated,crates/sdroxide-ui/src/app/panels/sstv.rs:1868
panels.sstv.text_1882_23389a,Encode,编码,panels.sstv,adapter-generated,crates/sdroxide-ui/src/app/panels/sstv.rs:1882
panels.sstv.text_1883_90a431,How the picture is encoded into the object RIFP carries. Auto tries each and sends the smallest.,将图像编码为 RIFP 携带的数据对象的方式。自动模式尝试各方式并发送最小结果。,panels.sstv,adapter-generated,crates/sdroxide-ui/src/app/panels/sstv.rs:1883
panels.sstv.text_1900_0d5add,Gray,灰度,panels.sstv,adapter-generated,crates/sdroxide-ui/src/app/panels/sstv.rs:1900
panels.sstv.text_1901_b56f27,Grayscale depth. RIFP's raster is grayscale by definition — colour has no place in its manifest.,灰度位深。RIFP 栅格按定义为灰度，其清单不支持颜色。,panels.sstv,adapter-generated,crates/sdroxide-ui/src/app/panels/sstv.rs:1901
panels.sstv.text_1913_47225f,Diffuse quantisation error — worth it below 8 bits,扩散量化误差，低于 8 位时建议使用,panels.sstv,adapter-generated,crates/sdroxide-ui/src/app/panels/sstv.rs:1913
panels.sstv.text_1929_87d296,Caption,图像说明,panels.sstv,adapter-generated,crates/sdroxide-ui/src/app/panels/sstv.rs:1929
panels.sstv.text_1930_45bede,"Sent in the manifest as the content hint, and shown under the picture by receivers. Travels as text — it is not drawn into the image.",作为内容提示写入清单，由接收机显示在图像下方。以文本传输，不绘入图像。,panels.sstv,adapter-generated,crates/sdroxide-ui/src/app/panels/sstv.rs:1930
panels.sstv.text_1937_89ccfe,What this picture is,此图像的内容,panels.sstv,adapter-generated,crates/sdroxide-ui/src/app/panels/sstv.rs:1937
panels.sstv.text_1952_48b4ef,Repeat data,数据重复次数,panels.sstv,adapter-generated,crates/sdroxide-ui/src/app/panels/sstv.rs:1952
panels.sstv.text_1953_724391,"Send every data frame this many times. RIFP is one-way with no repair requests, so this is the only recovery a receiver gets.",每个数据帧发送的次数。RIFP 是单向协议，没有补发请求，因此这是接收机唯一的恢复手段。,panels.sstv,adapter-generated,crates/sdroxide-ui/src/app/panels/sstv.rs:1953
panels.sstv.text_1962_1617de,Chunk,数据块,panels.sstv,adapter-generated,crates/sdroxide-ui/src/app/panels/sstv.rs:1962
panels.sstv.text_1963_cba185,Payload octets per data frame (the profile recommends 192),每个数据帧的有效载荷字节数，配置建议为 192,panels.sstv,adapter-generated,crates/sdroxide-ui/src/app/panels/sstv.rs:1963
panels.sstv.text_1975_d4f003,● TX frame {}/{} · {} s left,● 发射帧 {}/{} · 剩余 {} 秒,panels.sstv,adapter-generated,crates/sdroxide-ui/src/app/panels/sstv.rs:1975
panels.sstv.text_1985_13952a,sent as {} · {} octets,发送格式 {} · {} 字节,panels.sstv,adapter-generated,crates/sdroxide-ui/src/app/panels/sstv.rs:1985
panels.sstv.text_1997_dd7a6d,frames {} · bad {} · pictures {},帧数 {} · 错误 {} · 图像 {},panels.sstv,adapter-generated,crates/sdroxide-ui/src/app/panels/sstv.rs:1997
panels.sstv.text_2003_ded168,"Valid frames, frames that failed CRC, and complete verified pictures",有效帧数、CRC 失败帧数及完整验证的图像数,panels.sstv,adapter-generated,crates/sdroxide-ui/src/app/panels/sstv.rs:2003
panels.sstv.text_2005_c80bde,no transfer in progress,没有正在进行的传输,panels.sstv,adapter-generated,crates/sdroxide-ui/src/app/panels/sstv.rs:2005
panels.sstv.text_2019_217476,session {} · idle {} s,会话 {} · 空闲 {} 秒,panels.sstv,adapter-generated,crates/sdroxide-ui/src/app/panels/sstv.rs:2019
panels.sstv.text_2022_537303,"session {} · chunks held, still waiting for the manifest · idle {} s",会话 {} · 已保留数据块，仍在等待清单 · 空闲 {} 秒,panels.sstv,adapter-generated,crates/sdroxide-ui/src/app/panels/sstv.rs:2022
panels.sstv.text_2029_47f024,Forget this incomplete transfer,清除此未完成传输,panels.sstv,adapter-generated,crates/sdroxide-ui/src/app/panels/sstv.rs:2029
panels.sstv.text_556_99ae17,Chunks received (lit) and still missing (dark),已接收的数据块（亮色）与仍缺失的数据块（暗色）,panels.sstv,adapter-generated,crates/sdroxide-ui/src/app/panels/sstv.rs:556
panels.sstv.text_746_1e9806,Signal,信号,panels.sstv,adapter-generated,crates/sdroxide-ui/src/app/panels/sstv.rs:746
panels.sstv.text_750_f60f68,● TX {:.0}%,● 发射 {:.0}%,panels.sstv,adapter-generated,crates/sdroxide-ui/src/app/panels/sstv.rs:750
panels.sstv.text_757_1732c6,● RX {:.0}%,● 接收 {:.0}%,panels.sstv,adapter-generated,crates/sdroxide-ui/src/app/panels/sstv.rs:757
panels.sstv.text_769_c54545,{bad} — not decoded,{bad} — 未解码,panels.sstv,adapter-generated,crates/sdroxide-ui/src/app/panels/sstv.rs:769
panels.sstv.text_775_c04252,A station is sending in a mode sdroxide does not have. The signal and the tuning are fine — there is simply no decoder for this one. Nothing to fix at your end.,对方使用了 sdroxide 尚不支持的模式。信号和调谐正常，只是缺少此模式的解码器，你的接收设置无需修正。,panels.sstv,adapter-generated,crates/sdroxide-ui/src/app/panels/sstv.rs:775
panels.sstv.text_781_270cbc,last: {},上次：{},panels.sstv,adapter-generated,crates/sdroxide-ui/src/app/panels/sstv.rs:781
panels.sstv.text_786_84b218,listening…,正在监听…,panels.sstv,adapter-generated,crates/sdroxide-ui/src/app/panels/sstv.rs:786
panels.sstv.text_806_8f8226,Restart RX,重新开始接收,panels.sstv,adapter-generated,crates/sdroxide-ui/src/app/panels/sstv.rs:806
panels.sstv.text_808_84e852,Abandon the picture being received and listen for the                                          next header. For a transmission that started decoding                                          in the wrong mode — the receiver is otherwise committed                                          until that mode runs out.,放弃正在接收的图像，等待下一帧头。适用于开始时识别成错误模式的信号，否则接收机会一直按该模式运行至结束。,panels.sstv,adapter-generated,crates/sdroxide-ui/src/app/panels/sstv.rs:808
panels.sstv.text_832_73b168,The callsign the last station sent as an FSK ID after its picture.,上一台站在图像之后以 FSK ID 发送的呼号。,panels.sstv,adapter-generated,crates/sdroxide-ui/src/app/panels/sstv.rs:832
panels.sstv.text_839_f10786,TX slant,发射倾斜校正,panels.sstv,adapter-generated,crates/sdroxide-ui/src/app/panels/sstv.rs:839
panels.sstv.text_840_ced603,Transmit clock trim (ppm) to remove slant on the far-end decoder,微调发射时钟（ppm），消除远端解码图像的倾斜,panels.sstv,adapter-generated,crates/sdroxide-ui/src/app/panels/sstv.rs:840
panels.sstv.text_856_aad8e4,Reset to 0 ppm,重置为 0 ppm,panels.sstv,adapter-generated,crates/sdroxide-ui/src/app/panels/sstv.rs:856
panels.sstv.text_876_a29325,"Send your callsign in tones after each picture — the identification SSTV repeaters and other programs read. Adds about 2.5 seconds, and sends nothing at all until you have set a callsign.",每张图像后以音调发送呼号，供 SSTV 中继及其他软件识别。约增加 2.5 秒；未设置呼号时不发送任何标识。,panels.sstv,adapter-generated,crates/sdroxide-ui/src/app/panels/sstv.rs:876
panels.sstv.text_893_a96821,TX lead,发射前导延迟,panels.sstv,adapter-generated,crates/sdroxide-ui/src/app/panels/sstv.rs:893
panels.sstv.text_904_2f7ba8,"Silence sent after keying and before the picture's leader and VIS code. A decoder that misses any of that header shows no picture at all, so this covers the gap between asking a rig for PTT and it really being on the air. 0 for an SDR that keys instantly.",启动发射后，在图像引导信号与 VIS 码前发送的静音。解码器漏掉帧头任一部分就完全无法显示图像，因此此延迟覆盖请求电台 PTT 到实际发射之间的间隙。立即启动发射的 SDR 可设为 0。,panels.sstv,adapter-generated,crates/sdroxide-ui/src/app/panels/sstv.rs:904
panels.text_modem.text_110_55e88c,— listening —,— 正在监听 —,panels.text_modem,adapter-generated,crates/sdroxide-ui/src/app/panels/text_modem.rs:110
panels.text_modem.text_206_b15bfc,"Type a line, Return sends it…",输入一行，按 Enter 发送…,panels.text_modem,adapter-generated,crates/sdroxide-ui/src/app/panels/text_modem.rs:206
panels.text_modem.text_208_55d07e,Type here to transmit…,在此输入以发射…,panels.text_modem,adapter-generated,crates/sdroxide-ui/src/app/panels/text_modem.rs:208
panels.text_modem.text_263_23d5e1, CALL CQ , 呼叫 CQ ,panels.text_modem,adapter-generated,crates/sdroxide-ui/src/app/panels/text_modem.rs:263
panels.text_modem.text_278_386d78, CLEAR , 清除 ,panels.text_modem,adapter-generated,crates/sdroxide-ui/src/app/panels/text_modem.rs:278
panels.text_modem.text_309_1a60c4,MSG,消息,panels.text_modem,adapter-generated,crates/sdroxide-ui/src/app/panels/text_modem.rs:309
panels.text_modem.text_311_270fb3,"Your own message buttons — working conditions, the weather, a standard reply. Each sends its whole text in one go, and F2–F10 press the first nine. They travel with the station's configuration, so a remote client has them too.",自定义消息按钮，可填写工作条件、天气或常用回复。每个按钮一次发送全部文本，F2–F10 对应前九个按钮。消息保存在台站配置中，远程客户端也可使用。,panels.text_modem,adapter-generated,crates/sdroxide-ui/src/app/panels/text_modem.rs:311
panels.text_modem.text_371_20cbe3,Tune down 10 Hz,降低 10 Hz,panels.text_modem,adapter-generated,crates/sdroxide-ui/src/app/panels/text_modem.rs:371
panels.text_modem.text_374_03b474,Tune up 10 Hz,提高 10 Hz,panels.text_modem,adapter-generated,crates/sdroxide-ui/src/app/panels/text_modem.rs:374
panels.text_modem.text_382_548c99,● TX,● 发射,panels.text_modem,adapter-generated,crates/sdroxide-ui/src/app/panels/text_modem.rs:382
panels.text_modem.text_395_08795b,Contrast,对比度,panels.text_modem,adapter-generated,crates/sdroxide-ui/src/app/panels/text_modem.rs:395
panels.text_modem.text_401_c36e7f,Harder or softer dots — redraws the whole strip,调整点迹的清晰或柔和程度，重新绘制整个图像条,panels.text_modem,adapter-generated,crates/sdroxide-ui/src/app/panels/text_modem.rs:401
panels.text_modem.text_411_bb14ff, 2ROW , 双行 ,panels.text_modem,adapter-generated,crates/sdroxide-ui/src/app/panels/text_modem.rs:411
panels.text_modem.text_413_681140,"Draw every column twice, stacked. Hell has no vertical sync, so this keeps one complete copy of the text readable whatever the phase.",每列上下堆叠绘制两次。Hell 没有垂直同步，因此无论相位如何，都能保留一份完整可读的文字。,panels.text_modem,adapter-generated,crates/sdroxide-ui/src/app/panels/text_modem.rs:413
panels.text_modem.text_420_076445, REV , 反色 ,panels.text_modem,adapter-generated,crates/sdroxide-ui/src/app/panels/text_modem.rs:420
panels.text_modem.text_421_9ab5e7,Reverse video — light dots on dark paper,反转明暗，在深色背景上显示亮色点迹,panels.text_modem,adapter-generated,crates/sdroxide-ui/src/app/panels/text_modem.rs:421
panels.text_modem.text_427_c39d77, CLEAR RX , 清除接收内容 ,panels.text_modem,adapter-generated,crates/sdroxide-ui/src/app/panels/text_modem.rs:427
panels.text_modem.text_431_57818f,{:.1} char/s,{:.1} 字符／秒,panels.text_modem,adapter-generated,crates/sdroxide-ui/src/app/panels/text_modem.rs:431
panels.text_modem.text_48_20cbe3,Tune down 10 Hz,降低 10 Hz,panels.text_modem,adapter-generated,crates/sdroxide-ui/src/app/panels/text_modem.rs:48
panels.text_modem.text_51_03b474,Tune up 10 Hz,提高 10 Hz,panels.text_modem,adapter-generated,crates/sdroxide-ui/src/app/panels/text_modem.rs:51
panels.text_modem.text_528_b15bfc,"Type a line, Return sends it…",输入一行，按 Enter 发送…,panels.text_modem,adapter-generated,crates/sdroxide-ui/src/app/panels/text_modem.rs:528
panels.text_modem.text_530_55d07e,Type here to transmit…,在此输入以发射…,panels.text_modem,adapter-generated,crates/sdroxide-ui/src/app/panels/text_modem.rs:530
panels.text_modem.text_565_69b068,"Hold the channel: idle sends blank paper, so the strip keeps scrolling",保持通道，空闲时发送空白，使图像条持续滚动,panels.text_modem,adapter-generated,crates/sdroxide-ui/src/app/panels/text_modem.rs:565
panels.text_modem.text_583_23d5e1, CALL CQ , 呼叫 CQ ,panels.text_modem,adapter-generated,crates/sdroxide-ui/src/app/panels/text_modem.rs:583
panels.text_modem.text_597_386d78, CLEAR , 清除 ,panels.text_modem,adapter-generated,crates/sdroxide-ui/src/app/panels/text_modem.rs:597
panels.text_modem.text_62_548c99,● TX,● 发射,panels.text_modem,adapter-generated,crates/sdroxide-ui/src/app/panels/text_modem.rs:62
panels.text_modem.text_646_754050,Shift −5 Hz,频移 −5 Hz,panels.text_modem,adapter-generated,crates/sdroxide-ui/src/app/panels/text_modem.rs:646
panels.text_modem.text_650_2c51b7,Shift +5 Hz,频移 +5 Hz,panels.text_modem,adapter-generated,crates/sdroxide-ui/src/app/panels/text_modem.rs:650
panels.text_modem.text_678_d563a8,RV,反向,panels.text_modem,adapter-generated,crates/sdroxide-ui/src/app/panels/text_modem.rs:678
panels.text_modem.text_680_fa5343,"Reverse: swap mark and space. Needed when the signal is received on the opposite sideband to the one it was sent on, which inverts the tones.",反向：交换传号与空号。信号在与发送时相反的边带上接收时，音调会颠倒，需要使用此项。,panels.text_modem,adapter-generated,crates/sdroxide-ui/src/app/panels/text_modem.rs:680
panels.text_modem.text_692_1e7d97,Track tuning error automatically instead of staying pinned to the cursor.,自动跟踪调谐误差，而非固定在光标频率。,panels.text_modem,adapter-generated,crates/sdroxide-ui/src/app/panels/text_modem.rs:692
panels.vdl2.sort_headers.text_751_eaa589,NAME,名称,panels.vdl2.sort_headers,adapter-generated,crates/sdroxide-ui/src/app/panels/vdl2.rs:751
panels.vdl2.sort_headers.text_752_6418e1,ADDR,地址,panels.vdl2.sort_headers,adapter-generated,crates/sdroxide-ui/src/app/panels/vdl2.rs:752
panels.vdl2.sort_headers.text_755_a90bab,TYPE,类型,panels.vdl2.sort_headers,adapter-generated,crates/sdroxide-ui/src/app/panels/vdl2.rs:755
panels.vdl2.sort_headers.text_756_549811,MSGS,消息,panels.vdl2.sort_headers,adapter-generated,crates/sdroxide-ui/src/app/panels/vdl2.rs:756
panels.vdl2.sort_headers.text_757_cc7109,SIG,信号,panels.vdl2.sort_headers,adapter-generated,crates/sdroxide-ui/src/app/panels/vdl2.rs:757
panels.vdl2.sort_headers.text_758_ab864b,AGE,时龄,panels.vdl2.sort_headers,adapter-generated,crates/sdroxide-ui/src/app/panels/vdl2.rs:758
panels.vdl2.text_108_511769,aircraft datalink,航空数据链,panels.vdl2,adapter-generated,crates/sdroxide-ui/src/app/panels/vdl2.rs:108
panels.vdl2.text_112_d8d742,Tune to the middle of the VDL2 group. The decoder's own window slides from there to take in as many of the fourteen channels as the receiver can reach.,将拨盘调到 VDL2 频道组的中央。解码器会从此处移动自身的接收窗口，尽可能覆盖接收机可接收的十四个频道。,panels.vdl2,adapter-generated,crates/sdroxide-ui/src/app/panels/vdl2.rs:112
panels.vdl2.text_151_7175b0,SETUP,配置,panels.vdl2,adapter-generated,crates/sdroxide-ui/src/app/panels/vdl2.rs:151
panels.vdl2.text_153_3056ea,"Which channels to listen on, how hard a burst has to be, and how much log to keep",设置监听频道、突发信号门限及日志保留数量,panels.vdl2,adapter-generated,crates/sdroxide-ui/src/app/panels/vdl2.rs:153
panels.vdl2.text_164_7b20fc,Save the VDL2 message log to a file,将 VDL2 消息日志保存到文件,panels.vdl2,adapter-generated,crates/sdroxide-ui/src/app/panels/vdl2.rs:164
panels.vdl2.text_230_d27f87,TUNE {:.3},调谐 {:.3},panels.vdl2,adapter-generated,crates/sdroxide-ui/src/app/panels/vdl2.rs:230
panels.vdl2.text_250_2b1427,MESSAGES,消息,panels.vdl2,adapter-generated,crates/sdroxide-ui/src/app/panels/vdl2.rs:250
panels.vdl2.text_253_796f45,"address, flight, registration or label",地址、航班、注册号或标签,panels.vdl2,adapter-generated,crates/sdroxide-ui/src/app/panels/vdl2.rs:253
panels.vdl2.text_273_dfb7b4,"Hold the message log where it is, so one can be read without the next transmission pushing it up the screen. The decoder keeps running and the counters keep moving; letting go shows everything that arrived meanwhile.",固定消息日志的位置，避免新消息将正在阅读的内容推离屏幕。解码器继续运行，计数器仍会更新；解除固定后，显示期间收到的全部消息。,panels.vdl2,adapter-generated,crates/sdroxide-ui/src/app/panels/vdl2.rs:273
panels.vdl2.text_316_480cd8,nothing decoded yet,尚未解码出消息,panels.vdl2,adapter-generated,crates/sdroxide-ui/src/app/panels/vdl2.rs:316
panels.vdl2.text_318_c79aed,nothing matches the filter,没有符合筛选条件的消息,panels.vdl2,adapter-generated,crates/sdroxide-ui/src/app/panels/vdl2.rs:318
panels.vdl2.text_345_791930,STATIONS,台站,panels.vdl2,adapter-generated,crates/sdroxide-ui/src/app/panels/vdl2.rs:345
panels.vdl2.text_368_87e920,nobody heard yet,尚未收到台站,panels.vdl2,adapter-generated,crates/sdroxide-ui/src/app/panels/vdl2.rs:368
panels.vdl2.text_400_ba39b0,VDL2 Setup,VDL2 配置,panels.vdl2,adapter-generated,crates/sdroxide-ui/src/app/panels/vdl2.rs:400
panels.vdl2.text_408_4c8906,Channels,频道,panels.vdl2,adapter-generated,crates/sdroxide-ui/src/app/panels/vdl2.rs:408
panels.vdl2.text_411_71ff55,"Every 25 kHz slot from 136.650 to 136.975 MHz. One downconverter each, all inside the same receiver window. Switching one off saves a little processor time; it does not make the others any more sensitive.",136.650 至 136.975 MHz 范围内的每个 25 kHz 频道。每个频道使用一个下变频器，全部位于同一个接收窗口内。关闭一个频道可节省少量处理器时间，但不会提高其他频道的灵敏度。,panels.vdl2,adapter-generated,crates/sdroxide-ui/src/app/panels/vdl2.rs:411
panels.vdl2.text_448_b4a620,Burst threshold,突发信号门限,panels.vdl2,adapter-generated,crates/sdroxide-ui/src/app/panels/vdl2.rs:448
panels.vdl2.text_454_b6a518,above each channel's own noise floor,相对于各频道自身的噪声底,panels.vdl2,adapter-generated,crates/sdroxide-ui/src/app/panels/vdl2.rs:454
panels.vdl2.text_461_a88fe5,Lower catches weaker transmissions and costs processor time on noise; higher misses them. The floor is learned per channel and a change here does not throw it away.,降低门限可捕获更弱的信号，但处理噪声会消耗更多处理器时间；提高门限则可能漏掉弱信号。噪声底按频道分别估计，调整此门限不会清除已有估计。,panels.vdl2,adapter-generated,crates/sdroxide-ui/src/app/panels/vdl2.rs:461
panels.vdl2.text_470_2e76fe,Keep in the log,日志保留数量,panels.vdl2,adapter-generated,crates/sdroxide-ui/src/app/panels/vdl2.rs:470
panels.vdl2.text_475_6e2fd2, messages, 条消息,panels.vdl2,adapter-generated,crates/sdroxide-ui/src/app/panels/vdl2.rs:475
panels.vdl2.text_480_94d6c7,Track at most,最多跟踪,panels.vdl2,adapter-generated,crates/sdroxide-ui/src/app/panels/vdl2.rs:480
panels.vdl2.text_485_6893b1, stations, 个台站,panels.vdl2,adapter-generated,crates/sdroxide-ui/src/app/panels/vdl2.rs:485
panels.vdl2.text_487_effdc4,the longest silent go first,优先移除静默时间最长的台站,panels.vdl2,adapter-generated,crates/sdroxide-ui/src/app/panels/vdl2.rs:487
panels.vdl2.text_491_cd7122,Forget a station after,移除未收到信号的台站，等待时间,panels.vdl2,adapter-generated,crates/sdroxide-ui/src/app/panels/vdl2.rs:491
panels.vdl2.text_498_b1a473,with nothing heard from it,期间未收到该台站的任何信号,panels.vdl2,adapter-generated,crates/sdroxide-ui/src/app/panels/vdl2.rs:498
panels.vdl2.text_502_bb20a9,Show unread payloads,显示未解析的载荷,panels.vdl2,adapter-generated,crates/sdroxide-ui/src/app/panels/vdl2.rs:502
panels.vdl2.text_504_4cd38b,as hex,以十六进制显示,panels.vdl2,adapter-generated,crates/sdroxide-ui/src/app/panels/vdl2.rs:504
panels.vdl2.text_510_cbcb72,"Frames carrying X.25, CLNP or the datalink applications above them. SDRoxide names them and shows the bytes rather than reading them, and hiding them would hide how much of the traffic that is.",承载 X.25、CLNP 或其上层数据链应用的帧。SDRoxide 显示其名称和字节内容，不解析正文；隐藏这些帧会使你无法了解它们在通信流量中的占比。,panels.vdl2,adapter-generated,crates/sdroxide-ui/src/app/panels/vdl2.rs:510
panels.vdl2.text_54_b47043,starting the VDL2 decoder…,正在启动 VDL2 解码器…,panels.vdl2,adapter-generated,crates/sdroxide-ui/src/app/panels/vdl2.rs:54
panels.vdl2.text_624_5d347f,command,命令,panels.vdl2,adapter-generated,crates/sdroxide-ui/src/app/panels/vdl2.rs:624
panels.vdl2.text_624_a9f4b3,response,响应,panels.vdl2,adapter-generated,crates/sdroxide-ui/src/app/panels/vdl2.rs:624
panels.vdl2.text_629_263d33,{:.3} MHz · {:.0} dB SNR · {:.0} dBFS · EVM {:.1}° · {:+.0} Hz · {} RS symbols fixed,{:.3} MHz · 信噪比 {:.0} dB · {:.0} dBFS · EVM {:.1}° · {:+.0} Hz · 已修复 {} 个 RS 符号,panels.vdl2,adapter-generated,crates/sdroxide-ui/src/app/panels/vdl2.rs:629
panels.vdl2.text_648_c793e0,Registration,注册号,panels.vdl2,adapter-generated,crates/sdroxide-ui/src/app/panels/vdl2.rs:648
panels.vdl2.text_649_d839f0,Flight,航班,panels.vdl2,adapter-generated,crates/sdroxide-ui/src/app/panels/vdl2.rs:649
panels.vdl2.text_650_0e6637,Label,标签,panels.vdl2,adapter-generated,crates/sdroxide-ui/src/app/panels/vdl2.rs:650
panels.vdl2.text_651_211d0b,Block,数据块,panels.vdl2,adapter-generated,crates/sdroxide-ui/src/app/panels/vdl2.rs:651
panels.vdl2.text_652_0740f4,Sequence,序号,panels.vdl2,adapter-generated,crates/sdroxide-ui/src/app/panels/vdl2.rs:652
panels.vdl2.text_653_5e23ec,Mode,模式,panels.vdl2,adapter-generated,crates/sdroxide-ui/src/app/panels/vdl2.rs:653
panels.vdl2.text_655_b180c3,more blocks follow,后续还有数据块,panels.vdl2,adapter-generated,crates/sdroxide-ui/src/app/panels/vdl2.rs:655
panels.vdl2.text_659_9d6084,Check,校验,panels.vdl2,adapter-generated,crates/sdroxide-ui/src/app/panels/vdl2.rs:659
panels.vdl2.text_661_0a4275,message CRC good,消息 CRC 校验通过,panels.vdl2,adapter-generated,crates/sdroxide-ui/src/app/panels/vdl2.rs:661
panels.vdl2.text_663_39dea1,message CRC not checked,未检查消息 CRC,panels.vdl2,adapter-generated,crates/sdroxide-ui/src/app/panels/vdl2.rs:663
panels.vdl2.text_667_39fc1b,{} characters,{} 个字符,panels.vdl2,adapter-generated,crates/sdroxide-ui/src/app/panels/vdl2.rs:667
panels.vdl2.text_667_717ef1,Parity,奇偶校验错误,panels.vdl2,adapter-generated,crates/sdroxide-ui/src/app/panels/vdl2.rs:667
panels.vdl2.text_706_35cce8,"link control, no payload",链路控制，无载荷,panels.vdl2,adapter-generated,crates/sdroxide-ui/src/app/panels/vdl2.rs:706
panels.vdl2.text_711_9dff50,frame,帧,panels.vdl2,adapter-generated,crates/sdroxide-ui/src/app/panels/vdl2.rs:711
panels.wefax.dynamic.text_215_0d1ed1,FIT,适合宽度,panels.wefax.dynamic,adapter-generated,crates/sdroxide-ui/src/app/panels/wefax.rs:215
panels.wefax.dynamic.text_215_197949,Scale the chart to the panel width,将图表缩放至面板宽度,panels.wefax.dynamic,adapter-generated,crates/sdroxide-ui/src/app/panels/wefax.rs:215
panels.wefax.dynamic.text_216_281bb2,Shrink the chart until all of it is in view at once,缩小图表，一次显示完整内容,panels.wefax.dynamic,adapter-generated,crates/sdroxide-ui/src/app/panels/wefax.rs:216
panels.wefax.dynamic.text_216_28c115,WHOLE,显示全图,panels.wefax.dynamic,adapter-generated,crates/sdroxide-ui/src/app/panels/wefax.rs:216
panels.wefax.dynamic.text_217_500edb,Half size,半尺寸显示,panels.wefax.dynamic,adapter-generated,crates/sdroxide-ui/src/app/panels/wefax.rs:217
panels.wefax.dynamic.text_218_60e4ee,One screen pixel per fax pixel — scroll for detail,一个屏幕像素对应一个传真像素；滚动查看细节,panels.wefax.dynamic,adapter-generated,crates/sdroxide-ui/src/app/panels/wefax.rs:218
panels.wefax.dynamic.text_219_b1080e,Twice size; scroll to move around the chart,两倍尺寸显示；滚动查看图表各处,panels.wefax.dynamic,adapter-generated,crates/sdroxide-ui/src/app/panels/wefax.rs:219
panels.wefax.dynamic.text_559_fbc6d7,loading…,正在加载…,panels.wefax.dynamic,adapter-generated,crates/sdroxide-ui/src/app/panels/wefax.rs:559
panels.wefax.dynamic.text_561_bb2e33,{older} older — load more,还有 {older} 张较早图表 — 加载更多,panels.wefax.dynamic,adapter-generated,crates/sdroxide-ui/src/app/panels/wefax.rs:561
panels.wefax.dynamic.text_608_791930,STATIONS,台站,panels.wefax.dynamic,adapter-generated,crates/sdroxide-ui/src/app/panels/wefax.rs:608
panels.wefax.dynamic.text_61_0d06dd, ■ STOP , ■ 停止 ,panels.wefax.dynamic,adapter-generated,crates/sdroxide-ui/src/app/panels/wefax.rs:61
panels.wefax.dynamic.text_61_693dcd,End the chart now and save what has arrived,立即结束图表接收，并保存已收到的部分,panels.wefax.dynamic,adapter-generated,crates/sdroxide-ui/src/app/panels/wefax.rs:61
panels.wefax.dynamic.text_63_201a9b, ● START , ● 开始 ,panels.wefax.dynamic,adapter-generated,crates/sdroxide-ui/src/app/panels/wefax.rs:63
panels.wefax.dynamic.text_63_5cfc46,"Start a chart now, without waiting for a start tone",立即开始接收图表，无需等待起始音,panels.wefax.dynamic,adapter-generated,crates/sdroxide-ui/src/app/panels/wefax.rs:63
panels.wefax.dynamic.text_695_2cefff,Delete this chart from the store,从存储中删除这张图表,panels.wefax.dynamic,adapter-generated,crates/sdroxide-ui/src/app/panels/wefax.rs:695
panels.wefax.dynamic.text_697_8c8cea,Delete this chart {},删除这张图表（{}）,panels.wefax.dynamic,adapter-generated,crates/sdroxide-ui/src/app/panels/wefax.rs:697
panels.wefax.dynamic.text_80_f40118,phasing…,正在定相…,panels.wefax.dynamic,adapter-generated,crates/sdroxide-ui/src/app/panels/wefax.rs:80
panels.wefax.dynamic.text_82_70ef05,{} lines,{} 行,panels.wefax.dynamic,adapter-generated,crates/sdroxide-ui/src/app/panels/wefax.rs:82
panels.wefax.dynamic.text_84_869759,{} lines held,已保留 {} 行,panels.wefax.dynamic,adapter-generated,crates/sdroxide-ui/src/app/panels/wefax.rs:84
panels.wefax.dynamic.text_86_856087,listening,正在监听,panels.wefax.dynamic,adapter-generated,crates/sdroxide-ui/src/app/panels/wefax.rs:86
panels.wefax.text_101_01fe5d,"Subcarrier offset from 1900 Hz. Tune for roughly zero: the fax carrier is 1500 Hz black to 2300 Hz white, and a receiver a few hundred hertz off clips the picture to solid black or solid white.",副载波相对于 1900 Hz 的偏移。请调至接近零：传真载波从 1500 Hz 的黑色变化至 2300 Hz 的白色，接收机偏移几百 Hz 就会使图像被削成全黑或全白。,panels.wefax,adapter-generated,crates/sdroxide-ui/src/app/panels/wefax.rs:101
panels.wefax.text_127_c390a9,{} pixels per line,每行 {} 像素,panels.wefax,adapter-generated,crates/sdroxide-ui/src/app/panels/wefax.rs:127
panels.wefax.text_138_e1c4b1,AUTO START,自动开始,panels.wefax,adapter-generated,crates/sdroxide-ui/src/app/panels/wefax.rs:138
panels.wefax.text_140_ba67fb,"Begin a chart when the 300 Hz (IOC 576) or 675 Hz start tone is heard — and end the one in progress and phase the new one when the next transmission arrives, whether or not a stop tone came first.",听到 300 Hz（IOC 576）或 675 Hz 起始音时开始接收图表。下一次传输到达时，无论此前是否收到停止音，都会结束当前图表并为新图表定相。,panels.wefax,adapter-generated,crates/sdroxide-ui/src/app/panels/wefax.rs:140
panels.wefax.text_150_9cbf11,AUTO STOP,自动停止,panels.wefax,adapter-generated,crates/sdroxide-ui/src/app/panels/wefax.rs:150
panels.wefax.text_152_d1c367,End it on the 450 Hz stop tone. Turn off to keep recording through a station that sends several charts back to back.,收到 450 Hz 停止音时结束。台站连续发送多张图表时，可关闭以持续记录。,panels.wefax,adapter-generated,crates/sdroxide-ui/src/app/panels/wefax.rs:152
panels.wefax.text_164_c75352,PHASE,相位,panels.wefax,adapter-generated,crates/sdroxide-ui/src/app/panels/wefax.rs:164
panels.wefax.text_173_9cbd65,Shift the picture {px} pixels,将图像平移 {px} 像素,panels.wefax,adapter-generated,crates/sdroxide-ui/src/app/panels/wefax.rs:173
panels.wefax.text_185_5a1a51,SLANT,倾斜校正,panels.wefax,adapter-generated,crates/sdroxide-ui/src/app/panels/wefax.rs:185
panels.wefax.text_196_f02a1e,"Sample-clock trim. If the chart leans to the left, increase this; to the right, decrease it. A sound card a hundred ppm off walks a quarter-hour chart most of a line sideways.",采样时钟微调。图表向左倾斜时增大，向右倾斜时减小。声卡偏差达一百 ppm 时，一张十五分钟图表会横向偏移接近整行宽度。,panels.wefax,adapter-generated,crates/sdroxide-ui/src/app/panels/wefax.rs:196
panels.wefax.text_211_28baeb,VIEW,视图,panels.wefax,adapter-generated,crates/sdroxide-ui/src/app/panels/wefax.rs:211
panels.wefax.text_230_3054cc,HEIGHT,高度,panels.wefax,adapter-generated,crates/sdroxide-ui/src/app/panels/wefax.rs:230
panels.wefax.text_241_273140,"Stretch the picture vertically. A chart that came out squashed or stretched is usually being decoded at the wrong line rate — this makes it readable, and the LPM chips fix it properly. Double-click to type a value.",纵向拉伸图像。图表被压扁或拉长通常是解码行速率错误；此项可暂时使其可读，LPM 控件则从根本上修正。双击可输入数值。,panels.wefax,adapter-generated,crates/sdroxide-ui/src/app/panels/wefax.rs:241
panels.wefax.text_250_7ef2fa,RESET,重置,panels.wefax,adapter-generated,crates/sdroxide-ui/src/app/panels/wefax.rs:250
panels.wefax.text_251_67c29b,Back to the picture's own proportions,恢复图像原始比例,panels.wefax,adapter-generated,crates/sdroxide-ui/src/app/panels/wefax.rs:251
panels.wefax.text_258_20f26e,FOLLOW,跟随,panels.wefax,adapter-generated,crates/sdroxide-ui/src/app/panels/wefax.rs:258
panels.wefax.text_260_a5707f,Keep the newest lines in view. Scrolling up turns this off so you can read what has already arrived; scrolling back to the bottom turns it on again.,持续显示最新图像行。向上滚动时自动关闭，便于阅读已接收内容；滚回底部时重新启用。,panels.wefax,adapter-generated,crates/sdroxide-ui/src/app/panels/wefax.rs:260
panels.wefax.text_363_a11b41,"Tune a fax schedule in USB and wait for a start tone, or press START to begin mid-chart.",以 USB 调谐传真频率，等待起始音；或点击“开始”，从图表中途接收。,panels.wefax,adapter-generated,crates/sdroxide-ui/src/app/panels/wefax.rs:363
panels.wefax.text_420_d10036,SAVED,已保存,panels.wefax,adapter-generated,crates/sdroxide-ui/src/app/panels/wefax.rs:420
panels.wefax.text_429_d4db71,PATH,路径,panels.wefax,adapter-generated,crates/sdroxide-ui/src/app/panels/wefax.rs:429
panels.wefax.text_430_234df4,"Charts are saved {where_}

Click to copy the path","图表保存位置：{where_}

点击复制路径",panels.wefax,adapter-generated,crates/sdroxide-ui/src/app/panels/wefax.rs:430
panels.wefax.text_440_2631e6,Reading the radio's charts…,正在读取电台的图表…,panels.wefax,adapter-generated,crates/sdroxide-ui/src/app/panels/wefax.rs:440
panels.wefax.text_442_838167,Finished charts collect here.,已完成的图表显示在此处。,panels.wefax,adapter-generated,crates/sdroxide-ui/src/app/panels/wefax.rs:442
panels.wefax.text_444_ce99bd,Finished charts are saved {where_} and collect here.,已完成的图表保存位置为 {where_}，并显示在此处。,panels.wefax,adapter-generated,crates/sdroxide-ui/src/app/panels/wefax.rs:444
panels.wefax.text_524_5e6759,"{}
{} × {} pixels
{}

Right-click to delete","{}
{} × {} 像素
{}

右键删除",panels.wefax,adapter-generated,crates/sdroxide-ui/src/app/panels/wefax.rs:524
panels.wefax.text_538_5adc4e,Delete this chart,删除此图表,panels.wefax,adapter-generated,crates/sdroxide-ui/src/app/panels/wefax.rs:538
panels.wefax.text_553_ac7647,{older} older in the store,存储中还有 {older} 张较早图表,panels.wefax,adapter-generated,crates/sdroxide-ui/src/app/panels/wefax.rs:553
panels.wefax.text_611_cca3f1,Broadcast radiofax schedules — picking one tunes the dial,广播无线电传真时刻表，选择条目即可调谐,panels.wefax,adapter-generated,crates/sdroxide-ui/src/app/panels/wefax.rs:611
panels.wefax.text_630_68b718,Published carrier {f:.1} kHz → dial {:.1} kHz USB,公布载波 {f:.1} kHz → 调谐频率 {:.1} kHz USB,panels.wefax,adapter-generated,crates/sdroxide-ui/src/app/panels/wefax.rs:630
panels.wefax.text_643_ba0e03,"Frequencies are the published carrier; the dial goes 1.9 kHz below it, which is done for you. Schedules change and stations close — treat this as where to start looking, not a timetable.",所列频率是公布的载波频率，调谐频率需低 1.9 kHz，软件会自动处理。时刻表可能更改，台站也可能停播，请将此列表作为查找起点，而非保证有效的播出时间表。,panels.wefax,adapter-generated,crates/sdroxide-ui/src/app/panels/wefax.rs:643
panels.wefax.text_716_9b7256,◀ NEWER,◀ 较新,panels.wefax,adapter-generated,crates/sdroxide-ui/src/app/panels/wefax.rs:716
panels.wefax.text_717_9b414c,The chart received after this one,此图表之后接收的图表,panels.wefax,adapter-generated,crates/sdroxide-ui/src/app/panels/wefax.rs:717
panels.wefax.text_723_e084eb,{} of {n},第 {} 张，共 {n} 张,panels.wefax,adapter-generated,crates/sdroxide-ui/src/app/panels/wefax.rs:723
panels.wefax.text_727_341a8a,OLDER ▶,较早 ▶,panels.wefax,adapter-generated,crates/sdroxide-ui/src/app/panels/wefax.rs:727
panels.wefax.text_728_d80263,The chart received before this one,此图表之前接收的图表,panels.wefax,adapter-generated,crates/sdroxide-ui/src/app/panels/wefax.rs:728
panels.wefax.text_736_151908,no longer in the store,已不在存储中,panels.wefax,adapter-generated,crates/sdroxide-ui/src/app/panels/wefax.rs:736
panels.wefax.text_742_f12b73,loading full size…,正在加载原始尺寸…,panels.wefax,adapter-generated,crates/sdroxide-ui/src/app/panels/wefax.rs:742
panels.wefax.text_747_c210bf,SAVE,保存,panels.wefax,adapter-generated,crates/sdroxide-ui/src/app/panels/wefax.rs:747
panels.wefax.text_748_7177a3,Save a copy of this chart on this computer,在此电脑保存此图表的副本,panels.wefax,adapter-generated,crates/sdroxide-ui/src/app/panels/wefax.rs:748
panels.wefax.text_759_e378a8,SURE?,确认？,panels.wefax,adapter-generated,crates/sdroxide-ui/src/app/panels/wefax.rs:759
panels.wefax.text_763_a2b200,Click again to delete this chart for good,再次点击可永久删除此图表,panels.wefax,adapter-generated,crates/sdroxide-ui/src/app/panels/wefax.rs:763
panels.wefax.text_765_65daeb,DELETE,删除,panels.wefax,adapter-generated,crates/sdroxide-ui/src/app/panels/wefax.rs:765
panels.wefax.text_772_5310de,The file this chart was saved as,此图表保存的文件,panels.wefax,adapter-generated,crates/sdroxide-ui/src/app/panels/wefax.rs:772
panels.widgets.dynamic.text_100_466ed6,Not worked before,此前未通联,panels.widgets.dynamic,adapter-generated,crates/sdroxide-ui/src/app/panels/widgets.rs:100
panels.widgets.dynamic.text_102_31a289,Worked before on {band_label},此前已在 {band_label} 通联,panels.widgets.dynamic,adapter-generated,crates/sdroxide-ui/src/app/panels/widgets.rs:102
panels.widgets.dynamic.text_104_ca553f,"Worked before, but not on this band",此前已通联，但未在本波段通联,panels.widgets.dynamic,adapter-generated,crates/sdroxide-ui/src/app/panels/widgets.rs:104
panels.widgets.dynamic.text_92_9bdf24,this band,本波段,panels.widgets.dynamic,adapter-generated,crates/sdroxide-ui/src/app/panels/widgets.rs:92
panels.widgets.dynamic.text_94_4f9a1f,"New entity — never worked, on any band",新 DXCC 实体 — 所有波段均未通联,panels.widgets.dynamic,adapter-generated,crates/sdroxide-ui/src/app/panels/widgets.rs:94
panels.widgets.dynamic.text_96_a46745,New entity on {band_label},{band_label} 波段上的新 DXCC 实体,panels.widgets.dynamic,adapter-generated,crates/sdroxide-ui/src/app/panels/widgets.rs:96
panels.widgets.dynamic.text_98_e60e3c,New grid square,新网格,panels.widgets.dynamic,adapter-generated,crates/sdroxide-ui/src/app/panels/widgets.rs:98
panels.widgets.text_111_ef73bb,Calling CQ {target} — that includes you,正在呼叫 CQ {target}，包括你,panels.widgets,adapter-generated,crates/sdroxide-ui/src/app/panels/widgets.rs:111
panels.widgets.text_113_c9e7b8,Calling CQ {target} — not aimed at you,正在呼叫 CQ {target}，未面向你,panels.widgets,adapter-generated,crates/sdroxide-ui/src/app/panels/widgets.rs:113
panels.widgets.text_120_d4a8d8,In the call queue,已加入呼叫队列,panels.widgets,adapter-generated,crates/sdroxide-ui/src/app/panels/widgets.rs:120
panels.widgets.text_38_a327bf,free text,自由文本,panels.widgets,adapter-generated,crates/sdroxide-ui/src/app/panels/widgets.rs:38
panels.widgets.text_42_2737e5,"hashed callsign, not yet heard in full",呼号哈希，尚未接收到完整呼号,panels.widgets,adapter-generated,crates/sdroxide-ui/src/app/panels/widgets.rs:42
panels.widgets.text_62_3035d2,{} · CQ zone {} · ITU zone {},{} · CQ 分区 {} · ITU 分区 {},panels.widgets,adapter-generated,crates/sdroxide-ui/src/app/panels/widgets.rs:62
panels.widgets.text_70_acc0a0,entity unknown,未知 DXCC 实体,panels.widgets,adapter-generated,crates/sdroxide-ui/src/app/panels/widgets.rs:70
panels.wspr.dynamic.text_204_df8a61,{} rx · {heard_us} heard us,接收 {} 条 · 本站被收到 {heard_us} 次,panels.wspr.dynamic,adapter-generated,crates/sdroxide-ui/src/app/panels/wspr.rs:204
panels.wspr.dynamic.text_206_b4d14f,{} rx,接收 {} 条,panels.wspr.dynamic,adapter-generated,crates/sdroxide-ui/src/app/panels/wspr.rs:206
panels.wspr.dynamic.text_326_0bd9ce,Band,波段,panels.wspr.dynamic,adapter-generated,crates/sdroxide-ui/src/app/panels/wspr.rs:326
panels.wspr.dynamic.text_329_cea227,Last slot,上一时隙,panels.wspr.dynamic,adapter-generated,crates/sdroxide-ui/src/app/panels/wspr.rs:329
panels.wspr.dynamic.text_331_99a288,decoding…,正在解码…,panels.wspr.dynamic,adapter-generated,crates/sdroxide-ui/src/app/panels/wspr.rs:331
panels.wspr.dynamic.text_333_77575c,nothing heard,未收到信号,panels.wspr.dynamic,adapter-generated,crates/sdroxide-ui/src/app/panels/wspr.rs:333
panels.wspr.dynamic.text_336_591997,{} beacon{},{} 个信标{},panels.wspr.dynamic,adapter-generated,crates/sdroxide-ui/src/app/panels/wspr.rs:336
panels.wspr.dynamic.text_346_4af74f,receive only,仅接收,panels.wspr.dynamic,adapter-generated,crates/sdroxide-ui/src/app/panels/wspr.rs:346
panels.wspr.dynamic.text_349_c9f44e,"beaconing — {}, {}% duty",发送信标 — {}，占空比 {}%,panels.wspr.dynamic,adapter-generated,crates/sdroxide-ui/src/app/panels/wspr.rs:349
panels.wspr.dynamic.text_354_a53422,listening ({}% duty),正在接收（占空比 {}%）,panels.wspr.dynamic,adapter-generated,crates/sdroxide-ui/src/app/panels/wspr.rs:354
panels.wspr.dynamic.text_356_a80546,Next slot,下一时隙,panels.wspr.dynamic,adapter-generated,crates/sdroxide-ui/src/app/panels/wspr.rs:356
panels.wspr.dynamic.text_372_b61fb4,Hop next,下次跳频,panels.wspr.dynamic,adapter-generated,crates/sdroxide-ui/src/app/panels/wspr.rs:372
panels.wspr.dynamic.text_398_38cca6,OFF,关闭,panels.wspr.dynamic,adapter-generated,crates/sdroxide-ui/src/app/panels/wspr.rs:398
panels.wspr.text_199_8c0c13,RECEPTIONS,接收报告,panels.wspr,adapter-generated,crates/sdroxide-ui/src/app/panels/wspr.rs:199
panels.wspr.text_213_a2606e,Save the WSPR reception list as CSV,将 WSPR 接收列表保存为 CSV,panels.wspr,adapter-generated,crates/sdroxide-ui/src/app/panels/wspr.rs:213
panels.wspr.text_277_f75b39,weak-signal propagation beacon,弱信号传播信标,panels.wspr,adapter-generated,crates/sdroxide-ui/src/app/panels/wspr.rs:277
panels.wspr.text_297_adfac5,Time left in this two-minute slot. At the end of it the recording goes to the decoder and the next transmit decision lands.,当前两分钟时隙的剩余时间。时隙结束后，录音交给解码器处理，并决定下一时隙是否发射。,panels.wspr,adapter-generated,crates/sdroxide-ui/src/app/panels/wspr.rs:297
panels.wspr.text_302_548c99,● TX,● 发射,panels.wspr,adapter-generated,crates/sdroxide-ui/src/app/panels/wspr.rs:302
panels.wspr.text_305_99a288,decoding…,正在解码…,panels.wspr,adapter-generated,crates/sdroxide-ui/src/app/panels/wspr.rs:305
panels.wspr.text_364_8ec143,waiting for the radio to take the change…,正在等待电台应用更改…,panels.wspr,adapter-generated,crates/sdroxide-ui/src/app/panels/wspr.rs:364
panels.wspr.text_396_c7dbcc,TRANSMIT,发射,panels.wspr,adapter-generated,crates/sdroxide-ui/src/app/panels/wspr.rs:396
panels.wspr.text_420_82bcba,Receive only.,仅接收。,panels.wspr,adapter-generated,crates/sdroxide-ui/src/app/panels/wspr.rs:420
panels.wspr.text_423_3daea3,"Beacon in one two-minute slot out of every {} — {pct}% of them, evenly spaced — at {}. Which slot the cycle starts on is drawn from your callsign, so two stations running this program do not start together.",每 {} 个两分钟时隙在其中一个时隙发送信标，占比 {pct}%，均匀分布，发射功率为 {}。循环起始时隙由你的呼号决定，使运行本程序的两个台站不会同时开始。,panels.wspr,adapter-generated,crates/sdroxide-ui/src/app/panels/wspr.rs:423
panels.wspr.text_451_10149a,POWER,功率,panels.wspr,adapter-generated,crates/sdroxide-ui/src/app/panels/wspr.rs:451
panels.wspr.text_472_90b105,what you actually radiate,实际辐射的功率,panels.wspr,adapter-generated,crates/sdroxide-ui/src/app/panels/wspr.rs:472
panels.wspr.text_475_87119d,"This goes out in the message, and everyone who hears you judges the path by it — so an optimistic figure here makes their measurements wrong as well as yours.",此数值会写入消息，所有接收到你的台站都据此判断传播路径。因此，夸大的功率值会同时影响你和对方的测量结果。,panels.wspr,adapter-generated,crates/sdroxide-ui/src/app/panels/wspr.rs:475
panels.wspr.text_483_fd9b09,ROAM,频偏漫游,panels.wspr,adapter-generated,crates/sdroxide-ui/src/app/panels/wspr.rs:483
panels.wspr.text_489_88fe06,Pick a different offset inside the 200 Hz window for every transmission. This is the convention: two hundred hertz shared by everyone only works if nobody parks in the middle of it. Off holds where the cursor is.,每次发射在 200 Hz 窗口内选择不同的频偏。这是通行做法：所有台站共用这 200 Hz，只有大家都不长期占据中央频率，才能正常共享。关闭后保持在光标所在频率。,panels.wspr,adapter-generated,crates/sdroxide-ui/src/app/panels/wspr.rs:489
panels.wspr.text_499_ccda17,BAND HOP,波段跳转,panels.wspr,adapter-generated,crates/sdroxide-ui/src/app/panels/wspr.rs:499
panels.wspr.text_505_64af84,"Move the dial from band to band between slots, so one receiver samples the whole spectrum instead of one slice of it. Turning the VFO yourself pauses it — press this twice to resume.",在时隙之间切换拨盘波段，让一个接收机轮流监测整个频谱，而非只监测其中一段。手动转动 VFO 会暂停跳转；连按此按钮两次可恢复。,panels.wspr,adapter-generated,crates/sdroxide-ui/src/app/panels/wspr.rs:505
panels.wspr.text_511_c8b9ee,UPLOAD,上传,panels.wspr,adapter-generated,crates/sdroxide-ui/src/app/panels/wspr.rs:511
panels.wspr.text_517_40c89a,Send what this station decodes to wsprnet.org. Reporting what you hear is what makes a WSPR receiver part of the network; it puts nothing on the air.,将本站解码的接收报告发送至 wsprnet.org。报告你收到的信号，才能让 WSPR 接收机成为网络的一部分；此操作不会进行射频发射。,panels.wspr,adapter-generated,crates/sdroxide-ui/src/app/panels/wspr.rs:517
panels.wspr.text_522_74c6b4,WHO HEARD ME,谁收到了我,panels.wspr,adapter-generated,crates/sdroxide-ui/src/app/panels/wspr.rs:522
panels.wspr.text_528_f1e58a,"Ask wsprnet.org every few minutes which stations decoded this one. WSPR has no acknowledgement of any kind, so this is the only way a beacon learns anything about its own reach.",每隔几分钟向 wsprnet.org 查询哪些台站解码了本站信号。WSPR 没有任何确认机制，因此这是信标了解自身覆盖范围的唯一方式。,panels.wspr,adapter-generated,crates/sdroxide-ui/src/app/panels/wspr.rs:528
panels.wspr.text_540_c41902,BANDS,波段,panels.wspr,adapter-generated,crates/sdroxide-ui/src/app/panels/wspr.rs:540
panels.wspr.text_563_8cd376,none selected — hopping has nowhere to go,未选择波段，无法进行波段跳转,panels.wspr,adapter-generated,crates/sdroxide-ui/src/app/panels/wspr.rs:563
panels.wspr.text_578_7aab1a,Set your callsign and grid on the General tab of Settings before transmitting.,发射前，请在设置的“常规”选项卡中填写呼号和网格定位。,panels.wspr,adapter-generated,crates/sdroxide-ui/src/app/panels/wspr.rs:578
panels.wspr.text_585_2f679c,Transmitting as {call} in {sent} — set on the General tab of Settings.,以呼号 {call}、网格定位 {sent} 发射；这两项在设置的“常规”选项卡中配置。,panels.wspr,adapter-generated,crates/sdroxide-ui/src/app/panels/wspr.rs:585
panels.wspr.text_756_341d67,{:02}:{:02} UTC — {} ago,{:02}:{:02} UTC · {}前,panels.wspr,adapter-generated,crates/sdroxide-ui/src/app/panels/wspr.rs:756
plugins.language.compatibility,Compatibility,兼容性,plugins.language,translated-not-integrated,
plugins.language.details,Technical details,技术详情,plugins.language,adapter-generated,crates/sdroxide-ui/src/language_plugin.rs:1610
plugins.language.disabled,Disabled (original interface),已禁用（原始界面）,plugins.language,translated-not-integrated,
plugins.language.enable,Enable language pack,启用语言包,plugins.language,translated-not-integrated,
plugins.language.error,The language pack could not be loaded.,无法加载语言包。,plugins.language,translated-not-integrated,
plugins.language.font,Chinese font,中文字体,plugins.language,translated-not-integrated,
plugins.language.import,Import language pack,导入语言包,plugins.language,translated-not-integrated,
plugins.language.incomplete,This language pack is incomplete.,此语言包尚未完整翻译。,plugins.language,adapter-generated,crates/sdroxide-ui/src/language_plugin.rs:1555
plugins.language.name,Simplified Chinese,简体中文,plugins.language,adapter-generated,crates/sdroxide-ui/src/language_plugin.rs:1546
plugins.language.remove,Remove language pack,移除语言包,plugins.language,translated-not-integrated,
plugins.language.title,Language packs,语言包,plugins.language,adapter-generated,crates/sdroxide-ui/src/language_plugin.rs:1541
plugins.language.version,Language pack version,语言包版本,plugins.language,adapter-generated,crates/sdroxide-ui/src/language_plugin.rs:1552
plugins.title,Plugins,插件,plugins.language,translated-not-integrated,
publicsdr.dynamic.text_483_9bc94a,no match,没有匹配项,publicsdr.dynamic,adapter-generated,crates/sdroxide-ui/src/app/publicsdr.rs:483
publicsdr.dynamic.text_485_a71256,showing {shown} of {n} — search to narrow it,已显示 {shown} 项，共 {n} 项 — 可搜索缩小范围,publicsdr.dynamic,adapter-generated,crates/sdroxide-ui/src/app/publicsdr.rs:485
publicsdr.dynamic.text_488_59f56a,{n} match,{n} 项匹配,publicsdr.dynamic,adapter-generated,crates/sdroxide-ui/src/app/publicsdr.rs:488
publicsdr.dynamic.text_583_e183d5,this radio,本电台,publicsdr.dynamic,adapter-generated,crates/sdroxide-ui/src/app/publicsdr.rs:583
publicsdr.dynamic.text_588_5065b8,its interface,其接口,publicsdr.dynamic,adapter-generated,crates/sdroxide-ui/src/app/publicsdr.rs:588
publicsdr.dynamic.text_590_1e0c26,"Replace {this} with {}?

{this} is on {iface}. Taking this receiver points the same tab at {} instead, renames it “{}”, and holds the dial to the {} the receiver publishes — nothing here transmits.

The {iface} settings stay where they are, and so do the ranges stated for them: switching the interface back in Settings → Radio brings the radio back as it was.","将{this}替换为 {}？

{this}当前使用 {iface}。选择此接收机会将本标签页连接到 {}，重命名为“{}”，并将调谐限制在接收机公布的 {} 范围内。此接口仅接收。

{iface} 的设置及其频率范围仍会保存；在“设置 → 电台”切回该接口即可恢复原电台配置。",publicsdr.dynamic,adapter-generated,crates/sdroxide-ui/src/app/publicsdr.rs:590
publicsdr.dynamic.text_624_776540,"This radio's configuration has not arrived from the machine it is on yet, so there is nothing to point at the receiver — take it with + TAB instead.",尚未从电台所在机器收到本电台的配置，暂时不能替换其接口；请改用“+ 标签页”打开接收机。,publicsdr.dynamic,adapter-generated,crates/sdroxide-ui/src/app/publicsdr.rs:624
publicsdr.dynamic.text_660_2bda39," Its position is not published, so nothing it hears will be reported.", 未公布接收位置，因此不会上传其接收报告。,publicsdr.dynamic,adapter-generated,crates/sdroxide-ui/src/app/publicsdr.rs:660
publicsdr.dynamic.text_662_73eb4f, Receptions will be reported from {g}., 接收报告将使用 {g} 作为接收位置。,publicsdr.dynamic,adapter-generated,crates/sdroxide-ui/src/app/publicsdr.rs:662
publicsdr.dynamic.text_664_8d4c1b,Pointing this radio at {}…{site},正在将本电台连接到 {}…{site},publicsdr.dynamic,adapter-generated,crates/sdroxide-ui/src/app/publicsdr.rs:664
publicsdr.dynamic.text_676_cc2f22,Opening {} as another radio…,正在将 {} 作为另一部电台打开…,publicsdr.dynamic,adapter-generated,crates/sdroxide-ui/src/app/publicsdr.rs:676
settings.alerts.text_24,Sound an alarm when a decode matters,重要解码结果触发声音提醒,settings.alerts,adapter-generated,crates/sdroxide-ui/src/app/settings/alerts.rs:24
settings.alerts.text_26,"Plays over its own audio output, so it is heard even when the band is in a different speaker than this screen.",通过独立音频输出播放提醒，即使接收音频来自其他扬声器，也能听到。,settings.alerts,adapter-generated,crates/sdroxide-ui/src/app/settings/alerts.rs:26
settings.alerts.text_60,What to sound,提醒条件,settings.alerts,adapter-generated,crates/sdroxide-ui/src/app/settings/alerts.rs:60
settings.alerts.text_97,"Each station is quiet for a while after an alert, so a busy band does not ring every slot. Voice and Tone + voice are read by the spoken-announcement voice — switch it on in Settings → UI.",每次提醒后，同一电台会保持一段静默，避免繁忙波段每个时隙都响铃。“语音”及“提示音 + 语音”使用语音播报的声音，请在“设置 → 界面”中启用。,settings.alerts,adapter-generated,crates/sdroxide-ui/src/app/settings/alerts.rs:97
settings.controls.text_112,down,按下,settings.controls,adapter-generated,crates/sdroxide-ui/src/app/settings/controls.rs:112
settings.controls.text_159,Hold Space to transmit; releasing it — or losing window focus — unkeys,按住空格键发射，松开按键或窗口失去焦点时停止发射,settings.controls,adapter-generated,crates/sdroxide-ui/src/app/settings/controls.rs:159
settings.controls.text_184,Backstop against a stuck key or a controller that stops reporting. 0 disables.,防止按键卡住或控制器停止上报导致持续发射。设为 0 则禁用。,settings.controls,adapter-generated,crates/sdroxide-ui/src/app/settings/controls.rs:184
settings.controls.text_223,Invert wheel direction,反转滚轮方向,settings.controls,adapter-generated,crates/sdroxide-ui/src/app/settings/controls.rs:223
settings.controls.text_224,Left-drag tunes as well as pans,左键拖动同时调谐与平移,settings.controls,adapter-generated,crates/sdroxide-ui/src/app/settings/controls.rs:224
settings.controls.text_225,"Off makes left-drag pan the view only, like right-drag.",关闭后，左键拖动仅平移视图，与右键拖动相同。,settings.controls,adapter-generated,crates/sdroxide-ui/src/app/settings/controls.rs:225
settings.controls.text_229,Scroll a digit on the frequency readout to tune it,滚动频率读数上的数字以调谐,settings.controls,adapter-generated,crates/sdroxide-ui/src/app/settings/controls.rs:229
settings.controls.text_233,Both wheel actions are Tune — there is no way left to zoom.,两种滚轮操作均设为调谐，已没有可用于缩放的滚轮操作。,settings.controls,adapter-generated,crates/sdroxide-ui/src/app/settings/controls.rs:233
settings.controls.text_249,The left and right buttons are reserved for tuning and panning; the middle and extra buttons are free. A side button held for PTT behaves like a footswitch.,左、右键用于调谐和平移；中键及附加按键可自由绑定。将侧键绑定为按住 PTT，其行为与脚踏开关相同。,settings.controls,adapter-generated,crates/sdroxide-ui/src/app/settings/controls.rs:249
settings.controls.text_297,"F1 always opens this manual, even while typing, so it is not rebindable.",F1 始终打开本手册，即使正在输入文本，因此不能重新绑定。,settings.controls,adapter-generated,crates/sdroxide-ui/src/app/settings/controls.rs:297
settings.controls.text_338,MIDI controllers need the native app — the browser client has no MIDI access.,MIDI 控制器需要桌面应用，浏览器客户端无法访问 MIDI。,settings.controls,adapter-generated,crates/sdroxide-ui/src/app/settings/controls.rs:338
settings.controls.text_346,"Any class-compliant MIDI surface works: a DJ controller's jog wheel makes a fine              VFO knob, its pads make PTT and band buttons, its faders make gain controls.",支持任何符合 MIDI 标准的控制器：DJ 转盘可作为 VFO 旋钮，打击垫可作为 PTT 与波段按钮，推子可控制增益。,settings.controls,adapter-generated,crates/sdroxide-ui/src/app/settings/controls.rs:346
settings.controls.text_457,rev,反向,settings.controls,adapter-generated,crates/sdroxide-ui/src/app/settings/controls.rs:457
settings.controls.text_503,"Endless (jog) encoders send a relative step rather than a position, in one of three              encodings that look alike from small movements. LEARN guesses from a clockwise turn;              if the knob then tunes the wrong way, tick “rev”.",无尽式旋钮发送相对步进，而非绝对位置。三种常见编码在小幅转动时相似。“学习”会根据顺时针旋转推测编码；若调谐方向相反，请勾选“反向”。,settings.controls,adapter-generated,crates/sdroxide-ui/src/app/settings/controls.rs:503
settings.controls.text_73,"Click a shortcut to rebind it, then press the key combination (Esc cancels). Bindings are ignored while you are typing in a text field.",点击快捷键后按下新的组合键即可重新绑定，按 Esc 取消。输入文本时，快捷键绑定不生效。,settings.controls,adapter-generated,crates/sdroxide-ui/src/app/settings/controls.rs:73
settings.general.an_import_overwrites_what_is_here_file_for_file,"An import overwrites what is here, file for file, and takes effect the next time sdroxide starts — the settings already in memory would otherwise be written straight back over it. Anything the file does not mention is left as it is, so a bundle from a one-radio station does not remove a second radio here. Your logbook is never in the file: export it as ADIF from the LOG window if you want to move that too.",导入会按文件覆盖现有设置，并在下次启动 SDRoxide 时生效；否则内存中的旧设置可能再次写回，覆盖导入结果。文件未包含的项目保持不变，因此导入单电台配置不会删除本站的第二台电台。文件从不包含通联日志；如需迁移日志，请在 LOG（日志）窗口中导出 ADIF。,settings.general,adapter-generated,crates/sdroxide-ui/src/app/settings/general.rs:299
settings.general.clients_must_give_the_password_leaving_the_username_empty,Clients must give the password. Leaving the username empty is fine.,客户端必须提供密码，用户名可以留空。,settings.general,adapter-generated,crates/sdroxide-ui/src/app/settings/general.rs:100
settings.general.clients_must_sign_in,Clients must sign in.,客户端必须登录。,settings.general,adapter-generated,crates/sdroxide-ui/src/app/settings/general.rs:107
settings.general.currently_tripped_at_swr_1_1_transmit_is_locked,⚠ Currently tripped at {swr:.1}:1 — transmit is locked out.,⚠ 已在 {swr:.1}:1 驻波比下触发保护，发射已锁定。,settings.general,adapter-generated,crates/sdroxide-ui/src/app/settings/general.rs:449
settings.general.empty_anyone_who_can_reach_the_server_s_port,"⚠ Empty: anyone who can reach the server's port can operate this radio, on your callsign. Set a password before forwarding the port.",⚠ 凭据为空：任何能访问服务器端口的人都可以使用你的呼号操作这台电台。请在转发端口之前设置密码。,settings.general,adapter-generated,crates/sdroxide-ui/src/app/settings/general.rs:113
settings.general.every_band_edge_and_sub_segment_comes_from_bandplan,"Every band edge and sub-segment comes from bandplan.json on the machine the radio is attached to. This is the regional allocation, not your licence: your own conditions may be narrower, and national plans differ inside a region.",所有波段边界和子频段均来自电台所在机器上的 bandplan.json。此表表示区域频段分配，不代表你的执照权限：个人许可范围可能更窄，同一区域内各国规划也可能不同。,settings.general,adapter-generated,crates/sdroxide-ui/src/app/settings/general.rs:231
settings.general.every_band_edge_and_sub_segment_comes_from_p,"Every band edge and sub-segment comes from {p}, written from the built-in IARU tables the first time and yours to edit after that — narrow a band to your licence and sdroxide will refuse to transmit outside it. Frequencies are in MHz; delete the file for a fresh copy of the defaults. This is the regional allocation, not your licence: your own conditions may be narrower, and national plans differ inside a region.",所有波段边界和子频段均来自 {p}。首次启动时会从内置 IARU 表生成此文件，之后可自行编辑；将波段收窄到执照许可范围后，SDRoxide 会拒绝在其范围之外发射。频率单位为 MHz；删除文件可重新生成默认表。此表表示区域频段分配，不代表你的执照权限：个人许可范围可能更窄，同一区域内各国规划也可能不同。,settings.general,adapter-generated,crates/sdroxide-ui/src/app/settings/general.rs:224
settings.general.export,EXPORT…,导出…,settings.general,adapter-generated,crates/sdroxide-ui/src/app/settings/general.rs:269
settings.general.export_failed_e,Export failed: {e},导出失败：{e},settings.general,adapter-generated,crates/sdroxide-ui/src/app/settings/general.rs:337
settings.general.exported_note_choose_where_to_save_it,Exported {note} — choose where to save it.,已导出 {note}，请选择保存位置。,settings.general,adapter-generated,crates/sdroxide-ui/src/app/settings/general.rs:335
settings.general.extra_gain_on_everything_this_radio_sends_to_the,"Extra gain on everything this radio sends to the speakers, on top of the volume control. Leave it at 0 dB unless the radio is quiet at full volume: the volume rail's top is the audio as it arrives, so it can turn a radio down but never up, and some transceivers' USB sound output sits well below full scale.

Go up 6 dB at a time. Too much clips — the audio is limited at full scale rather than allowed to wrap round, so overdoing it sounds harsh rather than loud. Recordings are taken ahead of this and are not affected.","在音量控制之外，为本台送往扬声器的音频增加增益。除非音量调至最大仍偏小，否则请保持 0 dB：音量滑条上限对应原始输入音量，只能减小音量，不能放大；有些收发机的 USB 音频输出明显低于满量程。

建议每次增加 6 dB。增益过大会削波：音频会限制在满量程，不会溢出回绕，因此声音会刺耳，而不只是更响。录音在增益处理之前采集，不受此设置影响。",settings.general,adapter-generated,crates/sdroxide-ui/src/app/settings/general.rs:163
settings.general.forget_every_mode_s_remembered_agc_squelch_noise_reduction,"Forget every mode's remembered AGC, squelch, noise reduction, notch and stereo switches, and put each mode's own defaults back.",清除各模式记忆的 AGC、静噪、降噪、陷波和立体声开关设置，恢复每个模式的默认值。,settings.general,adapter-generated,crates/sdroxide-ui/src/app/settings/general.rs:473
settings.general.import,IMPORT…,导入…,settings.general,adapter-generated,crates/sdroxide-ui/src/app/settings/general.rs:279
settings.general.import_failed_e,Import failed: {e},导入失败：{e},settings.general,adapter-generated,crates/sdroxide-ui/src/app/settings/general.rs:363;crates/sdroxide-ui/src/app/settings/general.rs:365
settings.general.input,Input,输入,settings.general,adapter-generated,crates/sdroxide-ui/src/app/settings/general.rs:511
settings.general.output,Output,输出,settings.general,adapter-generated,crates/sdroxide-ui/src/app/settings/general.rs:506
settings.general.password,Password,密码,settings.general,adapter-generated,crates/sdroxide-ui/src/app/settings/general.rs:86
settings.general.per_mode_settings,Per-mode settings,各模式设置,settings.general,adapter-generated,crates/sdroxide-ui/src/app/settings/general.rs:468
settings.general.re_read_bandplan_json_on_the_machine_the_radio,"Re-read bandplan.json on the machine the radio is attached to and apply it — band edges, sub-segments and skimmer windows — without restarting.",重新读取电台所在机器上的 bandplan.json，并应用波段边界、子频段和扫描解码窗口，无需重启。,settings.general,adapter-generated,crates/sdroxide-ui/src/app/settings/general.rs:194
settings.general.receive_audio_gain,Receive audio gain,接收音频增益,settings.general,adapter-generated,crates/sdroxide-ui/src/app/settings/general.rs:148
settings.general.reload_band_plan,RELOAD BAND PLAN,重新加载频段规划,settings.general,adapter-generated,crates/sdroxide-ui/src/app/settings/general.rs:192
settings.general.remote_access,Remote access,远程访问,settings.general,adapter-generated,crates/sdroxide-ui/src/app/settings/general.rs:67
settings.general.replace_this_station_s_settings_with_the_ones_in,Replace this station's settings with the ones in a file exported from another installation. Restart sdroxide afterwards.,用其他安装导出的文件替换本站设置。导入后请重启 SDRoxide。,settings.general,adapter-generated,crates/sdroxide-ui/src/app/settings/general.rs:281
settings.general.reset_every_mode,RESET EVERY MODE,重置所有模式,settings.general,adapter-generated,crates/sdroxide-ui/src/app/settings/general.rs:471
settings.general.restart_sdroxide_to_use_them,{} — restart sdroxide to use them.,{}；重启 SDRoxide 后生效。,settings.general,adapter-generated,crates/sdroxide-ui/src/app/settings/general.rs:367
settings.general.running_on_the_built_in_iaru_tables,Running on the built-in IARU tables.,正在使用内置 IARU 频段表。,settings.general,adapter-generated,crates/sdroxide-ui/src/app/settings/general.rs:206
settings.general.running_on_the_station_s_own_band_plan,Running on the station's own band plan.,正在使用本站自定义频段规划。,settings.general,adapter-generated,crates/sdroxide-ui/src/app/settings/general.rs:204
settings.general.sdroxide_settings,sdroxide settings,SDRoxide 设置,settings.general,adapter-generated,crates/sdroxide-ui/src/app/settings/general.rs:343
settings.general.selecting_a_mode_lays_that_mode_s_own_starting,"Selecting a mode lays that mode's own starting values for AGC, squelch, noise reduction, the notch and the stereo switches on the receiver, and changing one remembers it for that mode alone. The circular-arrow chip at the end of the receiver's filter/noise row lists what has been changed and puts the current mode back.",选择模式时，接收机将载入该模式的 AGC、静噪、降噪、陷波和立体声开关初始值；修改只记忆在当前模式中。接收机滤波／降噪栏末端的圆形箭头按钮可查看修改内容并重置当前模式。,settings.general,adapter-generated,crates/sdroxide-ui/src/app/settings/general.rs:484
settings.general.settings_file,Settings file,设置文件,settings.general,adapter-generated,crates/sdroxide-ui/src/app/settings/general.rs:256
settings.general.skipped_path_why,"
Skipped {path}: {why}","
已跳过 {path}：{why}",settings.general,adapter-generated,crates/sdroxide-ui/src/app/settings/general.rs:369
settings.general.stop_transmitting_on_high_swr,Stop transmitting on high SWR,高驻波比时停止发射,settings.general,adapter-generated,crates/sdroxide-ui/src/app/settings/general.rs:397
settings.general.stops_the_transmission_when_the_radio_reports_an_swr,"Stops the transmission when the radio reports an SWR at or above this figure, and keeps transmit locked out until you acknowledge it. Catches a disconnected antenna, a failed feeder, or a switch left on the wrong port.

Tuning is treated differently, because feeding a mismatch is the point of it: an antenna tuner gets double the limit and about five seconds before the guard applies at all. A manual tuner that takes longer than that wants the guard switched off for the session.

Needs a rig that reports SWR over CAT. Ignores the first fifth of a second of each transmission, and does not wait for high power.","电台报告的驻波比达到或超过此值时停止发射，并锁定发射功能，直到你确认解除。可用于发现天线未连接、馈线故障或开关接错端口。

调谐载波采用不同规则，因为天线调谐器需要在失配情况下调整：阈值提高到两倍，且约五秒后保护才开始生效。若手动调谐耗时更长，可在本次调谐期间关闭保护。

需要电台通过 CAT 报告驻波比。保护忽略每次发射的前 0.2 秒，且不以高功率作为触发前提。",settings.general,adapter-generated,crates/sdroxide-ui/src/app/settings/general.rs:432
settings.general.stored_in_the_clear_in_config_toml_like_the,"Stored in the clear in config.toml, like the other passwords sdroxide keeps.",与 SDRoxide 保存的其他密码一样，这些凭据以明文存储在 config.toml 中。,settings.general,adapter-generated,crates/sdroxide-ui/src/app/settings/general.rs:123
settings.general.swr_guard,SWR guard,驻波比保护,settings.general,adapter-generated,crates/sdroxide-ui/src/app/settings/general.rs:388
settings.general.system_default,System default,系统默认,settings.general,adapter-generated,crates/sdroxide-ui/src/app/settings/general.rs:41;crates/sdroxide-ui/src/app/settings/general.rs:43
settings.general.the_settings_are_on_the_machine_the_radio_is,The settings are on the machine the radio is attached to. Export them there.,设置存储在电台所在的机器上，请在那台机器上导出。,settings.general,adapter-generated,crates/sdroxide-ui/src/app/settings/general.rs:260
settings.general.trip_at,Trip at,触发阈值,settings.general,adapter-generated,crates/sdroxide-ui/src/app/settings/general.rs:404
settings.general.tuning_1_1,(tuning: {:.1}:1),（调谐载波：{:.1}:1）,settings.general,adapter-generated,crates/sdroxide-ui/src/app/settings/general.rs:422
settings.general.username,Username,用户名,settings.general,adapter-generated,crates/sdroxide-ui/src/app/settings/general.rs:80;crates/sdroxide-ui/src/login.rs:575
settings.general.what_a_remote_client_the_browser_page_or_another,"What a remote client — the browser page, or another sdroxide started with --connect — has to give before this station will let it operate. Applies in server mode (--server); the next sign-in picks up a change, with no restart.",设置远程客户端（浏览器页面，或通过 --connect 启动的 SDRoxide）操作本站时需要提供的凭据。用于服务器模式（--server）；修改后在下次登录时生效，无需重启。,settings.general,adapter-generated,crates/sdroxide-ui/src/app/settings/general.rs:71
settings.general.write_every_setting_at_this_station_the_radios_the,"Write every setting at this station — the radios, the modes, the servers, the memories, the band plan — to one file you can carry to another installation. Your logbook and any saved server password stay here.",将本站的电台、模式、服务器、记忆信道和频段规划等设置写入一个文件，便于迁移到其他安装。通联日志及已保存的服务器密码不会导出。,settings.general,adapter-generated,crates/sdroxide-ui/src/app/settings/general.rs:271
settings.general.your_audio_speakers_microphone,Your audio (speakers / microphone),本机音频（扬声器／麦克风）,settings.general,adapter-generated,crates/sdroxide-ui/src/app/settings/general.rs:504
settings.mod.text_1829,Enter a digital mode (FT8 / SSTV / …) once to load the saved values.,请先进入一次 FT8、SSTV 等数字模式，以加载已保存的设置。,settings.mod,adapter-generated,crates/sdroxide-ui/src/app/settings/mod.rs:1829
settings.mod.text_1860,"Your callsign and grid, shared across FT8/FT4/FT2, SSTV image headers, and the logbook. Also editable from the FT8 / SSTV setup dialog.",呼号与网格定位符由 FT8／FT4／FT2、SSTV 图像头及通联日志共享，也可在 FT8／SSTV 的设置对话框中编辑。,settings.mod,adapter-generated,crates/sdroxide-ui/src/app/settings/mod.rs:1860
settings.mod.text_1882,"Where the station is. Sets every band plan: the band edges, the CW / data / phone sub-segments on the waterfall strip, where the skimmers listen, the calling frequencies offered, and what counts as out of band for transmit. In Region {} that makes 70 cm {}. Takes effect at once, and applies to every radio at this station.",本站所在区域决定所有频段规划：波段边界、瀑布图上的 CW／数据／话音分段、扫描解码器监听范围、提供的呼叫频率，以及发射是否超出业余波段。在区域 {} 中，70 cm 波段为 {}。立即对本站所有电台生效。,settings.mod,adapter-generated,crates/sdroxide-ui/src/app/settings/mod.rs:1882
settings.mod.text_1952,Which radio interface the server uses is set on the machine it runs on.,服务器使用的电台接口需在服务器所在电脑上设置。,settings.mod,adapter-generated,crates/sdroxide-ui/src/app/settings/mod.rs:1952
settings.mod.text_2008,Waiting for the machine the radio is attached to. Its interface settings are below and can be changed from here meanwhile.,正在等待连接电台的电脑。下方仍可查看和修改其接口设置。,settings.mod,adapter-generated,crates/sdroxide-ui/src/app/settings/mod.rs:2008
settings.mod.text_2037,What this box reads when the offset is not one of the presets. Set it by typing in the Offset field below; there is nothing to select here.,偏移不是预设值时，此框显示自定义状态。请在下方“偏移”栏输入，这里没有可选项。,settings.mod,adapter-generated,crates/sdroxide-ui/src/app/settings/mod.rs:2037
settings.mod.text_2044,"A frequency converter in front of the receiver. Pick one, or type an offset beside it.",接收机前端的变频器。选择预设，或在旁边输入偏移。,settings.mod,adapter-generated,crates/sdroxide-ui/src/app/settings/mod.rs:2044
settings.mod.text_2061,"How far a converter moves the signal on its way to the receiver, in Hz — the same number and sign every converter's documentation and every other SDR program states. The radio ends up on dial + offset: positive for an upconverter (a Ham It Up is 125000000), negative for anything that brings a band down to an I.F. — a satellite LNB, or a 2 m transverter on a 28 MHz I.F., which is -116000000 (28 − 144). 0 = no converter.

Drag to trim it a hertz at a time, which is what a converter whose oscillator is slightly off wants.

This is the receive path. What is in the transmit line is the row below.

Takes effect on Apply.","变频器将输入信号平移的频率，单位为 Hz，符号约定与变频器文档及其他 SDR 软件相同。电台实际频率为“读数 + 偏移”：上变频为正，例如 Ham It Up 为 125000000；变换至中频为负，例如卫星 LNB，或将 2 m 变换到 28 MHz 中频的收发器，其偏移为 -116000000（28 − 144）。0 表示不使用变频器。

拖动可按 1 Hz 微调，以补偿振荡器误差。

此项用于接收路径；发射路径在下一行设置。

点击“应用”后生效。",settings.mod,adapter-generated,crates/sdroxide-ui/src/app/settings/mod.rs:2061
settings.mod.text_2105,"What is in the transmit line while a converter is set.

Off while converting: nothing is transmitted — the safe default, and right for a receive-only accessory.

Through the same converter: one box converts both ways, a transverter. Transmit takes the offset above and follows it when it is trimmed.

Its own offset: the transmit line is different from the receive one. Nought is the common case — a converter (an LNB, a Ham It Up) on receive with the transmitter on its own antenna, which is the QO-100 station.

The amateur-band check still applies, on the frequency you are transmitting on.

Takes effect on Apply.","使用接收变频器时，发射路径的设置。

变频时禁止发射：不发射，默认选择，适用于仅接收的附件。

通过同一变频器：同一设备进行双向变频。发射使用上方偏移，并跟随其微调。

独立偏移：发射路径与接收路径不同。常见值为 0，即接收端使用 LNB、Ham It Up 等变频器，发射端使用独立天线，QO-100 台站即属此类。

业余波段检查仍按实际发射对应的频率进行。

点击“应用”后生效。",settings.mod,adapter-generated,crates/sdroxide-ui/src/app/settings/mod.rs:2105
settings.mod.text_2129,"How far the transmit line moves the signal, in Hz, on the same sign rule as the receive offset: the radio transmits at dial + offset.

0 = the transmitter is wired to its own antenna and works on the frequency the dial says — a QO-100 station's 2.4 GHz uplink.

A transmit converter that takes an I.F. *up* is a negative number: the radio works below the dial.","发射路径的频移，单位为 Hz，符号约定与接收偏移相同：电台发射频率为“读数 + 偏移”。

0 表示发射机使用独立天线，实际频率与读数一致，例如 QO-100 台站的 2.4 GHz 上行。

将中频上变频的发射变频器应填负数，因为电台本身工作在低于读数的频率。",settings.mod,adapter-generated,crates/sdroxide-ui/src/app/settings/mod.rs:2129
settings.mod.text_2202,"Where this radio listens from.

At the station: the antenna is yours, so your own locator says where it is. The default, and right for everything in the shack.

Somewhere else: an online receiver, or your own set up on a hilltop. What it hears is reported to PSK Reporter, WSPRnet and FreeDV Reporter from the locator beside this, never from yours — and ADS-B places aircraft against it too.

Picking a receiver under ""Public SDRs"" fills this in for you.

Takes effect on Apply.","此电台的接收位置。

本站：使用本站天线，以本站网格定位符表示位置，适用于电台室内设备，默认选择。

其他位置：在线接收机，或位于山顶等处的自有接收机。PSK Reporter、WSPRnet、FreeDV Reporter 及 ADS-B 使用旁边填写的接收机定位符，不使用本站定位符。

从“公共 SDR”选择接收机时会自动填写。

点击“应用”后生效。",settings.mod,adapter-generated,crates/sdroxide-ui/src/app/settings/mod.rs:2202
settings.mod.text_2219,"The receiver's Maidenhead locator — JN88ec, DO30db. Four or six characters.

Leave it empty if you do not know where the receiver is: nothing is then reported at all, which is the only honest answer. Reporting from your own square would put somebody else's reception on the wrong continent.","接收机的 Maidenhead 网格定位符，例如 JN88ec、DO30db，长度为 4 或 6 个字符。

未知接收位置时请留空，程序将不上传接收报告。填入本站位置会将其他接收机的接收结果错误定位。",settings.mod,adapter-generated,crates/sdroxide-ui/src/app/settings/mod.rs:2219
settings.mod.text_2257,"Ranges are in MHz, low-high, separated by commas: 144-146, 430-440 — that is 144000000-146000000 Hz and 430000000-440000000 Hz. They are dial frequencies: a converter offset does not move them. The converter offset above is the field in hertz. Leave a range empty to use whatever the device reports about itself; a device that reports nothing is taken at its word.","范围单位为 MHz，格式为下限-上限，多段用逗号分隔，例如 144-146, 430-440，对应 144000000-146000000 Hz 和 430000000-440000000 Hz。这里是频率读数范围，不受变频偏移移动；上方偏移才使用 Hz。留空时采用设备报告的范围；设备没有报告范围时，不额外限制。",settings.mod,adapter-generated,crates/sdroxide-ui/src/app/settings/mod.rs:2257
settings.mod.text_2291,"Careful on an RTL-SDR: the Blog V4 upconverts on its own below 28.8 MHz, so a negative offset that lands the hardware there shifts twice.",RTL-SDR 用户注意：Blog V4 在 28.8 MHz 以下自行上变频。若负偏移使硬件频率落入此范围，可能产生两次频移。,settings.mod,adapter-generated,crates/sdroxide-ui/src/app/settings/mod.rs:2291
settings.mod.text_2320,"A 3-band parametric EQ on the microphone audio, ahead of the modulator. Voice modes only (SSB/AM/FM); digital modes and CW carry synthesized or keyed audio that never reaches it. Off by default and flat when turned on, so enabling it changes nothing on the air until a band below is actually moved. Applies immediately.",调制器前端的三段参数均衡器，处理麦克风音频，仅用于 SSB／AM／FM 话音模式。数字模式与 CW 使用合成或键控音频，不经过此均衡器。默认关闭；启用时各段为平直响应，在实际调整下面某一段之前不会改变发射音频。立即生效。,settings.mod,adapter-generated,crates/sdroxide-ui/src/app/settings/mod.rs:2320
settings.mod.text_2705,"Read the world's CW/RTTY skimmers and feed the propagation map with them. This is what makes the map show bands this radio is not listening to. On by default: it puts nothing on the air, needs no account, and uses the callsign from the General tab. RBN spots do not appear in the spot list — they are measurements, not invitations.",接收全球 CW／RTTY 扫描解码器的通报，供传播地图显示本站当前未监听波段的情况。默认启用，不发射无线电信号，无需账户，使用“常规”页的呼号。RBN 通报是测量结果，因此不显示在邀请通联的通报列表中。,settings.mod,adapter-generated,crates/sdroxide-ui/src/app/settings/mod.rs:2705
settings.mod.text_2715,"7000 is the CW/RTTY feed, 7001 the FT8/FT4 one",7000 为 CW／RTTY 数据源，7001 为 FT8／FT4 数据源,settings.mod,adapter-generated,crates/sdroxide-ui/src/app/settings/mod.rs:2715
settings.mod.text_2728,Sent after login. The place to narrow the feed — without a filter this is every skimmer on Earth.,登录后发送。可在此设置过滤条件；不设置则接收全球扫描解码器的通报。,settings.mod,adapter-generated,crates/sdroxide-ui/src/app/settings/mod.rs:2728
settings.mod.text_2734,"RBN paths are placed from country centres, not locators — accurate for a small country, out by a long way for a large one. They are a separate layer on the propagation map and can be switched off there.",RBN 路径按国家中心位置估算，不使用网格定位符。小国误差较小，大国可能偏差较大。传播地图将其作为独立图层，可在地图中关闭。,settings.mod,adapter-generated,crates/sdroxide-ui/src/app/settings/mod.rs:2734
settings.mod.text_2744,POTA activator spots,POTA 激活台通报,settings.mod,adapter-generated,crates/sdroxide-ui/src/app/settings/mod.rs:2744
settings.mod.text_2745,SOTA spots,SOTA 通报,settings.mod,adapter-generated,crates/sdroxide-ui/src/app/settings/mod.rs:2745
settings.mod.text_2757,"Report what this station hears to pskreporter.info, so it appears there as a receiver. Uses the callsign and grid from the General tab.",将本站收到的电台报告至 pskreporter.info，使本站显示为接收台。使用“常规”页的呼号与网格定位符。,settings.mod,adapter-generated,crates/sdroxide-ui/src/app/settings/mod.rs:2757
settings.mod.text_2770,"4739 is the live collector, 14739 the test one",4739 为正式收集服务器，14739 为测试服务器,settings.mod,adapter-generated,crates/sdroxide-ui/src/app/settings/mod.rs:2770
settings.mod.text_2780,Upload my WSPR decodes,上传本站 WSPR 解码结果,settings.mod,adapter-generated,crates/sdroxide-ui/src/app/settings/mod.rs:2780
settings.mod.text_2782,"Send every WSPR reception to wsprnet.org. On by default: it puts nothing on the air, and reporting what you hear is what makes a WSPR receiver part of the network rather than a private curiosity. A slot that decoded nothing is reported too, which is how the network tells a shut band from a receiver that was switched off.",将每条 WSPR 接收结果发送至 wsprnet.org。默认启用，此项不发射无线电信号，上传所听结果可参与 WSPR 接收网络。没有解码结果的时隙也会报告，以便网络区分传播关闭与接收机关闭。,settings.mod,adapter-generated,crates/sdroxide-ui/src/app/settings/mod.rs:2782
settings.mod.text_2794,"Ask wsprnet.org which stations decoded this one. WSPR has no acknowledgement of any kind, so this is the only way a transmitting beacon learns anything about its own reach.",向 wsprnet.org 查询哪些电台解码了本站信号。WSPR 协议没有确认信息，这是发射信标了解覆盖范围的方式。,settings.mod,adapter-generated,crates/sdroxide-ui/src/app/settings/mod.rs:2794
settings.mod.text_2848,"The Winlink account password, not the gateway password. It is case-sensitive — enter it exactly as it was issued.",填写 Winlink 账户密码，非网关密码。密码区分大小写，请按原样输入。,settings.mod,adapter-generated,crates/sdroxide-ui/src/app/settings/mod.rs:2848
settings.mod.text_2864,Forward with the CMS over the internet,通过互联网与 CMS 转发邮件,settings.mod,adapter-generated,crates/sdroxide-ui/src/app/settings/mod.rs:2864
settings.mod.text_2871,Call an RMS gateway on the air. The radio must be in PACKET or PACKET-HF.,通过无线电呼叫 RMS 网关，电台需处于 PACKET 或 PACKET-HF 模式。,settings.mod,adapter-generated,crates/sdroxide-ui/src/app/settings/mod.rs:2871
settings.mod.text_2895,"Digipeaters, in order, separated by spaces. Usually empty — a gateway you can hear directly is a gateway you should call directly.",按顺序列出数字中继呼号，以空格分隔。通常留空，能够直接接收的网关应直接呼叫。,settings.mod,adapter-generated,crates/sdroxide-ui/src/app/settings/mod.rs:2895
settings.mod.text_2918,"Most RMS gateways answer at 1200. Calling a 1200 gateway at 9600 sounds exactly like a gateway that is off the air, so set this from what the gateway's owner publishes rather than guessing. 9600 also needs the radio's data port at both ends. 300 is HF.",多数 RMS 网关使用 1200 波特率。用 9600 呼叫 1200 网关时，表现与网关停机相同，请按网关公布的信息设置。9600 在两端均需使用电台的数据端口，300 用于 HF。,settings.mod,adapter-generated,crates/sdroxide-ui/src/app/settings/mod.rs:2918
settings.mod.text_2947,"Zero leaves the dial alone, which is what you want when you park on one channel. Anything else tunes the radio when the session starts.",0 表示保持当前调谐频率，适用于固定信道。其他值会在会话开始时调谐电台。,settings.mod,adapter-generated,crates/sdroxide-ui/src/app/settings/mod.rs:2947
settings.mod.text_2958,"Winlink's published gateway list needs an API key sdroxide does not have, so keep your own. The two or three gateways reachable from one location are learned by trying, and they rarely change.",Winlink 公共网关列表需要 SDRoxide 未持有的 API 密钥，因此请维护自己的列表。同一地点可达的少数网关通常需实际尝试后确定，且很少变化。,settings.mod,adapter-generated,crates/sdroxide-ui/src/app/settings/mod.rs:2958
settings.mod.text_3030,"Winlink's production servers only accept client names they know, and answer an unknown one with ""Unknown client types are not allowed on production servers"". Until sdroxide is registered with the Winlink Development Team, connecting needs a name they recognise.",Winlink 正式服务器只接受已登记的客户端名称，未知名称会收到“Unknown client types are not allowed on production servers”。SDRoxide 尚未向 Winlink 开发团队登记时，连接需填写服务器认可的客户端名称。,settings.mod,adapter-generated,crates/sdroxide-ui/src/app/settings/mod.rs:3030
settings.mod.text_3113,One HamQTH account does both — this login is the one the HamQTH upload tab uses.,HamQTH 的同一账户可同时用于呼号查询和上传。此处与 HamQTH 上传页共享登录信息。,settings.mod,adapter-generated,crates/sdroxide-ui/src/app/settings/mod.rs:3113
settings.mod.text_3129,The master switch. Which services a QSO goes to is set on each tab below.,总开关。每条通联上传到哪些服务，由下方各页设置。,settings.mod,adapter-generated,crates/sdroxide-ui/src/app/settings/mod.rs:3129
settings.mod.text_3168,"Turn on ""Auto-upload each new QSO"" above first — a service ticked here is not pushed until it is.",请先启用上方“自动上传每条新通联”，否则此处勾选的服务不会自动收到上传。,settings.mod,adapter-generated,crates/sdroxide-ui/src/app/settings/mod.rs:3168
settings.mod.text_3175,"Auto-upload is off above, so the service ticks are disabled and nothing is pushed automatically yet — the per-QSO UP button in the logbook still works.",上方自动上传已关闭，各服务选项不可用，暂不自动上传；通联日志中每条记录的“上传”按钮仍可使用。,settings.mod,adapter-generated,crates/sdroxide-ui/src/app/settings/mod.rs:3175
settings.mod.text_3189,The QRZ logbook API key from your QRZ logbook settings — not the XML-lookup login.,QRZ 日志设置中的日志 API 密钥，不是 XML 呼号查询的登录信息。,settings.mod,adapter-generated,crates/sdroxide-ui/src/app/settings/mod.rs:3189
settings.mod.text_3214,The same login as the HamQTH callsign lookup — filling in either one fills in both.,与 HamQTH 呼号查询共用登录信息，任一处填写都会同步到另一处。,settings.mod,adapter-generated,crates/sdroxide-ui/src/app/settings/mod.rs:3214
settings.mod.text_3230,"The developer API key from World Radio League → Integrations → Developer API. It is shown once when you generate it, so copy it then. Contacts go to your default logbook — set one in WRL if you keep more than one.",World Radio League → Integrations → Developer API 中的开发者 API 密钥。生成时只显示一次，请及时复制。记录上传到默认日志；若 WRL 中有多个日志，请先设置默认日志。,settings.mod,adapter-generated,crates/sdroxide-ui/src/app/settings/mod.rs:3230
settings.mod.text_3255,LoTW upload uses TQSL — export ADIF from the logbook and sign it. LoTW/eQSL confirmations are downloaded here to mark worked-vs-confirmed.,LoTW 上传需使用 TQSL：从日志导出 ADIF 并签名。此处下载 LoTW／eQSL 确认，用于标记“已通联”与“已确认”。,settings.mod,adapter-generated,crates/sdroxide-ui/src/app/settings/mod.rs:3255
settings.mod.text_3445,"Its spectrum, its waterfall and everything read off them are on that radio's tab, which is why it has none of its own. The interface settings above are still this radio's and still apply — press Apply / reconnect after changing them and both radios come back up together.

To use it on its own again, clear the Panadapter receiver box on that radio's page.","其频谱、瀑布图及相关测量均显示在所服务电台的标签页，因此本页没有独立频谱。上方接口设置仍属于此接收机；修改后点击“应用／重新连接”，两台设备会一起重新打开。

若要恢复独立使用，请在所服务电台页将频谱接收机设为“无”。",settings.mod,adapter-generated,crates/sdroxide-ui/src/app/settings/mod.rs:3445
settings.mod.text_3488,"Give this radio a wideband panadapter by borrowing another radio's receiver — an SDR on the same antenna, or one fed from this radio's I.F. output. The spectrum, the waterfall, the sub receiver, the digital modes and the skimmer all come from that receiver; the dial, the mode, the filter and the transmitter stay here.",借用另一台电台的接收机，为本电台提供宽带频谱：可使用共用天线的 SDR，或连接中频输出的接收机。频谱、瀑布图、副接收机、数字模式及扫描解码器来自借用接收机；频率读数、模式、滤波器和发射机仍由本电台控制。,settings.mod,adapter-generated,crates/sdroxide-ui/src/app/settings/mod.rs:3488
settings.mod.text_3523,"Which radio receives for this one. It leaves the tab strip while it is lent — its front end belongs to this radio's engine — and comes straight back when this is set to None.

Takes effect on Apply.","选择为本电台接收的设备。借用期间，它会从标签栏隐藏，其前端由本电台引擎控制；设为“无”后立即恢复。

点击“应用”后生效。",settings.mod,adapter-generated,crates/sdroxide-ui/src/app/settings/mod.rs:3523
settings.mod.text_3549,"How far above this radio's dial the receiver sits, in hertz. 0 for a receiver on the same antenna; the intermediate frequency for an I.F. tap — 9000000 for a 9 MHz I.F., 70455000 for a 70.455 MHz one.

This is not the Converter field above, which retunes the radio, and not the CAT tab's I/Q centre offset, which is about this radio's own sound card. Nothing typed here is ever sent to either radio.

Takes effect on Apply.","接收机中心相对本电台读数的偏移，单位为 Hz。共用天线接收机填 0；中频抽头填写中频，例如 9 MHz 填 9000000，70.455 MHz 填 70455000。

此项既不是上方会改变电台调谐的变频器偏移，也不是 CAT 页针对电台自身声卡的 I/Q 中心偏移。这里的数值不会作为命令发送到任何电台。

点击“应用”后生效。",settings.mod,adapter-generated,crates/sdroxide-ui/src/app/settings/mod.rs:3549
settings.mod.text_3570,"Keep the receiver on this radio's dial, and move the dial when you tune on the panadapter. Off parks the receiver where it is — a fixed watch on one segment while the radio goes elsewhere.",使接收机跟随本电台读数，操作频谱调谐时也改变电台读数。关闭后，接收机停留在当前频率，可固定监听某一段，同时电台调谐到其他位置。,settings.mod,adapter-generated,crates/sdroxide-ui/src/app/settings/mod.rs:3570
settings.mod.text_3578,"Mirror the receiver's span about its centre, for a tap whose oscillator sits above the signal and hands the band over the wrong way round. Leave it off unless the waterfall fills with signals that are all on the wrong side of the dial.",将接收机频谱关于中心镜像，用于本振高于信号、频谱方向相反的中频抽头。除非瀑布图中的信号均出现在读数错误的一侧，否则保持关闭。,settings.mod,adapter-generated,crates/sdroxide-ui/src/app/settings/mod.rs:3578
settings.mod.text_3587,"Silence receive audio while this radio is transmitting. On by default: with the receiver on the same antenna, or on this radio's I.F., what it hears during an over is your own transmitter. Overs keyed at the radio itself — the microphone's PTT, a foot switch, MOX — count too, as soon as the CAT link says the rig has gone to transmit.",本电台发射时关闭接收音频，默认启用。共用天线或连接中频时，接收机在发射期间听到的是本站发射机。由电台本身的麦克风 PTT、脚踏开关或 MOX 启动的发射，在 CAT 报告发射状态后也会静音。,settings.mod,adapter-generated,crates/sdroxide-ui/src/app/settings/mod.rs:3587
settings.mod.text_3597,"Stop the panadapter and waterfall while this radio is transmitting. On by default: a transmitter painted across the whole span erases the band behind it. Turn it off to watch the band — or your own signal — through an over, which is worth having with the receiver on a separate antenna. Applies to overs sdroxide keys: one keyed at the radio is received right through, so the picture keeps running whatever this says.",本电台发射时暂停频谱与瀑布图，默认启用，避免本站发射信号抹掉整个波段画面。使用独立接收天线时，可关闭此项以观察波段或本站信号。只用于由 SDRoxide 启动的发射；由电台本身启动的发射仍连续接收，画面继续更新。,settings.mod,adapter-generated,crates/sdroxide-ui/src/app/settings/mod.rs:3597
settings.mod.text_3611,"Per-mode offsets, for a radio whose I.F. moves with the mode. A mode left empty uses the offset above.",按模式设置偏移，适用于中频随模式变化的电台。未填写的模式使用上方偏移。,settings.mod,adapter-generated,crates/sdroxide-ui/src/app/settings/mod.rs:3611
settings.mod.text_4075,"Close {} on {where_}? Its configuration stays on that machine; the tab here closes with it, and so does everyone else's.",关闭 {}（位于 {where_}）？配置保留在该电脑，但此处及其他客户端的标签页都会关闭。,settings.mod,adapter-generated,crates/sdroxide-ui/src/app/settings/mod.rs:4075
settings.mod.text_434,One row per box. While the dial is inside a row's band the radio is tuned to dial + offset and that row's transmit rule and drive limit apply; outside every row the radio is on its own bands. Rows are tried top to bottom.,每台变频收发器占一行。频率读数位于该行的波段内时，电台调谐到“读数 + 偏移”，并应用该行的发射规则和激励上限；在所有行之外，使用电台本身的波段。各行按从上到下的顺序匹配。,settings.mod,adapter-generated,crates/sdroxide-ui/src/app/settings/mod.rs:434
settings.mod.text_451,Off takes this transverter out of the line without losing the row — the band goes back to whatever the radio reaches on its own.,关闭后，该变频收发器退出工作，但保留本行配置；此波段恢复为电台本身能覆盖的范围。,settings.mod,adapter-generated,crates/sdroxide-ui/src/app/settings/mod.rs:451
settings.mod.text_461,What you call it. Shown in the log when the dial selects it.,自行命名。频率读数选中此变频收发器时，名称显示在日志中。,settings.mod,adapter-generated,crates/sdroxide-ui/src/app/settings/mod.rs:461
settings.mod.text_486,"The radio ends up on dial + offset, so a transverter that brings a band down to an I.F. is negative: 2 m into a 28 MHz I.F. is -116, because 144 - 116 = 28. Drag to trim it a hertz at a time for an oscillator that is slightly off.",电台实际频率为“读数 + 偏移”。将高频波段变换至中频的变频收发器应使用负偏移：例如将 2 m 变换至 28 MHz 中频时，偏移为 -116 MHz，因为 144 - 116 = 28。拖动可按 1 Hz 微调，以补偿振荡器误差。,settings.mod,adapter-generated,crates/sdroxide-ui/src/app/settings/mod.rs:486
settings.mod.text_504,"Off while converting: receive only — the row is a converter, not a transverter, and nothing is keyed on this band.

Through the same converter: it works both ways, and transmit takes the same offset.","变频时禁止发射：仅接收，此行作为接收变频器，当前波段不会启动发射。

通过同一变频器：使用双向变频收发器，发射采用相同偏移。",settings.mod,adapter-generated,crates/sdroxide-ui/src/app/settings/mod.rs:504
settings.mod.text_517,"A ceiling on transmit drive while this transverter is selected, as a percentage of full. A transverter's I.F. input takes milliwatts and the drive that is right for the radio's own bands will destroy it, so this is the row's most important field. 100% is no limit.

Your Drive setting is held under this rather than moved, so the number you use on HF comes back when the dial leaves the band.","选中此变频收发器时的发射激励上限，以满激励的百分比表示。其输入通常只需毫瓦级功率，电台自身波段的激励电平可能损坏它，因此这是本行最重要的设置。100% 表示不限制。

当前激励值只受此上限约束，不会被改写；离开此波段后，原有 HF 激励值恢复。",settings.mod,adapter-generated,crates/sdroxide-ui/src/app/settings/mod.rs:517
settings.mod.text_544,"Takes effect on Apply / reconnect, like the converter offset above.",与上方变频偏移一样，点击“应用／重新连接”后生效。,settings.mod,adapter-generated,crates/sdroxide-ui/src/app/settings/mod.rs:544
settings.mod.text_568,"A hard limit the Drive and TUNE controls cannot be taken past, applied after the              band calibration below so nothing can lift the drive back over it. Set it where              the radio makes its rated power and the whole of the Drive control becomes usable              — on a transmitter that modulates its own samples (HPSDR, LimeSDR, PlutoSDR,              HackRF) full drive is the transmitter wide open, which on a high-gain amplifier is              well past what its finals are rated for. Off means the controls reach full drive.",激励和调谐载波的硬上限，在下方波段校准之后应用，任何校准都不能使激励超过它。请设置在电台达到额定功率的位置，以便使用整个激励调节范围。HPSDR、LimeSDR、PlutoSDR、HackRF 等自行调制采样的发射机，满激励相当于全开，在高增益放大器上可能远超末级额定功率。关闭则允许达到满激励。,settings.mod,adapter-generated,crates/sdroxide-ui/src/app/settings/mod.rs:568
settings.mod.text_575,Limit drive to,限制激励至,settings.mod,adapter-generated,crates/sdroxide-ui/src/app/settings/mod.rs:575
settings.mod.text_589,Per cent of full drive. Key the radio into a dummy load and bring this down                  until the meter reads the power the amplifier is rated for.,满激励的百分比。请将电台接入假负载，逐步降低此值，直至功率表显示放大器的额定功率。,settings.mod,adapter-generated,crates/sdroxide-ui/src/app/settings/mod.rs:589
settings.mod.text_617,"Every amplifier has a different gain on every band, so one Drive setting makes a different power on each. Measure the output on each band, then trim the bands that come out high until they all match: set Drive for the band that needs the most (usually the highest), and take the others down to it. Decibels of output power, applied to voice, digital and TUNE alike. Zero everywhere — the default — changes nothing.",放大器在各波段的增益不同，同一激励值产生的功率也不同。测量每个波段的输出，降低功率偏高波段的校准值，使其一致：先为所需激励最大的波段（通常是最高频波段）设置激励，再将其他波段降低至同一输出。校准值以输出功率的 dB 表示，同时用于话音、数字模式和调谐载波。默认全部为 0，不改变输出。,settings.mod,adapter-generated,crates/sdroxide-ui/src/app/settings/mod.rs:617
settings.mod.text_670,Back to no calibration: the Drive setting reaches every band whole.,取消所有校准：各波段均使用完整的激励设置。,settings.mod,adapter-generated,crates/sdroxide-ui/src/app/settings/mod.rs:670
settings.mod.text_677,"Applies immediately, and to the band you would transmit on — behind a transverter that is the band on the dial, and the transverter's own drive limit still wins over anything set here.",立即生效，并以实际发射对应的频率读数波段为准。使用变频收发器时，其自身的激励上限仍优先于这里的设置。,settings.mod,adapter-generated,crates/sdroxide-ui/src/app/settings/mod.rs:677
settings.navigation.alerts,Alerts,告警,settings.navigation,display-helper-adapted,
settings.navigation.controls,Controls,控制,settings.navigation,display-helper-adapted,
settings.navigation.freedv,FreeDV,FreeDV,settings.navigation,display-helper-adapted,
settings.navigation.general,General,常规,settings.navigation,display-helper-adapted,
settings.navigation.profiles,Profiles,配置方案,settings.navigation,display-helper-adapted,
settings.navigation.radio,Radio,电台,settings.navigation,display-helper-adapted,
settings.navigation.remote,Remote,远程连接,settings.navigation,display-helper-adapted,
settings.navigation.servers,Servers,服务器,settings.navigation,display-helper-adapted,
settings.navigation.settings,Settings,设置,settings.navigation,display-helper-adapted,
settings.navigation.spots,Spots,通报,settings.navigation,display-helper-adapted,
settings.navigation.t_r_switch,T/R switch,收发切换,settings.navigation,display-helper-adapted,
settings.navigation.tle,TLE,卫星轨道,settings.navigation,display-helper-adapted,
settings.navigation.ui,UI,界面,settings.navigation,display-helper-adapted,
settings.navigation.uploads,Uploads,上传,settings.navigation,display-helper-adapted,
settings.navigation.winlink,Winlink,Winlink,settings.navigation,display-helper-adapted,
settings.net.text_101,Report stations I decode,报告本站解码的电台,settings.net,adapter-generated,crates/sdroxide-ui/src/app/settings/net.rs:101
settings.net.text_102,Sends an rx_report for each callsign recovered from a RADE End-of-Over frame.,对每个从 RADE 话轮结束帧恢复出的呼号发送一条 rx_report。,settings.net,adapter-generated,crates/sdroxide-ui/src/app/settings/net.rs:102
settings.net.text_105,Show other reporter stations as spots,将其他报告台显示为通报,settings.net,adapter-generated,crates/sdroxide-ui/src/app/settings/net.rs:105
settings.net.text_107,"Adds them to the panadapter overlay, world map and SPOTS window under the FREEDV filter.",将其添加至频谱叠加层、世界地图及“通报”窗口的 FREEDV 筛选项下。,settings.net,adapter-generated,crates/sdroxide-ui/src/app/settings/net.rs:107
settings.net.text_116,"⚠ Set your callsign and grid on the General tab. Without both, the connection is view-only: you will see other stations but will not appear yourself.",⚠ 请在“常规”页设置呼号与网格定位符。缺少任一项时只能查看其他电台，本站不会对外显示。,settings.net,adapter-generated,crates/sdroxide-ui/src/app/settings/net.rs:116
settings.net.text_125,Reporting as {call} / {grid} — SDRoxide {},报告身份：{call} / {grid} — SDRoxide {},settings.net,adapter-generated,crates/sdroxide-ui/src/app/settings/net.rs:125
settings.net.text_168,The longwave and shortwave stations labelled on the waterfall. The shortwave schedule is downloaded from eibispace.de for the current broadcasting season and re-downloaded when the season changes.,标注在瀑布图上的长波与短波广播电台。短波时刻表从 eibispace.de 下载，播出季变化时重新下载。,settings.net,adapter-generated,crates/sdroxide-ui/src/app/settings/net.rs:168
settings.net.text_204,"Your own stations and corrections go in this file. sdroxide never writes it, and an entry here replaces a scheduled one with the same name and frequency.",将自定义电台及更正内容写入此文件。SDRoxide 不会修改它，同名同频率条目会覆盖时刻表中的条目。,settings.net,adapter-generated,crates/sdroxide-ui/src/app/settings/net.rs:204
settings.net.text_226_e01a4f,Download schedule now,立即下载时刻表,settings.net,adapter-generated,crates/sdroxide-ui/src/app/settings/net.rs:226
settings.net.text_247,The broadcast stations labelled on the waterfall come from the list built into this build. Editing them needs the desktop app.,瀑布图上的广播电台标注来自程序内置列表，编辑需要桌面应用。,settings.net,adapter-generated,crates/sdroxide-ui/src/app/settings/net.rs:247
settings.net.text_285,"Ask the service whether these credentials work. Applies the settings above first, and logs nothing: it only reads.",向服务查询登录信息是否有效。先应用上方设置，仅执行读取，不写入通联记录。,settings.net,adapter-generated,crates/sdroxide-ui/src/app/settings/net.rs:285
settings.net.text_75,Connects whenever enabled. Your station is only shown to others while the radio is in RADE — in any other mode you stay connected but hidden.,启用后自动连接。仅在 RADE 模式下向其他用户显示本站；在其他模式中保持连接，但隐藏本站。,settings.net,adapter-generated,crates/sdroxide-ui/src/app/settings/net.rs:75
settings.net.text_87,Receive only (I cannot transmit),仅接收（本站不能发射）,settings.net,adapter-generated,crates/sdroxide-ui/src/app/settings/net.rs:87
settings.net.text_92_72e9a5,Port,端口,settings.net,adapter-generated,crates/sdroxide-ui/src/app/settings/net.rs:92
settings.net.text_97,Not yet implemented — FreeDV GUI uses plain ws:// too.,尚未实现；FreeDV GUI 同样使用普通 ws://。,settings.net,adapter-generated,crates/sdroxide-ui/src/app/settings/net.rs:97
settings.profiles.a_profile_captures_the_whole_working_setup_the_dials,"A profile captures the whole working setup — the dials and VFOs, the mode and filters, the gains, drive and antennas, your callsign and message templates, and the per-band registers — and applies it back in one click. The hardware (back end, audio devices, converters) is deliberately left alone: a profile is the way you work the station, not the radio it runs on.",配置方案保存完整的工作设置，包括频率和 VFO、模式与滤波器、增益、驱动电平和天线、呼号和消息模板，以及各波段记忆，并可一键恢复。硬件后端、音频设备和变频器设置保持不变；配置方案记录操作方式，而非电台硬件。,settings.profiles,adapter-generated,crates/sdroxide-ui/src/app/settings/profiles.rs:38
settings.profiles.applies_to_whatever_sdroxide_is_attached_to_dials_and,"Applies to whatever sdroxide is attached to: dials and VFOs, mode and filters, levels, gains, drive, antennas, the digital identity and the band stacks.",应用于 SDRoxide 当前连接的电台：频率和 VFO、模式与滤波器、电平、增益、驱动电平、天线、数字通信身份及波段记忆堆栈。,settings.profiles,adapter-generated,crates/sdroxide-ui/src/app/settings/profiles.rs:61
settings.profiles.apply,Apply,应用,settings.profiles,adapter-generated,crates/sdroxide-ui/src/app/settings/profiles.rs:80
settings.profiles.delete_name,Delete “{name}”,删除“{name}”,settings.profiles,adapter-generated,crates/sdroxide-ui/src/app/settings/profiles.rs:93
settings.profiles.no_profiles_saved_yet_name_one_above_and_press,No profiles saved yet — name one above and press Save.,尚未保存配置方案；请在上方输入名称，然后点击“保存”。,settings.profiles,adapter-generated,crates/sdroxide-ui/src/app/settings/profiles.rs:70
settings.profiles.profile_name,profile name,配置方案名称,settings.profiles,adapter-generated,crates/sdroxide-ui/src/app/settings/profiles.rs:52
settings.profiles.profiles_the_station_s_saved_setups,Profiles: the station's saved setups,配置方案：本站已保存的工作设置,settings.profiles,adapter-generated,crates/sdroxide-ui/src/app/settings/profiles.rs:30
settings.profiles.put_the_station_back_onto_name_dials_vfos_mode,"Put the station back onto “{name}”: dials, VFOs, mode, filters, gains, drive, antennas, identity and band stacks.",将本站恢复为“{name}”：频率、VFO、模式、滤波器、增益、驱动电平、天线、身份及波段记忆堆栈。,settings.profiles,adapter-generated,crates/sdroxide-ui/src/app/settings/profiles.rs:82
settings.profiles.save,Save,保存,settings.profiles,adapter-generated,crates/sdroxide-ui/src/app/settings/profiles.rs:54
settings.profiles.save_the_current_setup,Save the current setup,保存当前工作设置,settings.profiles,adapter-generated,crates/sdroxide-ui/src/app/settings/profiles.rs:48
settings.profiles.saved_profiles,Saved profiles,已保存的配置方案,settings.profiles,adapter-generated,crates/sdroxide-ui/src/app/settings/profiles.rs:74
settings.radio.adaptation,Adaptation,自适应,settings.radio,adapter-generated,crates/sdroxide-ui/src/app/settings/radio.rs:7302;crates/sdroxide-ui/src/app/settings/radio.rs:7843;crates/sdroxide-ui/src/app/settings/radio.rs:7913
settings.radio.adc_clock,ADC clock,ADC 时钟,settings.radio,adapter-generated,crates/sdroxide-ui/src/app/settings/radio.rs:4298
settings.radio.adc_range,ADC range,ADC 输入范围,settings.radio,adapter-generated,crates/sdroxide-ui/src/app/settings/radio.rs:4482
settings.radio.address,Address,地址,settings.radio,adapter-generated,crates/sdroxide-ui/src/app/settings/radio.rs:3217;crates/sdroxide-ui/src/app/settings/radio.rs:3622
settings.radio.agc_set_point,AGC set point,AGC 目标电平,settings.radio,adapter-generated,crates/sdroxide-ui/src/app/settings/radio.rs:6824
settings.radio.agc_threshold,AGC threshold,AGC 阈值,settings.radio,adapter-generated,crates/sdroxide-ui/src/app/settings/radio.rs:5195
settings.radio.analog_filter,Analog filter,模拟滤波器,settings.radio,adapter-generated,crates/sdroxide-ui/src/app/settings/radio.rs:3279;crates/sdroxide-ui/src/app/settings/radio.rs:7640
settings.radio.announce_as,Announce as,报告名称,settings.radio,adapter-generated,crates/sdroxide-ui/src/app/settings/radio.rs:2593
settings.radio.antenna,Antenna,天线,settings.radio,adapter-generated,crates/sdroxide-ui/src/app/settings/radio.rs:58;crates/sdroxide-ui/src/app/settings/radio.rs:674;crates/sdroxide-ui/src/app/settings/radio.rs:2087;crates/sdroxide-ui/src/app/settings/radio.rs:4928;crates/sdroxide-ui/src/app/settings/radio.rs:6989
settings.radio.antennas,Antennas,天线,settings.radio,adapter-generated,crates/sdroxide-ui/src/app/settings/radio.rs:3976
settings.radio.applied_at_once_and_remembered_for_the_next_start,"Applied at once, and remembered for the next start.",立即生效，并保存供下次启动使用。,settings.radio,adapter-generated,crates/sdroxide-ui/src/app/settings/radio.rs:4214
settings.radio.applies_immediately,Applies immediately.,立即生效。,settings.radio,adapter-generated,crates/sdroxide-ui/src/app/settings/radio.rs:6989
settings.radio.apply_reconnect,Apply / reconnect,应用／重新连接,settings.radio,adapter-generated,crates/sdroxide-ui/src/app/settings/radio.rs:1015;crates/sdroxide-ui/src/app/settings/radio.rs:1089
settings.radio.attenuator,Attenuator,衰减器,settings.radio,adapter-generated,crates/sdroxide-ui/src/app/settings/radio.rs:4466;crates/sdroxide-ui/src/app/settings/radio.rs:4785;crates/sdroxide-ui/src/app/settings/radio.rs:5212
settings.radio.audio,Audio,音频,settings.radio,adapter-generated,crates/sdroxide-ui/src/app/settings/radio.rs:842
settings.radio.audio_sample_rate,Audio sample rate,音频采样率,settings.radio,adapter-generated,crates/sdroxide-ui/src/app/settings/radio.rs:2934
settings.radio.band,Band,波段,settings.radio,adapter-generated,crates/sdroxide-ui/src/app/settings/radio.rs:8163
settings.radio.band_view,Band view,波段视图,settings.radio,adapter-generated,crates/sdroxide-ui/src/app/settings/radio.rs:2608
settings.radio.band_view_span,Band view span,波段视图范围,settings.radio,adapter-generated,crates/sdroxide-ui/src/app/settings/radio.rs:2644
settings.radio.band_view_speed,Band view speed,波段视图速度,settings.radio,adapter-generated,crates/sdroxide-ui/src/app/settings/radio.rs:2621
settings.radio.baseband_filter,Baseband filter,基带滤波器,settings.radio,adapter-generated,crates/sdroxide-ui/src/app/settings/radio.rs:4124;crates/sdroxide-ui/src/app/settings/radio.rs:6357
settings.radio.baud,Baud,波特率,settings.radio,adapter-generated,crates/sdroxide-ui/src/app/settings/radio.rs:456;crates/sdroxide-ui/src/app/settings/radio.rs:4864
settings.radio.baud_rate_is_ignored_the_port_is_usb,Baud rate is ignored — the port is USB,此端口使用 USB，忽略波特率设置,settings.radio,adapter-generated,crates/sdroxide-ui/src/app/settings/radio.rs:741
settings.radio.bias_tee,Bias tee,偏置供电,settings.radio,adapter-generated,crates/sdroxide-ui/src/app/settings/radio.rs:1828;crates/sdroxide-ui/src/app/settings/radio.rs:2040;crates/sdroxide-ui/src/app/settings/radio.rs:4525;crates/sdroxide-ui/src/app/settings/radio.rs:5268;crates/sdroxide-ui/src/app/settings/radio.rs:5533;crates/sdroxide-ui/src/app/settings/radio.rs:5846;crates/sdroxide-ui/src/app/settings/radio.rs:6405;crates/sdroxide-ui/src/app/settings/radio.rs:7105
settings.radio.bias_tee_vhf,Bias tee (VHF),偏置供电（VHF）,settings.radio,adapter-generated,crates/sdroxide-ui/src/app/settings/radio.rs:4577
settings.radio.blank_station_callsign,blank = station callsign,留空使用本站呼号,settings.radio,adapter-generated,crates/sdroxide-ui/src/app/settings/radio.rs:2604
settings.radio.board,Board,板卡,settings.radio,adapter-generated,crates/sdroxide-ui/src/app/settings/radio.rs:7483
settings.radio.buffer_size,Buffer size,缓冲区大小,settings.radio,adapter-generated,crates/sdroxide-ui/src/app/settings/radio.rs:3441
settings.radio.calibrate_now,Calibrate now,立即校准,settings.radio,adapter-generated,crates/sdroxide-ui/src/app/settings/radio.rs:7687
settings.radio.cat_family,CAT family,CAT 协议系列,settings.radio,adapter-generated,crates/sdroxide-ui/src/app/settings/radio.rs:325
settings.radio.changing_either_reopens_the_radio,Changing either reopens the radio.,修改任一项都会重新打开电台。,settings.radio,adapter-generated,crates/sdroxide-ui/src/app/settings/radio.rs:4149
settings.radio.clock_source,Clock source,时钟源,settings.radio,adapter-generated,crates/sdroxide-ui/src/app/settings/radio.rs:6132
settings.radio.clock_trim,Clock trim,时钟微调,settings.radio,adapter-generated,crates/sdroxide-ui/src/app/settings/radio.rs:4591;crates/sdroxide-ui/src/app/settings/radio.rs:6438
settings.radio.connected_by,Connected by,连接方式,settings.radio,adapter-generated,crates/sdroxide-ui/src/app/settings/radio.rs:8103
settings.radio.control_port,Control port,控制端口,settings.radio,adapter-generated,crates/sdroxide-ui/src/app/settings/radio.rs:2890
settings.radio.copy_diagnostic_report,Copy diagnostic report,复制诊断报告,settings.radio,adapter-generated,crates/sdroxide-ui/src/app/settings/radio.rs:3084;crates/sdroxide-ui/src/app/settings/radio.rs:3519;crates/sdroxide-ui/src/app/settings/radio.rs:3751;crates/sdroxide-ui/src/app/settings/radio.rs:5006;crates/sdroxide-ui/src/app/settings/radio.rs:5298;crates/sdroxide-ui/src/app/settings/radio.rs:5595;crates/sdroxide-ui/src/app/settings/radio.rs:5930;crates/sdroxide-ui/src/app/settings/radio.rs:6551;crates/sdroxide-ui/src/app/settings/radio.rs:8316
settings.radio.corrections,Corrections,校正,settings.radio,adapter-generated,crates/sdroxide-ui/src/app/settings/radio.rs:7661
settings.radio.corrects_the_reference_oscillator,Corrects the reference oscillator.,校正参考振荡器。,settings.radio,adapter-generated,crates/sdroxide-ui/src/app/settings/radio.rs:6446
settings.radio.crystal_tcxo_error_in_ppm_applied_to_rx_and_tx,"Crystal/TCXO error in ppm, applied to RX and TX. Applies immediately.",晶体／TCXO 误差，单位为 ppm，同时应用于接收和发射，立即生效。,settings.radio,adapter-generated,crates/sdroxide-ui/src/app/settings/radio.rs:1391
settings.radio.cw_keying,CW keying,CW 键控,settings.radio,adapter-generated,crates/sdroxide-ui/src/app/settings/radio.rs:565;crates/sdroxide-ui/src/app/settings/radio.rs:2999
settings.radio.dab_notch,DAB notch,DAB 陷波,settings.radio,adapter-generated,crates/sdroxide-ui/src/app/settings/radio.rs:7029
settings.radio.data_bits,Data bits,数据位,settings.radio,adapter-generated,crates/sdroxide-ui/src/app/settings/radio.rs:504
settings.radio.dax_iq_channel,DAX IQ channel,DAX I/Q 通道,settings.radio,adapter-generated,crates/sdroxide-ui/src/app/settings/radio.rs:3664
settings.radio.dc_notch,DC notch,直流陷波,settings.radio,adapter-generated,crates/sdroxide-ui/src/app/settings/radio.rs:291
settings.radio.dc_removal,DC removal,直流消除,settings.radio,adapter-generated,crates/sdroxide-ui/src/app/settings/radio.rs:5560;crates/sdroxide-ui/src/app/settings/radio.rs:5882
settings.radio.device,Device,设备,settings.radio,adapter-generated,crates/sdroxide-ui/src/app/settings/radio.rs:4696
settings.radio.devices,Devices,设备,settings.radio,adapter-generated,crates/sdroxide-ui/src/app/settings/radio.rs:1118
settings.radio.devices_soapysdr_can_see,Devices SoapySDR can see,SoapySDR 可发现的设备,settings.radio,adapter-generated,crates/sdroxide-ui/src/app/settings/radio.rs:3805;crates/sdroxide-ui/src/app/settings/radio.rs:3818
settings.radio.digimode_mode,Digimode mode,数字通信模式,settings.radio,adapter-generated,crates/sdroxide-ui/src/app/settings/radio.rs:549
settings.radio.digital_gain,Digital gain,数字增益,settings.radio,adapter-generated,crates/sdroxide-ui/src/app/settings/radio.rs:2339
settings.radio.discover,Discover,发现设备,settings.radio,adapter-generated,crates/sdroxide-ui/src/app/settings/radio.rs:1123;crates/sdroxide-ui/src/app/settings/radio.rs:3191;crates/sdroxide-ui/src/app/settings/radio.rs:3590
settings.radio.displayed_bandwidth,Displayed bandwidth,显示带宽,settings.radio,adapter-generated,crates/sdroxide-ui/src/app/settings/radio.rs:2987
settings.radio.dither,Dither,抖动,settings.radio,adapter-generated,crates/sdroxide-ui/src/app/settings/radio.rs:4500
settings.radio.diversity_taps,Diversity taps,分集滤波器抽头数,settings.radio,adapter-generated,crates/sdroxide-ui/src/app/settings/radio.rs:6144
settings.radio.dongle,Dongle,接收棒,settings.radio,adapter-generated,crates/sdroxide-ui/src/app/settings/radio.rs:1659
settings.radio.duplex,Duplex,双工,settings.radio,adapter-generated,crates/sdroxide-ui/src/app/settings/radio.rs:3406
settings.radio.extended_if_range,Extended IF range,扩展中频范围,settings.radio,adapter-generated,crates/sdroxide-ui/src/app/settings/radio.rs:6878
settings.radio.filter_board,Filter board,滤波器板,settings.radio,adapter-generated,crates/sdroxide-ui/src/app/settings/radio.rs:1322
settings.radio.filter_length,Filter length,滤波器长度,settings.radio,adapter-generated,crates/sdroxide-ui/src/app/settings/radio.rs:7271;crates/sdroxide-ui/src/app/settings/radio.rs:7813
settings.radio.force_dtr,Force DTR,强制 DTR,settings.radio,adapter-generated,crates/sdroxide-ui/src/app/settings/radio.rs:530
settings.radio.force_rts,Force RTS,强制 RTS,settings.radio,adapter-generated,crates/sdroxide-ui/src/app/settings/radio.rs:527
settings.radio.forget_the_correction_and_learn_it_again,Forget the correction and learn it again.,清除校正值并重新学习。,settings.radio,adapter-generated,crates/sdroxide-ui/src/app/settings/radio.rs:7949
settings.radio.frequency_calibration,Frequency calibration,频率校准,settings.radio,adapter-generated,crates/sdroxide-ui/src/app/settings/radio.rs:5242
settings.radio.frequency_correction,Frequency correction,频率校正,settings.radio,adapter-generated,crates/sdroxide-ui/src/app/settings/radio.rs:1390;crates/sdroxide-ui/src/app/settings/radio.rs:1765;crates/sdroxide-ui/src/app/settings/radio.rs:1973;crates/sdroxide-ui/src/app/settings/radio.rs:3356;crates/sdroxide-ui/src/app/settings/radio.rs:6931
settings.radio.from_radio_rx,From radio (RX),来自电台（接收）,settings.radio,adapter-generated,crates/sdroxide-ui/src/app/settings/radio.rs:1001
settings.radio.full_band_strip,Full-band strip,全带宽显示条,settings.radio,adapter-generated,crates/sdroxide-ui/src/app/settings/radio.rs:2376
settings.radio.full_duplex,Full duplex,全双工,settings.radio,adapter-generated,crates/sdroxide-ui/src/app/settings/radio.rs:3381
settings.radio.gain,Gain,增益,settings.radio,adapter-generated,crates/sdroxide-ui/src/app/settings/radio.rs:2320;crates/sdroxide-ui/src/app/settings/radio.rs:5483;crates/sdroxide-ui/src/app/settings/radio.rs:5792
settings.radio.gain_curve,Gain curve,增益曲线,settings.radio,adapter-generated,crates/sdroxide-ui/src/app/settings/radio.rs:5470;crates/sdroxide-ui/src/app/settings/radio.rs:5779
settings.radio.gui_client_id,GUI client ID,界面客户端 ID,settings.radio,adapter-generated,crates/sdroxide-ui/src/app/settings/radio.rs:3691
settings.radio.hdr_filter,HDR filter,HDR 滤波器,settings.radio,adapter-generated,crates/sdroxide-ui/src/app/settings/radio.rs:7081
settings.radio.hdr_mode,HDR mode,HDR 模式,settings.radio,adapter-generated,crates/sdroxide-ui/src/app/settings/radio.rs:7050
settings.radio.hf_reception,HF reception,HF 接收,settings.radio,adapter-generated,crates/sdroxide-ui/src/app/settings/radio.rs:1782;crates/sdroxide-ui/src/app/settings/radio.rs:1994
settings.radio.host_dsp,Host DSP,本机 DSP,settings.radio,adapter-generated,crates/sdroxide-ui/src/app/settings/radio.rs:5280
settings.radio.i_q_bandwidth,I/Q bandwidth,I/Q 带宽,settings.radio,adapter-generated,crates/sdroxide-ui/src/app/settings/radio.rs:2248
settings.radio.i_q_centre_offset,I/Q centre offset,I/Q 中心偏移,settings.radio,adapter-generated,crates/sdroxide-ui/src/app/settings/radio.rs:247
settings.radio.i_q_correction,I/Q correction,I/Q 校正,settings.radio,adapter-generated,crates/sdroxide-ui/src/app/settings/radio.rs:2494
settings.radio.i_q_mode_is_switched_on_at_the_radio,I/Q mode is switched on at the radio,I/Q 模式已在电台端启用,settings.radio,adapter-generated,crates/sdroxide-ui/src/app/settings/radio.rs:756
settings.radio.i_q_sample_rate,I/Q sample rate,I/Q 采样率,settings.radio,adapter-generated,crates/sdroxide-ui/src/app/settings/radio.rs:218
settings.radio.if_bandwidth,IF bandwidth,中频带宽,settings.radio,adapter-generated,crates/sdroxide-ui/src/app/settings/radio.rs:6777
settings.radio.if_gain_reduction,IF gain reduction,中频增益衰减,settings.radio,adapter-generated,crates/sdroxide-ui/src/app/settings/radio.rs:2110;crates/sdroxide-ui/src/app/settings/radio.rs:6852
settings.radio.if_spectrum,IF spectrum,中频频谱,settings.radio,adapter-generated,crates/sdroxide-ui/src/app/settings/radio.rs:2961
settings.radio.input,Input,输入,settings.radio,adapter-generated,crates/sdroxide-ui/src/app/settings/radio.rs:6039
settings.radio.invert_spectrum,Invert spectrum,反转频谱,settings.radio,adapter-generated,crates/sdroxide-ui/src/app/settings/radio.rs:205;crates/sdroxide-ui/src/app/settings/radio.rs:1380;crates/sdroxide-ui/src/app/settings/radio.rs:3707
settings.radio.io_board_rx_input,IO board RX input,I/O 板接收输入,settings.radio,adapter-generated,crates/sdroxide-ui/src/app/settings/radio.rs:1349
settings.radio.iq_correction,IQ correction,I/Q 校正,settings.radio,adapter-generated,crates/sdroxide-ui/src/app/settings/radio.rs:272;crates/sdroxide-ui/src/app/settings/radio.rs:1806;crates/sdroxide-ui/src/app/settings/radio.rs:2019;crates/sdroxide-ui/src/app/settings/radio.rs:6419
settings.radio.iq_sample_rate,IQ sample rate,I/Q 采样率,settings.radio,adapter-generated,crates/sdroxide-ui/src/app/settings/radio.rs:2777;crates/sdroxide-ui/src/app/settings/radio.rs:3634
settings.radio.its_gain,Its gain,增益,settings.radio,adapter-generated,crates/sdroxide-ui/src/app/settings/radio.rs:7766
settings.radio.its_if_gain_reduction,Its IF gain reduction,中频增益衰减,settings.radio,adapter-generated,crates/sdroxide-ui/src/app/settings/radio.rs:7245
settings.radio.its_lna_state,Its LNA state,LNA 状态,settings.radio,adapter-generated,crates/sdroxide-ui/src/app/settings/radio.rs:7222
settings.radio.its_socket,Its socket,接口,settings.radio,adapter-generated,crates/sdroxide-ui/src/app/settings/radio.rs:7725
settings.radio.let_the_tuner_run_its_own_lna_and_mixer_loops,Let the tuner run its own LNA and mixer loops.,由调谐器自行控制 LNA 和混频器。,settings.radio,adapter-generated,crates/sdroxide-ui/src/app/settings/radio.rs:4565
settings.radio.limerfe_front_end,LimeRFE front end,LimeRFE 前端,settings.radio,adapter-generated,crates/sdroxide-ui/src/app/settings/radio.rs:8092
settings.radio.lna_gain,LNA gain,LNA 增益,settings.radio,adapter-generated,crates/sdroxide-ui/src/app/settings/radio.rs:1208;crates/sdroxide-ui/src/app/settings/radio.rs:6106;crates/sdroxide-ui/src/app/settings/radio.rs:6309
settings.radio.lna_state,LNA state,LNA 状态,settings.radio,adapter-generated,crates/sdroxide-ui/src/app/settings/radio.rs:2098;crates/sdroxide-ui/src/app/settings/radio.rs:6903
settings.radio.manual_gain,Manual gain,手动增益,settings.radio,adapter-generated,crates/sdroxide-ui/src/app/settings/radio.rs:2702
settings.radio.manual_ip,Manual IP,手动 IP 地址,settings.radio,adapter-generated,crates/sdroxide-ui/src/app/settings/radio.rs:1150
settings.radio.mode_control,Mode control,模式控制,settings.radio,adapter-generated,crates/sdroxide-ui/src/app/settings/radio.rs:545;crates/sdroxide-ui/src/app/settings/radio.rs:4958
settings.radio.network_mtu,Network MTU,网络 MTU,settings.radio,adapter-generated,crates/sdroxide-ui/src/app/settings/radio.rs:3719
settings.radio.network_user,Network user,网络用户名,settings.radio,adapter-generated,crates/sdroxide-ui/src/app/settings/radio.rs:2895
settings.radio.no_airspy_r2_or_mini_found_press_rescan,No Airspy R2 or Mini found — press Rescan,未发现 Airspy R2 或 Mini，请点击“重新扫描”,settings.radio,adapter-generated,crates/sdroxide-ui/src/app/settings/radio.rs:5408
settings.radio.no_device,no device,无设备,settings.radio,adapter-generated,crates/sdroxide-ui/src/app/settings/radio.rs:3909
settings.radio.no_devices_press_discover,no devices — press Discover,无设备，请点击“发现设备”,settings.radio,adapter-generated,crates/sdroxide-ui/src/app/settings/radio.rs:1131
settings.radio.no_devices_press_rescan,no devices — press Rescan,无设备，请点击“重新扫描”,settings.radio,adapter-generated,crates/sdroxide-ui/src/app/settings/radio.rs:4718
settings.radio.no_dongles_press_rescan,no dongles — press Rescan,无接收棒，请点击“重新扫描”,settings.radio,adapter-generated,crates/sdroxide-ui/src/app/settings/radio.rs:1680
settings.radio.no_fobos_sdr_found_press_rescan,No Fobos SDR found — press Rescan,未发现 Fobos SDR，请点击“重新扫描”,settings.radio,adapter-generated,crates/sdroxide-ui/src/app/settings/radio.rs:6023
settings.radio.no_hackrf_found_press_rescan,No HackRF found — press Rescan,未发现 HackRF，请点击“重新扫描”,settings.radio,adapter-generated,crates/sdroxide-ui/src/app/settings/radio.rs:6269
settings.radio.no_hydrasdr_rfone_found_press_rescan,No HydraSDR RFOne found — press Rescan,未发现 HydraSDR RFOne，请点击“重新扫描”,settings.radio,adapter-generated,crates/sdroxide-ui/src/app/settings/radio.rs:5690
settings.radio.no_radios_press_discover,no radios — press Discover,无电台，请点击“发现设备”,settings.radio,adapter-generated,crates/sdroxide-ui/src/app/settings/radio.rs:3199;crates/sdroxide-ui/src/app/settings/radio.rs:3598
settings.radio.no_receivers_press_rescan,no receivers — press Rescan,无接收机，请点击“重新扫描”,settings.radio,adapter-generated,crates/sdroxide-ui/src/app/settings/radio.rs:5116
settings.radio.no_rsps_press_rescan_needs_the_sdrplay_api_service,no RSPs — press Rescan (needs the SDRplay API service),未发现 RSP，请点击“重新扫描”（需要 SDRplay API 服务）,settings.radio,adapter-generated,crates/sdroxide-ui/src/app/settings/radio.rs:6725
settings.radio.no_rx_888_found_press_rescan,No RX-888 found — press Rescan,未发现 RX-888，请点击“重新扫描”,settings.radio,adapter-generated,crates/sdroxide-ui/src/app/settings/radio.rs:4281
settings.radio.not_enumerated_yet_press_rescan,Not enumerated yet — press Rescan.,尚未枚举设备，请点击“重新扫描”。,settings.radio,adapter-generated,crates/sdroxide-ui/src/app/settings/radio.rs:3834
settings.radio.notches,Notches,陷波,settings.radio,adapter-generated,crates/sdroxide-ui/src/app/settings/radio.rs:2154
settings.radio.off,Off,关闭,settings.radio,adapter-generated,crates/sdroxide-ui/src/app/settings/radio.rs:156
settings.radio.on,On,开启,settings.radio,adapter-generated,crates/sdroxide-ui/src/app/settings/radio.rs:153
settings.radio.open_collector_outputs_by_band,Open-collector outputs by band,各波段的开集电极输出,settings.radio,adapter-generated,crates/sdroxide-ui/src/app/settings/radio.rs:1510
settings.radio.other,Other,其他,settings.radio,adapter-generated,crates/sdroxide-ui/src/app/settings/radio.rs:1574;crates/sdroxide-ui/src/app/settings/radio.rs:8205
settings.radio.overload_protection,Overload protection,过载保护,settings.radio,adapter-generated,crates/sdroxide-ui/src/app/settings/radio.rs:1235
settings.radio.panadapter_bw,Panadapter BW,频谱显示带宽,settings.radio,adapter-generated,crates/sdroxide-ui/src/app/settings/radio.rs:315
settings.radio.panadapter_width,Panadapter width,频谱显示宽度,settings.radio,adapter-generated,crates/sdroxide-ui/src/app/settings/radio.rs:4367
settings.radio.parity,Parity,奇偶校验,settings.radio,adapter-generated,crates/sdroxide-ui/src/app/settings/radio.rs:519
settings.radio.password,Password,密码,settings.radio,adapter-generated,crates/sdroxide-ui/src/app/settings/radio.rs:2582;crates/sdroxide-ui/src/app/settings/radio.rs:2902
settings.radio.poll_rate,Poll rate,轮询频率,settings.radio,adapter-generated,crates/sdroxide-ui/src/app/settings/radio.rs:584;crates/sdroxide-ui/src/app/settings/radio.rs:4968
settings.radio.power_amplifier,Power amplifier,功率放大器,settings.radio,adapter-generated,crates/sdroxide-ui/src/app/settings/radio.rs:1369
settings.radio.powers_an_active_antenna_or_preamp_down_the_coax,Powers an active antenna or preamp down the coax.,通过同轴馈线为有源天线或前置放大器供电。,settings.radio,adapter-generated,crates/sdroxide-ui/src/app/settings/radio.rs:4528;crates/sdroxide-ui/src/app/settings/radio.rs:4580;crates/sdroxide-ui/src/app/settings/radio.rs:5536;crates/sdroxide-ui/src/app/settings/radio.rs:7109
settings.radio.pre_selection_filters,Pre-selection filters,预选滤波器,settings.radio,adapter-generated,crates/sdroxide-ui/src/app/settings/radio.rs:4798
settings.radio.preamp,Preamp,前置放大器,settings.radio,adapter-generated,crates/sdroxide-ui/src/app/settings/radio.rs:5230
settings.radio.press_apply_to_reopen_the_radio,Press Apply to reopen the radio.,点击“应用”重新打开电台。,settings.radio,adapter-generated,crates/sdroxide-ui/src/app/settings/radio.rs:5046
settings.radio.press_rescan_to_list_the_sound_cards,press Rescan to list the sound cards,点击“重新扫描”列出声卡,settings.radio,adapter-generated,crates/sdroxide-ui/src/app/settings/radio.rs:4998
settings.radio.ptt_method,PTT method,PTT 方式,settings.radio,adapter-generated,crates/sdroxide-ui/src/app/settings/radio.rs:535;crates/sdroxide-ui/src/app/settings/radio.rs:4903
settings.radio.ptt_pins,PTT pins,PTT 引脚,settings.radio,adapter-generated,crates/sdroxide-ui/src/app/settings/radio.rs:3417
settings.radio.radio,Radio,电台,settings.radio,adapter-generated,crates/sdroxide-ui/src/app/settings/radio.rs:637;crates/sdroxide-ui/src/app/settings/radio.rs:700;crates/sdroxide-ui/src/app/settings/radio.rs:720;crates/sdroxide-ui/src/app/settings/radio.rs:783;crates/sdroxide-ui/src/app/settings/radio.rs:828;crates/sdroxide-ui/src/app/settings/radio.rs:6247
settings.radio.radio_address,Radio address,电台地址,settings.radio,adapter-generated,crates/sdroxide-ui/src/app/settings/radio.rs:2878
settings.radio.radio_audio_sound_card,Radio audio (sound card),电台音频（声卡）,settings.radio,adapter-generated,crates/sdroxide-ui/src/app/settings/radio.rs:991
settings.radio.radio_id_hex,Radio ID (hex),电台 ID（十六进制）,settings.radio,adapter-generated,crates/sdroxide-ui/src/app/settings/radio.rs:909
settings.radio.radio_model,Radio model,电台型号,settings.radio,adapter-generated,crates/sdroxide-ui/src/app/settings/radio.rs:874
settings.radio.radio_power,Radio power,电台电源,settings.radio,adapter-generated,crates/sdroxide-ui/src/app/settings/radio.rs:136
settings.radio.radios,Radios,电台,settings.radio,adapter-generated,crates/sdroxide-ui/src/app/settings/radio.rs:3181;crates/sdroxide-ui/src/app/settings/radio.rs:3580
settings.radio.randomiser,Randomiser,随机化器,settings.radio,adapter-generated,crates/sdroxide-ui/src/app/settings/radio.rs:4517
settings.radio.receive_antenna,Receive antenna,接收天线,settings.radio,adapter-generated,crates/sdroxide-ui/src/app/settings/radio.rs:102
settings.radio.receive_attenuator,Receive attenuator,接收衰减器,settings.radio,adapter-generated,crates/sdroxide-ui/src/app/settings/radio.rs:8192
settings.radio.receive_chain,Receive chain,接收链,settings.radio,adapter-generated,crates/sdroxide-ui/src/app/settings/radio.rs:7527
settings.radio.receive_connector,Receive connector,接收接口,settings.radio,adapter-generated,crates/sdroxide-ui/src/app/settings/radio.rs:8143
settings.radio.receive_from,Receive from,接收来源,settings.radio,adapter-generated,crates/sdroxide-ui/src/app/settings/radio.rs:2912
settings.radio.receive_gain,Receive gain,接收增益,settings.radio,adapter-generated,crates/sdroxide-ui/src/app/settings/radio.rs:7570
settings.radio.receive_port,Receive port,接收端口,settings.radio,adapter-generated,crates/sdroxide-ui/src/app/settings/radio.rs:7590
settings.radio.receive_radio_pc,Receive (radio → PC),接收（电台 → 电脑）,settings.radio,adapter-generated,crates/sdroxide-ui/src/app/settings/radio.rs:1059
settings.radio.receiver,Receiver,接收机,settings.radio,adapter-generated,crates/sdroxide-ui/src/app/settings/radio.rs:2793;crates/sdroxide-ui/src/app/settings/radio.rs:3233;crates/sdroxide-ui/src/app/settings/radio.rs:4257;crates/sdroxide-ui/src/app/settings/radio.rs:5091;crates/sdroxide-ui/src/app/settings/radio.rs:5386;crates/sdroxide-ui/src/app/settings/radio.rs:5667;crates/sdroxide-ui/src/app/settings/radio.rs:6001;crates/sdroxide-ui/src/app/settings/radio.rs:6698
settings.radio.receiver_address,Receiver address,接收机地址,settings.radio,adapter-generated,crates/sdroxide-ui/src/app/settings/radio.rs:2566
settings.radio.receiver_agc,Receiver AGC,接收机 AGC,settings.radio,adapter-generated,crates/sdroxide-ui/src/app/settings/radio.rs:2680
settings.radio.receiver_ddc,Receiver (DDC),接收机（DDC）,settings.radio,adapter-generated,crates/sdroxide-ui/src/app/settings/radio.rs:1185
settings.radio.reconnects_the_radio_without_restarting,Reconnects the radio without restarting.,重新连接电台，无需重启。,settings.radio,adapter-generated,crates/sdroxide-ui/src/app/settings/radio.rs:1022;crates/sdroxide-ui/src/app/settings/radio.rs:1096
settings.radio.reference_out,Reference out,参考时钟输出,settings.radio,adapter-generated,crates/sdroxide-ui/src/app/settings/radio.rs:2175
settings.radio.relays,Relays,继电器,settings.radio,adapter-generated,crates/sdroxide-ui/src/app/settings/radio.rs:8182
settings.radio.remembered_for_the_next_start,Remembered for the next start.,保存供下次启动使用。,settings.radio,adapter-generated,crates/sdroxide-ui/src/app/settings/radio.rs:4011
settings.radio.reopen_the_cat_rig_with_these_sound_cards_no_restart,Reopen the CAT rig with these sound cards — no restart,使用这些声卡重新打开 CAT 电台，无需重启,settings.radio,adapter-generated,crates/sdroxide-ui/src/app/settings/radio.rs:1016
settings.radio.reopen_the_radio_with_these_sound_cards_no_restart,Reopen the radio with these sound cards — no restart,使用这些声卡重新打开电台，无需重启,settings.radio,adapter-generated,crates/sdroxide-ui/src/app/settings/radio.rs:1090
settings.radio.rescan,Rescan,重新扫描,settings.radio,adapter-generated,crates/sdroxide-ui/src/app/settings/radio.rs:1665;crates/sdroxide-ui/src/app/settings/radio.rs:3821;crates/sdroxide-ui/src/app/settings/radio.rs:4263;crates/sdroxide-ui/src/app/settings/radio.rs:4700;crates/sdroxide-ui/src/app/settings/radio.rs:5097;crates/sdroxide-ui/src/app/settings/radio.rs:5390;crates/sdroxide-ui/src/app/settings/radio.rs:5671;crates/sdroxide-ui/src/app/settings/radio.rs:6005;crates/sdroxide-ui/src/app/settings/radio.rs:6251;crates/sdroxide-ui/src/app/settings/radio.rs:6704;crates/sdroxide-ui/src/app/settings/radio.rs:7516
settings.radio.restart,Restart,重新启动,settings.radio,adapter-generated,crates/sdroxide-ui/src/app/settings/radio.rs:7334;crates/sdroxide-ui/src/app/settings/radio.rs:7875;crates/sdroxide-ui/src/app/settings/radio.rs:7948
settings.radio.rf_amp,RF amp,射频放大器,settings.radio,adapter-generated,crates/sdroxide-ui/src/app/settings/radio.rs:6340;crates/sdroxide-ui/src/app/settings/radio.rs:6501
settings.radio.rf_input,RF input,射频输入,settings.radio,adapter-generated,crates/sdroxide-ui/src/app/settings/radio.rs:5751
settings.radio.rig_control_fdm_duo_only,Rig control — FDM-DUO only,电台控制，仅适用于 FDM-DUO,settings.radio,adapter-generated,crates/sdroxide-ui/src/app/settings/radio.rs:4814
settings.radio.rx_gain,RX gain,接收增益,settings.radio,adapter-generated,crates/sdroxide-ui/src/app/settings/radio.rs:3316
settings.radio.rx_gains,RX gains,接收增益,settings.radio,adapter-generated,crates/sdroxide-ui/src/app/settings/radio.rs:3917
settings.radio.rx_tx_port,RX / TX port,接收／发射端口,settings.radio,adapter-generated,crates/sdroxide-ui/src/app/settings/radio.rs:3483
settings.radio.sample_format,Sample format,采样格式,settings.radio,adapter-generated,crates/sdroxide-ui/src/app/settings/radio.rs:2300
settings.radio.sample_rate,Sample rate,采样率,settings.radio,adapter-generated,crates/sdroxide-ui/src/app/settings/radio.rs:1164;crates/sdroxide-ui/src/app/settings/radio.rs:1707;crates/sdroxide-ui/src/app/settings/radio.rs:1898;crates/sdroxide-ui/src/app/settings/radio.rs:3255;crates/sdroxide-ui/src/app/settings/radio.rs:4077;crates/sdroxide-ui/src/app/settings/radio.rs:4739;crates/sdroxide-ui/src/app/settings/radio.rs:5144;crates/sdroxide-ui/src/app/settings/radio.rs:5425;crates/sdroxide-ui/src/app/settings/radio.rs:5706;crates/sdroxide-ui/src/app/settings/radio.rs:6076;crates/sdroxide-ui/src/app/settings/radio.rs:6286;crates/sdroxide-ui/src/app/settings/radio.rs:6751;crates/sdroxide-ui/src/app/settings/radio.rs:7555
settings.radio.scope_span,Scope span,频谱范围,settings.radio,adapter-generated,crates/sdroxide-ui/src/app/settings/radio.rs:941;crates/sdroxide-ui/src/app/settings/radio.rs:3039
settings.radio.sdrplay_server_rsp_tcp,SDRplay server (rsp_tcp),SDRplay 服务器（rsp_tcp）,settings.radio,adapter-generated,crates/sdroxide-ui/src/app/settings/radio.rs:2073
settings.radio.second_aerial,Second aerial,第二副天线,settings.radio,adapter-generated,crates/sdroxide-ui/src/app/settings/radio.rs:7701
settings.radio.second_tuner,Second tuner,第二个调谐器,settings.radio,adapter-generated,crates/sdroxide-ui/src/app/settings/radio.rs:7135
settings.radio.send_command,Send command,发送命令,settings.radio,adapter-generated,crates/sdroxide-ui/src/app/settings/radio.rs:612
settings.radio.serial_port,Serial port,串口,settings.radio,adapter-generated,crates/sdroxide-ui/src/app/settings/radio.rs:431;crates/sdroxide-ui/src/app/settings/radio.rs:4839;crates/sdroxide-ui/src/app/settings/radio.rs:8114
settings.radio.server_address,Server address,服务器地址,settings.radio,adapter-generated,crates/sdroxide-ui/src/app/settings/radio.rs:1883;crates/sdroxide-ui/src/app/settings/radio.rs:2233;crates/sdroxide-ui/src/app/settings/radio.rs:2768
settings.radio.sound_format,Sound format,音频格式,settings.radio,adapter-generated,crates/sdroxide-ui/src/app/settings/radio.rs:198
settings.radio.station_name,Station name,本站名称,settings.radio,adapter-generated,crates/sdroxide-ui/src/app/settings/radio.rs:3680
settings.radio.stop_bits,Stop bits,停止位,settings.radio,adapter-generated,crates/sdroxide-ui/src/app/settings/radio.rs:523
settings.radio.stream,Stream,数据流,settings.radio,adapter-generated,crates/sdroxide-ui/src/app/settings/radio.rs:4075
settings.radio.stream_delay,Stream delay,数据流延迟,settings.radio,adapter-generated,crates/sdroxide-ui/src/app/settings/radio.rs:2817
settings.radio.strip_db_window,Strip dB window,显示条电平范围（dB）,settings.radio,adapter-generated,crates/sdroxide-ui/src/app/settings/radio.rs:2441
settings.radio.table_steps,Table steps,增益表步数,settings.radio,adapter-generated,crates/sdroxide-ui/src/app/settings/radio.rs:7886
settings.radio.test_connection,Test connection,测试连接,settings.radio,adapter-generated,crates/sdroxide-ui/src/app/settings/radio.rs:2517;crates/sdroxide-ui/src/app/settings/radio.rs:2727;crates/sdroxide-ui/src/app/settings/radio.rs:2838;crates/sdroxide-ui/src/app/settings/radio.rs:3080;crates/sdroxide-ui/src/app/settings/radio.rs:3509;crates/sdroxide-ui/src/app/settings/radio.rs:3741
settings.radio.testing,Testing…,正在测试…,settings.radio,adapter-generated,crates/sdroxide-ui/src/app/settings/radio.rs:3129
settings.radio.text_103_a2a62b,"The radio's separate receiving antenna — RX ANT on the back — switched into the receive path or out of it. Its own setting, the same one as the radio's RX ANT button.

The aerial on the main socket stays on transmit either way: this is an extra input for receiving, a loop or a beverage, not a choice of socket.

Unlike the antenna above, this is *not* remembered here. The radio holds it per band itself, so sdroxide reads it back after every band change and shows what the radio says; ticking this box is the only thing that moves it.","将后面板 RX ANT 独立接收天线接入或移出接收路径，与电台自身的 RX ANT 按钮相同。

无论此项如何设置，发射均使用主天线接口。此输入用于接收环、Beverage 等独立接收天线，并非切换主天线接口。

与上方主天线选择不同，此项不在 SDRoxide 中保存。电台自行按波段保存状态；每次换波段后，SDRoxide 读取并显示电台状态。只有勾选此项才会改变它。",settings.radio,adapter-generated,crates/sdroxide-ui/src/app/settings/radio.rs:103
settings.radio.text_1041_7356f5,Waiting for the configuration of the machine the radio is attached to.,正在等待连接电台的电脑提供配置。,settings.radio,adapter-generated,crates/sdroxide-ui/src/app/settings/radio.rs:1041
settings.radio.text_1049_21cf7a,Waiting for the sound cards on the machine the radio is plugged into.,正在等待连接电台的电脑提供声卡列表。,settings.radio,adapter-generated,crates/sdroxide-ui/src/app/settings/radio.rs:1049
settings.radio.text_1060_9e3228,The sound card the radio's own audio comes in on — its headphone socket into the computer's line or mic input. Everything on the panadapter and in the decoders arrives here.,接收电台音频的声卡，即从电台耳机插口接入电脑线路输入或麦克风输入。频谱与解码器的全部数据均来自此处。,settings.radio,adapter-generated,crates/sdroxide-ui/src/app/settings/radio.rs:1060
settings.radio.text_1069_9764b9,"The sound card that carries the audio the radio must broadcast — the computer's output into the radio's mic socket. The radio keys itself, by VOX, the moment audio arrives here, so this device is silent unless the radio is being transmitted through.",将电脑输出接入电台麦克风插口，用于发送音频的声卡。音频到达时，电台会通过 VOX 自动启动发射，因此除实际通过此电台发射外，该设备保持静音。,settings.radio,adapter-generated,crates/sdroxide-ui/src/app/settings/radio.rs:1069
settings.radio.text_1082_658e80,"This radio has no control cable — it keys itself off VOX, so there is no PTT to command. Transmit is audio into the radio's microphone.",此电台没有控制线，使用 VOX 自动启动发射，因此没有可发送的 PTT 命令。发射通过向电台麦克风输入音频完成。,settings.radio,adapter-generated,crates/sdroxide-ui/src/app/settings/radio.rs:1082
settings.radio.text_1114_7356f5,Waiting for the configuration of the machine the radio is attached to.,正在等待连接电台的电脑提供配置。,settings.radio,adapter-generated,crates/sdroxide-ui/src/app/settings/radio.rs:1114
settings.radio.text_1201_322c03,"A Protocol 2 board carries several independently tunable receivers (DDCs) on one connection — run this radio on DDC1 and another radio, same address, on DDC2. The transmitter belongs to the DDC1 radio. Protocol 1 boards have DDC1 only.",Protocol 2 板卡可在同一连接上提供多个独立调谐的接收机（DDC）。例如本电台使用 DDC1，另一电台使用相同地址的 DDC2。发射机属于使用 DDC1 的电台。Protocol 1 板卡只有 DDC1。,settings.radio,adapter-generated,crates/sdroxide-ui/src/app/settings/radio.rs:1201
settings.radio.text_1209_856c3c,Front-end gain of a Hermes-Lite 2. Takes effect immediately — no reconnect — and is remembered as the level the radio starts at. Too high clips the ADC and the whole band looks distorted; too low and the receiver goes deaf.,Hermes-Lite 2 的前端增益，立即生效，无需重新连接，并保存为下次启动值。过高会使 ADC 削顶，整个波段失真；过低会降低接收灵敏度。,settings.radio,adapter-generated,crates/sdroxide-ui/src/app/settings/radio.rs:1209
settings.radio.text_1236_f6629c,"Back the LNA gain off by itself while the board reports its ADC overflowing, and let it back up once it stops.

A Hermes-Lite 2 samples the whole of 0-38 MHz onto one 12-bit converter with no mixer and no preselector in front of it, so a broadcast station a band away can drive it into overflow while the band you are looking at shows nothing wrong at all — the noise floor climbs, everything intermodulates and the decoders stop. The board knows, and this is what acts on it.

Off by default: it moves a control you set. Nothing happens while transmitting.","板卡报告 ADC 溢出时自动降低 LNA 增益，溢出停止后逐步恢复。

Hermes-Lite 2 将整个 0–38 MHz 直接采样到一个 12 位 ADC，前端没有混频器或预选器。因此，相隔一个波段的强广播台也可能使 ADC 溢出，而当前所看波段并无明显强信号。此时底噪上升、互调增多、解码停止。本功能根据板卡的溢出报告处理。

默认关闭，因为它会改变手动设置的增益。发射期间不动作。",settings.radio,adapter-generated,crates/sdroxide-ui/src/app/settings/radio.rs:1236
settings.radio.text_1251_7e3d47,"Applies on Apply / reconnect. The main window's Gain rail reads the gain the board is actually running, so it follows the loop and you can watch what it does; the slider above is the level the radio starts at, and the loop does not rewrite it.",点击“应用／重新连接”后生效。主窗口增益滑轨读取板卡实际运行值，会跟随自动控制过程，便于观察。上方滑块仅设置启动增益，自动控制不会改写它。,settings.radio,adapter-generated,crates/sdroxide-ui/src/app/settings/radio.rs:1251
settings.radio.text_1260_b1fbf6,"How far the gain moves each time, in dB. One is the step the board's own gain register has.",每次增益变化的 dB 数。1 dB 为板卡增益寄存器的原生步进。,settings.radio,adapter-generated,crates/sdroxide-ui/src/app/settings/radio.rs:1260
settings.radio.text_1272_660e81,"How often the gain may come down while the converter is overflowing, and how often it may go back up once it has stopped.

The two are deliberately a hundred times apart. Retreat immediately: every millisecond of overflow is a receiver full of intermodulation. Return slowly: whatever caused it — a neighbour keying, a broadcaster coming up at dusk — has usually not gone away, and a loop that recovered as fast as it retreated would spend the evening oscillating across the threshold. 100 ms and 10 s per decibel is what PowerSDR's Auto S-Att and N1GP's HermesIntf have both used.","ADC 溢出时降低增益的间隔，以及溢出结束后恢复增益的间隔。

两者刻意相差一百倍：溢出每持续一毫秒，接收机就充满互调，因此应立即降低；引起过载的邻近发射机或傍晚增强的广播台通常尚未消失，所以应缓慢恢复，否则增益会反复越过阈值。PowerSDR 的 Auto S-Att 和 N1GP 的 HermesIntf 均使用每 dB 降低 100 ms、恢复 10 s 的设置。",settings.radio,adapter-generated,crates/sdroxide-ui/src/app/settings/radio.rs:1272
settings.radio.text_1299_b35844,"The lowest and highest gain the loop may use, in dB. The ceiling is what stops it deciding how sensitive your receiver should be; the floor is where you say that below some point the overload is somebody else's problem and the answer is a filter, not another twenty decibels.",自动控制可使用的最低及最高增益，单位为 dB。上限限制控制环提高灵敏度的程度；下限表示再降低增益也无法合理解决的过载，此时应增加滤波，而不是继续降低二十 dB。,settings.radio,adapter-generated,crates/sdroxide-ui/src/app/settings/radio.rs:1299
settings.radio.text_1323_1b3bf1,"Accessory board on the Hermes-Lite 2's J16 header (or the open-collector outputs of any other openHPSDR board — Protocol 2 included). ""N2ADR"" picks one relay per band; ""Alex / Hermes band code"" puts the band number on outputs 1-4, which is what an ANAN's Alex board, a Zeus SDR, a HiQSDR and Quisk expect. ""Custom"" opens a table below where you state the seven outputs yourself, band by band, on receive and on transmit — for an antenna switch, an amplifier's band decoder or anything else neither preset fits; either preset can be poured into it as a starting point. Leave this at ""None"" unless something really is fitted: those seven pins are general-purpose open-collector outputs, and operators also wire them to amplifier PTT, antenna relays and transverter switching. Driving them from band data would start operating whatever is connected. Applies on Apply / reconnect.","Hermes-Lite 2 J16 接头上的扩展板，或其他 openHPSDR 板卡的开集电极输出，包括 Protocol 2。“N2ADR”按波段选择一个继电器；“Alex／Hermes 波段编码”在输出 1–4 上提供波段编号，适用于 ANAN 的 Alex 板、Zeus SDR、HiQSDR 及 Quisk。“自定义”打开下方表格，逐波段设置接收及发射时的七个输出，可用于天线切换器、放大器波段译码或其他用途，也可从任一预设复制后修改。

没有实际扩展硬件时请设为“无”。这些引脚是通用开集电极输出，也可能连接放大器 PTT、天线继电器或变频收发器；按波段驱动会直接操作所连接设备。点击“应用／重新连接”后生效。",settings.radio,adapter-generated,crates/sdroxide-ui/src/app/settings/radio.rs:1323
settings.radio.text_1350_5d2018,"Where an N2ADR HL2IOBoard takes its receive signal from. The board itself is found automatically and needs no setting; this one exists only for operators who have wired its own SMA jacks. Leave it at ""Radio's own input"" otherwise — selecting the IO board's J9 with nothing connected to it leaves the receiver deaf. Applies on Apply / reconnect. Set to either J9 choice, the inputs also appear on the ANT control and are remembered per band.",N2ADR HL2IOBoard 的接收输入。板卡自动发现，无需设置；此项仅用于连接了其 SMA 接口的用户。其他情况保持“电台自身输入”，否则选择未连接的 J9 会使接收机无信号。点击“应用／重新连接”后生效。选择任一 J9 输入后，也会出现在 ANT 控件中，并按波段保存。,settings.radio,adapter-generated,crates/sdroxide-ui/src/app/settings/radio.rs:1350
settings.radio.text_1370_886622,Use the Hermes-Lite 2's onboard PA,使用 Hermes-Lite 2 的板载功放,settings.radio,adapter-generated,crates/sdroxide-ui/src/app/settings/radio.rs:1370
settings.radio.text_1372_9e3943,"On by default, and what you want unless an external amplifier is driven from the board's low-power RF1 output. With it off the radio still keys — the T/R relay throws and any accessory board follows — but the antenna jack makes no power at all, and the relay is deliberately held in receive. Ignored on boards other than a Hermes-Lite.",默认启用，除非使用板卡低功率 RF1 输出驱动外置放大器。关闭后仍会启动发射控制，收发继电器及扩展板跟随，但天线接口不输出功率，继电器保持接收状态。非 Hermes-Lite 板卡忽略此项。,settings.radio,adapter-generated,crates/sdroxide-ui/src/app/settings/radio.rs:1372
settings.radio.text_137_e1fa78,"Switch the radio itself off, and back on again, over the control link. This is the one true on/off in the program — not sdroxide's own LINK switch, which closes sdroxide's end and leaves the radio running.

For the switch back on to reach anything, the radio's control end has to stay awake while it is off. Over the network that is what Network Control does. Over a serial cable it is the radio's CI-V port, which stays powered from the mains supply on a set that is switched off at the front rather than unplugged; sdroxide sends the wake-up run Icom's own documentation asks for in front of the power-on.

Switching off ends the audio and the meters — there is no radio behind them — and sdroxide keeps the control link open so the switch back on has somewhere to go.","通过控制连接关闭或开启电台本身。这与 SDRoxide 的连接开关不同；连接开关只断开软件连接，电台继续运行。

若要远程开机，关机后电台的控制端仍需保持运行。网络连接依赖电台的 Network Control 功能；串口连接使用 CI-V，电台从前面板关机而未断开电源时，该接口仍供电。发送开机命令前，SDRoxide 会按 Icom 文档发送唤醒序列。

关机后音频和仪表停止，控制连接仍保持，以便再次发送开机命令。",settings.radio,adapter-generated,crates/sdroxide-ui/src/app/settings/radio.rs:137
settings.radio.text_1382_f831e9,"Mirror the board's spectrum about the tuned frequency, on transmit as well as receive. On by default: a Hermes-Lite 2 needs it. Turn it off only if signals show up on the wrong side of the dial and nothing decodes — the giveaway is a waterfall full of convincing traces while SSB lands on the wrong sideband and FT8 returns no decodes at all.",将板卡频谱关于调谐频率镜像，同时用于接收和发射。默认启用，Hermes-Lite 2 需要此设置。只有所有信号位于读数错误的一侧、无法解码时才关闭；典型表现为瀑布图信号正常，但 SSB 位于相反边带，FT8 完全没有解码结果。,settings.radio,adapter-generated,crates/sdroxide-ui/src/app/settings/radio.rs:1382
settings.radio.text_1412_7d5932,"How far ahead of real time transmit audio is fed to the board over the network, before sdroxide slows down to match it. The board itself holds no such buffer — this only widens sdroxide's own margin. Raise it on a WiFi link or a VPN, where the low default (right for a direct wired connection) is not enough headroom against jitter and the transmitted audio or PTT stutters; higher costs transmit latency. Takes effect on APPLY, which reconnects to the board.",通过网络向板卡预先发送发射音频的时间余量，达到此值后 SDRoxide 才减速以匹配实时速率。板卡本身没有这种缓冲，这只增加软件余量。Wi-Fi 或 VPN 抖动导致发射音频或 PTT 断续时，可提高默认值；默认值适合直接有线连接。增大此值也会增加发射延迟。点击“应用”重新连接板卡后生效。,settings.radio,adapter-generated,crates/sdroxide-ui/src/app/settings/radio.rs:1412
settings.radio.text_1423_61cd49,"Adaptive predistortion: linearise the transmitter from a sample of what it actually emitted, for twenty-odd decibels less intermodulation at the same power. The receiver is the feedback path — the board keeps receiving through an over — so a directional coupler and an attenuator have to put a sample of the amplifier's output into an input the T/R switch does not take away on transmit. On a Hermes-Lite 2 that means the IO board's PureSignal jack, and the receive input above set to match; on a board without one, an ANAN's RX port or an external relay that switches the coupler in for the length of the over. It is this receiver that is read — a board with a second ADC cannot use RX2 as the feedback tap, however its own firmware routes it. With nothing coupled in, the loop never locks and the transmitter is left exactly as it would have been. Applies on Apply / reconnect, and only on the radio that owns the transmitter (DDC1).","自适应预失真：利用实际发射信号的反馈样本使发射机线性化，在同功率下可将互调降低二十多 dB。接收机作为反馈路径，发射期间继续接收，因此需用定向耦合器和衰减器，将放大器输出样本接入发射时不会被收发开关断开的输入。Hermes-Lite 2 使用 I/O 板的 PureSignal 接口，并选择相应接收输入；其他板卡可使用 ANAN 的 RX 接口，或在整个发射期间将耦合器接入的外部继电器。

反馈读取的是当前接收机。即使固件允许，带第二个 ADC 的板卡也不能用 RX2 作为反馈。未接入反馈时，控制环不会锁定，发射机保持原状。点击“应用／重新连接”后生效，只用于拥有发射机的电台（DDC1）。",settings.radio,adapter-generated,crates/sdroxide-ui/src/app/settings/radio.rs:1423
settings.radio.text_1439_e10fa9,Correct the transmitter from the receiver's own feedback,根据接收机自身的反馈校正发射机,settings.radio,adapter-generated,crates/sdroxide-ui/src/app/settings/radio.rs:1439
settings.radio.text_1445_c9ad00,How finely the amplifier's curve is modelled. More steps follow a sharper knee and take longer to fill in; 32 is a sensible start.,放大器曲线模型的精细程度。步数越多，越能跟随陡峭拐点，但学习所需时间也越长。建议从 32 开始。,settings.radio,adapter-generated,crates/sdroxide-ui/src/app/settings/radio.rs:1445
settings.radio.text_1465_98bbd2,"How fast the correction follows what the coupler reports. Slow is right — this is averaging an amplifier's curve, which does not move, out of a feedback path that has noise in it.",校正跟随耦合器反馈变化的速度。通常应选择较慢速度：放大器曲线基本不变，此过程是在含噪反馈中进行平均。,settings.radio,adapter-generated,crates/sdroxide-ui/src/app/settings/radio.rs:1465
settings.radio.text_1474_6038b5,"Stop adapting and keep the correction where it is — for measuring, and for an operator happy with what it has learned.",停止自适应，保持当前校正值，适合测量或已满意当前学习结果时使用。,settings.radio,adapter-generated,crates/sdroxide-ui/src/app/settings/radio.rs:1474
settings.radio.text_1485_a12a3c,"A manual IP overrides discovery. Press ""Apply / reconnect"" to switch without a restart.",手动 IP 优先于自动发现。点击“应用／重新连接”即可切换，无需重启。,settings.radio,adapter-generated,crates/sdroxide-ui/src/app/settings/radio.rs:1485
settings.radio.text_1518_5caff2,"One control word per band, as your hardware's documentation states it: bit 0 is output 1, bit 6 is output 7. RX is asserted while receiving on that band and TX while the transmitter is keyed — give them the same value for a filter, and different ones for anything that belongs on one side of the changeover only (an amplifier's key line, a receive preamplifier's bypass). Bands left at 00 assert nothing. Applies on Apply / reconnect.",按硬件文档为每个波段填写控制字：位 0 对应输出 1，位 6 对应输出 7。接收时使用 RX，发射启动时使用 TX。滤波器可填相同值；放大器启动线、接收前放旁路等只用于某一状态的设备，应填不同值。00 不使任何输出有效。点击“应用／重新连接”后生效。,settings.radio,adapter-generated,crates/sdroxide-ui/src/app/settings/radio.rs:1518
settings.radio.text_1534_fbd69a,FILL FROM {name},从 {name} 填入,settings.radio,adapter-generated,crates/sdroxide-ui/src/app/settings/radio.rs:1534
settings.radio.text_1536_e661ae,"Replace the table with what this preset would send on every band, as a starting point to edit. Nothing else in the configuration changes.",用该预设在各波段的输出值替换表格，作为编辑起点；不改变其他配置。,settings.radio,adapter-generated,crates/sdroxide-ui/src/app/settings/radio.rs:1536
settings.radio.text_1545_9cc3a0,CLEAR,清除,settings.radio,adapter-generated,crates/sdroxide-ui/src/app/settings/radio.rs:1545
settings.radio.text_1575_4dc840,"Everywhere outside the amateur bands — short-wave listening, and anything a transverter's dial lands on that no band covers.",业余波段之外的所有频率，包括短波收听及变频收发器读数落入的未定义波段。,settings.radio,adapter-generated,crates/sdroxide-ui/src/app/settings/radio.rs:1575
settings.radio.text_1654_7356f5,Waiting for the configuration of the machine the radio is attached to.,正在等待连接电台的电脑提供配置。,settings.radio,adapter-generated,crates/sdroxide-ui/src/app/settings/radio.rs:1654
settings.radio.text_1667_f6e0bf,"Re-list the USB bus. No device is opened, so this is safe to press while receiving.",重新枚举 USB 总线，不打开任何设备，可在接收期间使用。,settings.radio,adapter-generated,crates/sdroxide-ui/src/app/settings/radio.rs:1667
settings.radio.text_1708_22e039,"The RTL2832U's resampler reaches 225–300 kHz and 900 kHz–3.2 MHz, nothing between. Takes effect on Apply.",RTL2832U 重采样器支持 225–300 kHz 及 900 kHz–3.2 MHz，中间区间不可用。点击“应用”后生效。,settings.radio,adapter-generated,crates/sdroxide-ui/src/app/settings/radio.rs:1708
settings.radio.text_1727_969b52,Manual is the setting for measurement and weak-signal digital modes. The tuner and the demodulator have independent automatic loops.,测量及弱信号数字模式应使用手动增益。调谐器和解调器各有独立自动增益控制环。,settings.radio,adapter-generated,crates/sdroxide-ui/src/app/settings/radio.rs:1727
settings.radio.text_1743_829cf1,"Applies immediately — no reconnect. The tuner has 29 discrete steps, so the value snaps to the nearest one it can produce. Ignored while the tuner AGC is running.",立即生效，无需重新连接。调谐器有 29 个离散增益档位，数值会取最接近的可用值。调谐器 AGC 运行时忽略此项。,settings.radio,adapter-generated,crates/sdroxide-ui/src/app/settings/radio.rs:1743
settings.radio.text_1766_dc8134,Crystal error in parts per million. Run with RUST_LOG=sdroxide_rtlsdr=debug and the log prints the measured clock error after about 20 seconds — that is the number to enter. Applies immediately.,晶体误差，单位为 ppm。使用 RUST_LOG=sdroxide_rtlsdr=debug 运行时，约 20 秒后日志会输出测得的时钟误差，填写该值即可。立即生效。,settings.radio,adapter-generated,crates/sdroxide-ui/src/app/settings/radio.rs:1766
settings.radio.text_1783_dafdc5,"The tuner itself starts at 24 MHz. An RTL-SDR Blog V4 upconverts below that in hardware; other dongles reach HF only by sampling the ADC directly, through the V3's HF port. Automatic hands everything below 24 MHz to the ADC and everything above it to the tuner.

Direct sampling covers every HF band, 17 m and 15 m included — they arrive in the ADC's second Nyquist zone, the right way up. Nothing filters the ADC's input, though, so whatever is at 28.8 MHz minus the dial comes with them: 10.7 MHz under 17 m, 7.726 MHz under 15 m.

Switching modes briefly interrupts the stream.","调谐器最低频率为 24 MHz。RTL-SDR Blog V4 在更低频率自行硬件上变频；其他接收棒需通过 ADC 直接采样才能接收 HF，V3 使用其 HF 端口。“自动”在 24 MHz 以下使用 ADC，以上使用调谐器。

直接采样覆盖全部 HF 波段，包括 17 m 和 15 m，它们位于 ADC 的第二奈奎斯特区，频谱方向正确。但 ADC 输入没有滤波，28.8 MHz 减去读数处的信号也会混叠进来：17 m 对应 10.7 MHz，15 m 对应 7.726 MHz。

切换模式会短暂中断数据流。",settings.radio,adapter-generated,crates/sdroxide-ui/src/app/settings/radio.rs:1783
settings.radio.text_1807_7ff8c3,"Removes the dongle's own DC spike from the centre of the span, and the mirror image every signal leaves reflected about it, by measuring the imbalance in the samples themselves — no calibration, and it applies immediately. The tuner has no offset-tuning mode, so this is the only way to clear the centre.

An AM carrier tuned dead on the dial is at DC too, so it goes with the spike: tune a kilohertz off it, or switch this off.","通过采样数据测量失衡，消除接收棒频谱中心的直流尖峰及每个信号的镜像，无需校准，立即生效。调谐器没有偏移调谐模式，因此这是清除中心尖峰的唯一方式。

正好调谐在读数中心的 AM 载波同样位于直流处，会被一起消除。请偏离载波约 1 kHz 调谐，或关闭此项。",settings.radio,adapter-generated,crates/sdroxide-ui/src/app/settings/radio.rs:1807
settings.radio.text_1845_630353,"Bias tee is ON. Never connect a transceiver, a grounded antenna, or a preamp powered from elsewhere while this is enabled — the DC goes straight down the feedline.",偏置供电已开启。此时禁止连接收发机、直流接地的天线或由其他电源供电的前置放大器，直流电会直接送入馈线。,settings.radio,adapter-generated,crates/sdroxide-ui/src/app/settings/radio.rs:1845
settings.radio.text_1856_952115,Receive only. The dongle and sample rate take effect on Apply; everything else applies as you change it.,仅接收。接收棒和采样率点击“应用”后生效，其余设置在修改时立即生效。,settings.radio,adapter-generated,crates/sdroxide-ui/src/app/settings/radio.rs:1856
settings.radio.text_1878_7356f5,Waiting for the configuration of the machine the radio is attached to.,正在等待连接电台的电脑提供配置。,settings.radio,adapter-generated,crates/sdroxide-ui/src/app/settings/radio.rs:1878
settings.radio.text_187_7356f5,Waiting for the configuration of the machine the radio is attached to.,正在等待连接电台的电脑提供配置。,settings.radio,adapter-generated,crates/sdroxide-ui/src/app/settings/radio.rs:187
settings.radio.text_1884_38dfdc,"Where rtl_tcp is listening: an address, or an address and port. The port defaults to 1234, which is rtl_tcp's own default.

On the far end, start it as `rtl_tcp -a 0.0.0.0` — bound to 127.0.0.1, which is what it does with no -a, it only accepts connections from that same machine.

Takes effect on Apply.","rtl_tcp 的监听地址，可填主机或主机:端口。默认端口为 rtl_tcp 自身的 1234。

远端可用 rtl_tcp -a 0.0.0.0 启动。不指定 -a 时绑定 127.0.0.1，仅接受同一电脑的连接。

点击“应用”后生效。",settings.radio,adapter-generated,crates/sdroxide-ui/src/app/settings/radio.rs:1884
settings.radio.text_1899_4665fa,"Requested of the server, with the same resampler limits as a local dongle — it is the same silicon on the far end.

The figure beside each rate is what it costs on the link: the samples are sent uncompressed, and a rate the network cannot carry makes rtl_tcp drop the connection rather than degrade. Takes effect on Apply.","向服务器请求采样率，限制与本地接收棒相同，因为远端使用相同芯片。

每个采样率旁边显示所需链路流量，采样未经压缩。网络无法承载时，rtl_tcp 会断开连接，而不是降低质量。点击“应用”后生效。",settings.radio,adapter-generated,crates/sdroxide-ui/src/app/settings/radio.rs:1899
settings.radio.text_1933_ba368e,Runs on the server's dongle. Manual is the setting for measurement and weak-signal digital modes.,在服务器的接收棒上运行。测量及弱信号数字模式应使用手动增益。,settings.radio,adapter-generated,crates/sdroxide-ui/src/app/settings/radio.rs:1933
settings.radio.text_1949_93adc5,"Applies immediately — no reconnect. Sent in tenths of a dB and snapped by the server to a step its tuner has; the protocol has no replies, so what it settled on cannot be read back and this slider keeps showing what was asked for. Ignored while the tuner AGC is running.",立即生效，无需重新连接。命令以 0.1 dB 为单位发送，服务器取调谐器支持的最接近档位。协议没有响应，无法读回实际值，因此滑块继续显示请求值。调谐器 AGC 运行时忽略此项。,settings.radio,adapter-generated,crates/sdroxide-ui/src/app/settings/radio.rs:1949
settings.radio.text_1974_792c1d,"Crystal error of the *server's* dongle, in parts per million — a property of that hardware, so it is set here and not on this machine's dongles. Applies immediately.

The measured clock error the USB interface prints is not available here: over a network what that measurement sees is the buffering, not the crystal, and it is wrong by thousands of ppm. Calibrate the dongle on USB once and carry the number over, or tune a broadcast station of known frequency and adjust until it sits on the dial.","服务器接收棒的晶体误差，单位为 ppm，这是远端硬件的属性，不影响本机接收棒。立即生效。

网络接口无法使用 USB 接口日志中的时钟测量：网络测得的是缓冲变化，而非晶体误差，可能差数千 ppm。请先通过 USB 校准，再填入所得值，或调谐已知频率的广播台，使其落在正确读数上。",settings.radio,adapter-generated,crates/sdroxide-ui/src/app/settings/radio.rs:1974
settings.radio.text_1995_5c394b,"The tuner starts at 24 MHz; below that the far end needs help. A Blog V4 upconverts by itself and Automatic leaves it alone — which is the only thing it can do, since the protocol reports the tuner chip and nothing else, and a V4 is indistinguishable from a plain R828D over the wire.

On a V3 or any other dongle, Automatic switches the server to direct sampling below the tuner's own 24 MHz floor — which covers every HF band, 17 m and 15 m arriving in the ADC's second Nyquist zone with 28.8 MHz minus the dial folded on top. Choose Direct sampling explicitly for a plain R828D that hears nothing on HF. Switching briefly interrupts the stream.","调谐器最低频率为 24 MHz，更低频率需要额外处理。Blog V4 自行上变频，“自动”不会改变它。协议只报告调谐器芯片，V4 与普通 R828D 无法区分。

V3 或其他接收棒选择“自动”时，会在 24 MHz 以下将服务器切到直接采样，覆盖所有 HF 波段。17 m、15 m 位于 ADC 第二奈奎斯特区，28.8 MHz 减去读数处的信号会混叠其上。普通 R828D 在 HF 无信号时，请明确选择“直接采样”。切换会短暂中断数据流。",settings.radio,adapter-generated,crates/sdroxide-ui/src/app/settings/radio.rs:1995
settings.radio.text_2020_15daf1,"Removes the dongle's DC spike and mirror image here, from the samples as they arrive — they are artefacts of the hardware, so they travel over the network with everything else. Applies immediately.

An AM carrier tuned dead on the dial sits at DC too, so it goes with the spike: tune a kilohertz off it, or switch this off.","在本机对收到的采样消除接收棒的直流尖峰和镜像，这些硬件失真会随数据一起传输。立即生效。

正好调谐在读数中心的 AM 载波也位于直流处，会被一起消除。请偏离载波约 1 kHz 调谐，或关闭此项。",settings.radio,adapter-generated,crates/sdroxide-ui/src/app/settings/radio.rs:2020
settings.radio.text_2041_ad1d14,Powers a preamp from the far end's dongle. Older servers do not implement the command and ignore it silently — the protocol has no way to say no — so a bias tee that does not come on is not necessarily this end's doing.,通过远端接收棒给前置放大器供电。旧服务器可能未实现此命令并直接忽略，协议无法返回拒绝信息，因此偏置供电未开启不一定是本机问题。,settings.radio,adapter-generated,crates/sdroxide-ui/src/app/settings/radio.rs:2041
settings.radio.text_2062_2b32f4,"Bias tee is ON, on hardware that is somewhere else. Whatever is on the other end of that feedline — a transceiver, a grounded antenna, a preamp already powered — is not in front of you to check.",远端硬件的偏置供电已开启。该馈线另一端可能连接收发机、接地天线或已供电的前放，本机无法直接查看，请核实远端接线。,settings.radio,adapter-generated,crates/sdroxide-ui/src/app/settings/radio.rs:2062
settings.radio.text_2076_a82ec2,"An SDRplay server greets exactly like a dongle, so these are shown always rather than when one is detected. Against an ordinary rtl_tcp server they are simply ignored — the protocol has no replies and discards commands it does not know. The Device tab names the server as rsp_tcp once one has identified itself.",SDRplay 服务器的握手与普通接收棒相同，因此这些选项始终显示。普通 rtl_tcp 服务器会忽略它们，因为协议不响应未知命令。服务器完成身份识别后，“设备”页会显示为 rsp_tcp。,settings.radio,adapter-generated,crates/sdroxide-ui/src/app/settings/radio.rs:2076
settings.radio.text_207_6aae99,"Mirror the panadapter about the tuned frequency, for a rig that carries I and Q the other way round on its sound card. The giveaway is a waterfall full of convincing signals that are all on the wrong side of the dial, with SSB coming out on the opposite sideband — swapping the two cables at the sound card would fix it just as well.

Receive only: transmit hands the radio one real audio signal, which has no sideband to invert.","将频谱关于调谐频率镜像，用于声卡 I、Q 顺序相反的电台。典型表现是瀑布图中所有信号均位于读数错误的一侧，SSB 也出现在相反边带；交换声卡的两根连接线同样可以修正。

仅影响接收。发射提供单路实音频，不存在需要反转的边带。",settings.radio,adapter-generated,crates/sdroxide-ui/src/app/settings/radio.rs:207
settings.radio.text_2101_b4b414,"A step index, not a dB figure: how much each step is worth depends on the RSP model and the band. 0 is the most gain.",增益档位编号，而非 dB 数值。每档对应的增益取决于 RSP 型号和波段。0 为最大增益。,settings.radio,adapter-generated,crates/sdroxide-ui/src/app/settings/radio.rs:2101
settings.radio.text_2116_f0c427,"A reduction, so more is less signal. Only obeyed with the RSP's AGC off.",增益衰减量，数值越大，信号越小。仅在 RSP 的 AGC 关闭时生效。,settings.radio,adapter-generated,crates/sdroxide-ui/src/app/settings/radio.rs:2116
settings.radio.text_2141_8e9054,The level the RSP's AGC aims to hold.,RSP 的 AGC 要维持的电平。,settings.radio,adapter-generated,crates/sdroxide-ui/src/app/settings/radio.rs:2141
settings.radio.text_2177_2c72b4,24 MHz clock out,24 MHz 时钟输出,settings.radio,adapter-generated,crates/sdroxide-ui/src/app/settings/radio.rs:2177
settings.radio.text_2178_22048e,RSP2 and RSPduo only.,仅适用于 RSP2 和 RSPduo。,settings.radio,adapter-generated,crates/sdroxide-ui/src/app/settings/radio.rs:2178
settings.radio.text_2189_0f4447,"Receive only. The address and sample rate take effect on Apply; everything else applies as you change it. A dropped connection is retried on its own, so a server that is restarted comes back without touching anything here.",仅接收。地址和采样率在点击“应用”后生效；其他设置随修改立即生效。连接中断后会自动重试，因此服务器重启后会自动恢复，无需修改此处设置。,settings.radio,adapter-generated,crates/sdroxide-ui/src/app/settings/radio.rs:2189
settings.radio.text_219_e4805e,"How fast the radio's I/Q sound card is run — and so how much band the panadapter shows, because a quadrature stream spans its whole sample rate: 48 kHz gives ±24 kHz either side of the dial, 192 kHz gives ±96.

The card has the final say. One that cannot do the rate picked here is opened at the nearest it can, and the panadapter is that much narrower — the log says so at startup when it happens.

A faster card is also more work: the machine has proportionally less time to empty it, and one that cannot keep up drops samples. That shows up as audio breaking up while the waterfall still looks perfect, and it too is logged. If you see it, come back down a step.","电台 I/Q 声卡的采样率决定频谱覆盖宽度：正交数据流的带宽等于采样率，48 kHz 显示读数两侧各 ±24 kHz，192 kHz 则各 ±96 kHz。

声卡决定实际可用速率。无法达到所选值时，会使用最接近的可用值，频谱宽度相应缩小，并在启动日志中记录。

较高采样率需要更多处理能力。电脑来不及读取数据时会丢样，表现为音频断续而瀑布图看似正常，日志也会记录。出现此情况时请降低一级采样率。",settings.radio,adapter-generated,crates/sdroxide-ui/src/app/settings/radio.rs:219
settings.radio.text_2226_7356f5,Waiting for the configuration of the machine the radio is attached to.,正在等待连接电台的电脑提供配置。,settings.radio,adapter-generated,crates/sdroxide-ui/src/app/settings/radio.rs:2226
settings.radio.text_2234_cc568a,"Where spyserver is listening: an address, or an address and port. The port defaults to 5555, which is spyserver's own default.

On the far end, check that its config file binds an address other machines can reach — bound to 127.0.0.1 it only accepts connections from that same machine.

Takes effect on Apply.","spyserver 的监听地址，可填写地址或地址与端口。默认端口为 5555，与 spyserver 自身默认值一致。

请检查远端配置文件，确保绑定到其他电脑可访问的地址；绑定到 127.0.0.1 时只接受本机连接。

点击“应用”后生效。",settings.radio,adapter-generated,crates/sdroxide-ui/src/app/settings/radio.rs:2234
settings.radio.text_2249_a27f23,"How wide a slice of the band arrives as I/Q — and so how much of the link this uses. This is the *demodulated* window: it follows the dial, and everything wider than it is the server's FFT in the strip above the panadapter.

Automatic aims at about 96 kHz, which carries every mode here including wide FM and still fits down a cellular uplink. Takes effect on Apply.","以 I/Q 接收的波段切片宽度，也决定链路流量。这是解调窗口，随调谐频率移动；更宽的频谱来自服务器 FFT，显示在全景频谱上方的频谱条中。

自动模式以约 96 kHz 为目标，可容纳本软件包括宽带 FM 在内的所有模式，也适合移动网络上行。点击“应用”后生效。",settings.radio,adapter-generated,crates/sdroxide-ui/src/app/settings/radio.rs:2249
settings.radio.text_2257_056ce9,"Which stage of the server's own rate ladder to ask for. Every receiver has a different ladder — it is its maximum rate halved stage by stage — so this is stored as the stage rather than as a figure in hertz, and the same setting still means something sensible pointed at a different server.

Automatic aims at about 1 Msps. Press Test connection to see what the stages come to on this server. Takes effect on Apply.","请求服务器采样率阶梯中的哪一级。各接收机阶梯不同，均从最大速率逐级减半，因此保存级数而非 Hz 数值，换用其他服务器后仍有合理含义。

自动模式以约 1 Msps 为目标。点击“测试连接”可查看此服务器各级实际采样率。点击“应用”后生效。",settings.radio,adapter-generated,crates/sdroxide-ui/src/app/settings/radio.rs:2257
settings.radio.text_2301_241c93,"Bits per component on the wire, and so what this costs on the link: 16-bit is twice 8-bit, and 32-bit float is four times it for no more information than the receiver's ADC had.

8-bit is what makes a remote receiver work over a domestic uplink and is right for almost everything. A server may override this — some are configured to insist on one format — and says so in the log when it does. Takes effect on Apply.","网络传输中每个分量的位数，也决定链路流量：16 位是 8 位的两倍，32 位浮点是四倍，但不会增加接收机 ADC 原本没有的信息。

8 位使远程接收机能通过家庭上行链路工作，适用于几乎所有情况。服务器可能覆盖此设置，有些服务器强制使用特定格式；覆盖时会在日志中说明。点击“应用”后生效。",settings.radio,adapter-generated,crates/sdroxide-ui/src/app/settings/radio.rs:2301
settings.radio.text_2321_dafe38,"The server's gain stage, as an index — not a number of decibels. What each index means belongs to the receiver on the far end and changes with the band, and the protocol never says, so nothing here can turn it into dB without inventing a figure.

The real range is the server's and is only known once connected; an index past it is clamped. Applies immediately — no reconnect.","服务器增益级的索引，不是分贝数。各索引的含义取决于远端接收机及波段，协议并未提供对应关系，因此无法准确换算成 dB。

实际范围由服务器决定，连接后才能得知；超出范围的索引会被限制到有效值。立即生效，无需重新连接。",settings.radio,adapter-generated,crates/sdroxide-ui/src/app/settings/radio.rs:2321
settings.radio.text_2329_f6bbd9,index ,索引 ,settings.radio,adapter-generated,crates/sdroxide-ui/src/app/settings/radio.rs:2329
settings.radio.text_2340_3ed6b0,"How far the server scales its samples up before quantising them for the wire. Automatic watches what actually arrives and holds the peak at half of full scale, which is the only thing that can be right on both a dead band and a crowded one — the two are thirty decibels apart and no fixed figure serves both.

It matters only at 8 bits, where a signal far below full scale loses its lower bits to the quantiser and one above it is clipped flat. Wider formats have room to spare and get the figure every other client computes, from the gain index and the decimation stage. Applies immediately.","服务器在对样本进行网络传输量化前，将幅度放大的程度。自动模式监测实际到达的样本，将峰值维持在满量程的一半。安静波段与拥挤波段相差约三十 dB，固定值无法兼顾两者。

此项仅在 8 位时有明显影响：远低于满量程的信号会在量化时丢失低位，超过满量程则会削顶。更高位数的格式有充足余量，使用其他客户端同样根据增益索引与抽取级计算的值。立即生效。",settings.radio,adapter-generated,crates/sdroxide-ui/src/app/settings/radio.rs:2340
settings.radio.text_2377_85c565,"The server's own FFT of the whole band, drawn in the strip above the panadapter. In this interface it is the only band view there is — the panadapter itself is only as wide as the I/Q being received.

Switching it off leaves a receiver with no way to see anything it is not already tuned to. Applies immediately, with a short break in the audio while the server changes what it is sending.","服务器自身的全波段 FFT，显示在全景频谱上方的频谱条中。在此接口上，这是唯一的波段全景视图；下方全景频谱只显示收到的 I/Q 频宽。

关闭后将无法查看接收机当前调谐范围外的信号。立即生效，服务器切换发送内容时音频会短暂中断。",settings.radio,adapter-generated,crates/sdroxide-ui/src/app/settings/radio.rs:2377
settings.radio.text_2385_99057d,"Ask the server for a low-rate FFT of the whole band as well as the I/Q, and draw it in the strip above the panadapter.

It costs almost nothing — a couple of kilobytes a frame, a dozen or so times a second — and it shows the whole receiver rather than the slice being demodulated. Worth switching off only on a link where every byte counts. Applies immediately, with a short break in the audio.","除 I/Q 外，还请求服务器发送低速率全波段 FFT，并显示在全景频谱上方的频谱条中。

流量很小，每帧几 kB、每秒约十几帧，可查看整个接收机频谱，而非仅当前解调切片。只有需要节省每个字节的链路才建议关闭。立即生效，音频会短暂中断。",settings.radio,adapter-generated,crates/sdroxide-ui/src/app/settings/radio.rs:2385
settings.radio.text_2432_4fb4fb,"How much of the receiver the strip covers. The whole band is the widest view there is; narrowing it puts the same number of bins across less spectrum, which is finer detail over a smaller stretch.",频谱条覆盖的接收机频宽。整个波段提供最宽视野；缩小范围会将相同数量的频点分布在更窄的频谱上，以较小范围换取更精细的细节。,settings.radio,adapter-generated,crates/sdroxide-ui/src/app/settings/radio.rs:2432
settings.radio.text_2442_bcc75a,"The server quantises its FFT into this window before sending it, one byte a bin — so these decide how finely the strip is measured, not just how it is drawn. The floor and ceiling the strip is *displayed* with are set by the engine's own auto-levelling and are a separate thing.

The default 150 dB is the whole protocol range and needs no attention. Narrowing it around the noise floor buys resolution on a receiver whose signals all sit in a small part of the scale. Applies immediately.","服务器发送 FFT 前，会在此范围内将每个频点量化为一个字节，因此这些设置决定频谱条的测量精细程度，而不仅是显示方式。频谱条显示的上下限由引擎自身的自动电平控制另行设置。

默认 150 dB 覆盖整个协议范围，通常无需调整。若接收机信号集中在量程的一小部分，可在底噪附近缩窄范围，提高分辨率。立即生效。",settings.radio,adapter-generated,crates/sdroxide-ui/src/app/settings/radio.rs:2442
settings.radio.text_2461_ff5cbb,top ,上限 ,settings.radio,adapter-generated,crates/sdroxide-ui/src/app/settings/radio.rs:2461
settings.radio.text_2479_04eec6,range ,范围 ,settings.radio,adapter-generated,crates/sdroxide-ui/src/app/settings/radio.rs:2479
settings.radio.text_248_b30e6c,"How far the radio's I/Q output is centred above its own dial, for a rig whose receive I.F. has been moved off zero — on an Elecraft, MENU:RX SHFT set to 8.0 instead of NOR, which takes the dial off the mixer's DC spike (and stops a strong nearby SSB/AM station being AM-detected).

Not a converter: the radio still displays and transmits on the real frequency, and nothing here is ever sent to it. This only says where the samples on the sound card sit, and the stream is shifted back onto the dial as it arrives.

Leave at 0 unless you have turned such a menu entry on. If signals land twice the offset away, the sign is the other way round.","电台 I/Q 输出中心相对频率读数的正偏移，用于接收中频偏离零的电台。例如 Elecraft 的 MENU:RX SHFT 设为 8.0，而非 NOR，可使调谐频率离开混频器直流尖峰，并减少附近强 SSB／AM 信号造成的检波干扰。

这不是变频器设置：电台仍显示并发射在实际频率，这里不会向电台发送任何命令。此项只描述声卡采样的中心位置，数据到达时会移回读数中心。

未启用电台相应菜单时保持 0。若信号偏移量变为两倍，说明符号方向相反。",settings.radio,adapter-generated,crates/sdroxide-ui/src/app/settings/radio.rs:248
settings.radio.text_2495_3775e6,"Remove the DC spike and the mirror image in DSP, on this side. Whether the receiver on the far end needs it depends on what it is — an Airspy HF+ does not, an RTL-SDR does — and the protocol does not say which it is talking to. Applies immediately.",在本机 DSP 中去除直流尖峰和镜像。远端是否需要校正取决于接收机型号：Airspy HF+ 不需要，RTL-SDR 需要，而协议不会告知接收机类型。立即生效。,settings.radio,adapter-generated,crates/sdroxide-ui/src/app/settings/radio.rs:2495
settings.radio.text_2519_6e71fe,"Connect, read what the server says about its receiver, and disconnect again — without starting a stream, so it is safe to press against a server somebody else is using.",连接、读取服务器提供的接收机信息，然后断开；不会启动数据流，因此可以在其他人正在使用的服务器上安全执行。,settings.radio,adapter-generated,crates/sdroxide-ui/src/app/settings/radio.rs:2519
settings.radio.text_2534_6ddc33,"Receive only. The panadapter is the narrow I/Q window, which follows the dial; the band view is the server's FFT in the strip above it. Press ""Apply / reconnect"" to switch without a restart.",仅接收。全景频谱显示随调谐频率移动的窄带 I/Q 窗口；上方频谱条显示服务器 FFT 的波段全景。点击“应用／重新连接”即可切换，无需重启。,settings.radio,adapter-generated,crates/sdroxide-ui/src/app/settings/radio.rs:2534
settings.radio.text_2538_c4c52e,"Receive only. Wideband I/Q, the same as any local SDR. Press ""Apply / reconnect"" to switch without a restart.",仅接收。与本地 SDR 相同，接收宽带 I/Q。点击“应用／重新连接”即可切换，无需重启。,settings.radio,adapter-generated,crates/sdroxide-ui/src/app/settings/radio.rs:2538
settings.radio.text_2560_7356f5,Waiting for the configuration of the machine the radio is attached to.,正在等待连接电台的电脑提供配置。,settings.radio,adapter-generated,crates/sdroxide-ui/src/app/settings/radio.rs:2560
settings.radio.text_2567_665d2a,"Where the receiver serves its web page: an address, or an address and port. The port defaults to 8073, which is a KiwiSDR's own.

Note that a receiver reached through the project's proxy (something.proxy.kiwisdr.com — nearly half the public ones) answers on port 80 instead, so give it explicitly. Picking a receiver from ""Public SDRs"" fills this in correctly.

Takes effect on Apply.","接收机网页的地址，可填写地址或地址与端口。默认端口为 KiwiSDR 自身使用的 8073。

通过项目代理访问的接收机（something.proxy.kiwisdr.com，接近半数公共接收机）使用端口 80，需明确填写。从“公共 SDR”选择接收机会正确填写此项。

点击“应用”后生效。",settings.radio,adapter-generated,crates/sdroxide-ui/src/app/settings/radio.rs:2567
settings.radio.text_2583_389689,"The receiver's *user* password, where its operator has set one. Blank on almost every public receiver. Not the admin password.

Takes effect on Apply.","接收机管理员设置的用户密码。几乎所有公共接收机都可留空。此处不是管理员密码。

点击“应用”后生效。",settings.radio,adapter-generated,crates/sdroxide-ui/src/app/settings/radio.rs:2583
settings.radio.text_2594_c2b4e7,"The name this connection shows up under, which the receiver's owner and everybody else listening to it can see.

Left blank it is your station callsign, which is the network's own convention — some operators do block clients that will not identify. Takes effect on Apply.","此连接显示的用户名，接收机所有者和其他收听者均可看到。

留空时使用你的电台呼号，这是该网络的惯例；部分管理员会阻止不提供身份信息的客户端。点击“应用”后生效。",settings.radio,adapter-generated,crates/sdroxide-ui/src/app/settings/radio.rs:2594
settings.radio.text_2609_eac863,"Ask the receiver for its own waterfall as well as its I/Q, and draw it in the strip above the panadapter.

Worth having: the I/Q is only about 12 kHz wide, so without this there is nothing to tune *by*. It is a second connection carrying roughly 20 kB/s at full speed, against the I/Q's 44 kB/s.

Takes effect on Apply.","除 I/Q 外，还请求接收机自身的瀑布图，并显示在全景频谱上方的频谱条中。

建议启用：I/Q 频宽只有约 12 kHz，缺少此图时没有宽带视野辅助调谐。它使用第二条连接，最高速度约 20 kB/s，I/Q 则约 44 kB/s。

点击“应用”后生效。",settings.radio,adapter-generated,crates/sdroxide-ui/src/app/settings/radio.rs:2609
settings.radio.text_2617_f820e2,show the receiver's 0-30 MHz waterfall,显示接收机的 0–30 MHz 瀑布图,settings.radio,adapter-generated,crates/sdroxide-ui/src/app/settings/radio.rs:2617
settings.radio.text_2622_a937e4,"How often the receiver sends a waterfall row, 1 (slowest) to 4. The only setting here that changes what the link costs while running, so turn it down on a metered connection.

Applies immediately.","接收机发送瀑布图行的频率，范围为 1（最慢）到 4。此处只有这项设置能在运行中改变链路流量，按流量计费的连接可调低。

立即生效。",settings.radio,adapter-generated,crates/sdroxide-ui/src/app/settings/radio.rs:2622
settings.radio.text_2645_e14ce2,"How much band the receiver's waterfall covers. Its full 0-30 MHz at the left of the slider, halving with each step to the right.

The waterfall is always 1024 bins wide however wide the window is, so this is really a resolution control: the whole band is 29 kHz to a bin, which is a band *map* rather than a picture of anything, while a few hundred kilohertz shows individual stations in a broadcast band. Zoomed in, the window follows your dial.

The whole band is the default and is what makes the strip a thing to tune by; the panadapter below it is the ~12 kHz of I/Q. Applies immediately.","接收机瀑布图覆盖的频宽。滑块最左端为完整的 0–30 MHz，每向右一步频宽减半。

无论窗口频宽多少，瀑布图始终为 1024 个频点，因此这实际是分辨率设置：整个波段每点约 29 kHz，只能作为波段分布图；缩窄到几百 kHz 后才能看到广播波段中的各个电台。放大后窗口会跟随调谐频率。

默认显示整个波段，用于辅助调谐；下方全景频谱显示约 12 kHz 的 I/Q。立即生效。",settings.radio,adapter-generated,crates/sdroxide-ui/src/app/settings/radio.rs:2645
settings.radio.text_2681_174c4d,"The *receiver's* AGC, which is on the far side of the link and ahead of the I/Q — so it acts before anything sdroxide does.

On by default, unlike every local SDR here, because the measured alternative was worse: on a live receiver the manual gain was not monotonic across its range and its top end clipped the I/Q at full scale, while the AGC held about -24 dBFS with 7 dB of headroom.

It does mean the sample amplitude is not a signal level, which is why the S-meter is read from the receiver's own figure instead. Applies immediately.","接收机自身的 AGC，在链路远端、I/Q 之前起作用，因此早于 sdroxide 的所有处理。

与本软件中的本地 SDR 不同，此处默认启用，因为实测手动增益更差：实际接收机的手动增益在整个范围内并非单调变化，最高端会使 I/Q 满量程削顶，而 AGC 将电平维持在约 -24 dBFS，并留有 7 dB 余量。

因此样本幅度不能直接表示信号电平，S 表改为读取接收机自身报告的值。立即生效。",settings.radio,adapter-generated,crates/sdroxide-ui/src/app/settings/radio.rs:2681
settings.radio.text_2703_acd373,"Fixed gain when the receiver's AGC is off, on its own 0-90 scale. Not decibels of anything stated — the protocol calls it manGain and says no more, and it was measured not to be monotonic, so treat it as a dial to find a good spot on rather than a calibration. Applies immediately.",接收机 AGC 关闭时的固定增益，使用自身的 0–90 刻度。协议只称其为 manGain，未说明对应的分贝量，实测也并非单调变化，因此应将它作为寻找合适接收效果的旋钮，而非校准值。立即生效。,settings.radio,adapter-generated,crates/sdroxide-ui/src/app/settings/radio.rs:2703
settings.radio.text_2729_28af15,"Read the receiver's status page: what it is, what it covers, how many channels are free, and whether its operator allows connections from apps other than a browser. Takes none of its channels.",读取接收机状态页，查看型号、覆盖范围、空闲通道数，以及管理员是否允许浏览器以外的应用连接。不会占用接收通道。,settings.radio,adapter-generated,crates/sdroxide-ui/src/app/settings/radio.rs:2729
settings.radio.text_273_5f826e,"Cancel the mirror image of every signal, and the DC spike in the middle of the waterfall.

A radio's I/Q output is two analogue paths that are never quite equal in gain nor exactly 90° apart, and what that leaves is a copy of every signal reflected about the tuned frequency, usually 30-40 dB down — strong enough to look like a station that is not there, and to be decoded as one. Radios with front-panel balance trimmers are adjusting exactly this; here it is measured off the received noise and needs no setting.

Leave it on. Turn it off if you are listening to AM tuned dead on the carrier — the carrier is DC, so it goes with the spike — or to check whether a signal is real by watching whether it survives.","消除每个信号的镜像，以及瀑布图中心的直流尖峰。

电台的 I/Q 模拟路径难以做到增益完全相同、相位准确相差 90°，因此每个信号通常会在调谐频率另一侧产生低 30–40 dB 的镜像，可能被误认为真实电台并解码。电台前面板的平衡微调即用于校正此误差；这里根据接收噪声自动测量，无需手动设置。

通常应保持启用。若 AM 正好调谐在载波上，载波位于直流处，会随尖峰一起被消除，此时可关闭；也可通过开关此项判断信号是否为镜像。",settings.radio,adapter-generated,crates/sdroxide-ui/src/app/settings/radio.rs:273
settings.radio.text_2745_09e3b4,"Receive only — this is somebody else's antenna. The panadapter is the ~12 kHz the receiver sends as I/Q, which follows the dial; the band view above it is its own waterfall, and tuning across it retunes the receiver. About {:.0} kB/s while connected. Press ""Apply / reconnect"" to switch without a restart.",仅接收，使用他人的天线。全景频谱显示接收机发送的约 12 kHz I/Q，跟随调谐频率；上方宽带视图为接收机自身瀑布图，在图上调谐会改变接收机频率。连接时约 {:.0} kB/s。点击“应用／重新连接”即可切换，无需重启。,settings.radio,adapter-generated,crates/sdroxide-ui/src/app/settings/radio.rs:2745
settings.radio.text_2764_7356f5,Waiting for the configuration of the machine the radio is attached to.,正在等待连接电台的电脑提供配置。,settings.radio,adapter-generated,crates/sdroxide-ui/src/app/settings/radio.rs:2764
settings.radio.text_2806_4ec578,A rig with two receivers (SunSDR2DX) can serve two radio tabs from one connection — run this radio on RX1 and another on RX2. The transmitter belongs to the RX1 radio.,双接收机电台（如 SunSDR2DX）可通过同一连接供两个电台标签页使用：此电台使用 RX1，另一电台使用 RX2。发射机属于使用 RX1 的电台。,settings.radio,adapter-generated,crates/sdroxide-ui/src/app/settings/radio.rs:2806
settings.radio.text_2823_0aca66,"How long the rig's IQ takes to arrive on a new centre after sdroxide moves it. It is the rig's own DSP pipeline, not the network — a server on this machine has one too — and while the panadapter is dragged fully zoomed out, being wrong by this much moves the newest waterfall rows sideways of the history by the error times the speed of the drag. Too high displaces them exactly as far as too low, the other way. Measure it with `cargo run --release -p sdroxide-tci --example retune_latency`; the default is a SunSDR2DX on ExpertSDR3 at 192 kHz.",sdroxide 改变中心频率后，电台新中心频率的 IQ 数据到达所需时间。延迟来自电台自身的 DSP 流水线，而非网络，即使服务器在本机也存在。完全缩小全景频谱并拖动时，延迟设置误差会使最新瀑布图行相对历史图像横向偏移，偏移量为时间误差乘以拖动速度。设置过高与过低造成同样大小、相反方向的偏移。可使用 `cargo run --release -p sdroxide-tci --example retune_latency` 测量；默认值来自运行 ExpertSDR3、192 kHz 采样率的 SunSDR2DX。,settings.radio,adapter-generated,crates/sdroxide-ui/src/app/settings/radio.rs:2823
settings.radio.text_2848_edf3eb,"Wideband IQ receive, audio transmit. Press ""Apply / reconnect"" to switch without a restart.",宽带 IQ 接收、音频发射。点击“应用／重新连接”即可切换，无需重启。,settings.radio,adapter-generated,crates/sdroxide-ui/src/app/settings/radio.rs:2848
settings.radio.text_2872_7356f5,Waiting for the configuration of the machine the radio is attached to.,正在等待连接电台的电脑提供配置。,settings.radio,adapter-generated,crates/sdroxide-ui/src/app/settings/radio.rs:2872
settings.radio.text_2879_611bda,"The address shown on the radio under SET > Network. Network Control has to be on there, and the radio needs a network user name and password set.",电台 SET > Network 中显示的地址。需在电台上开启 Network Control，并设置网络用户名和密码。,settings.radio,adapter-generated,crates/sdroxide-ui/src/app/settings/radio.rs:2879
settings.radio.text_2892_25d175,50001 unless it has been changed on the radio.,默认 50001，除非已在电台上更改。,settings.radio,adapter-generated,crates/sdroxide-ui/src/app/settings/radio.rs:2892
settings.radio.text_2903_900bf6,"Stored in the clear in radio.json. The protocol obfuscates it reversibly on the wire, so nothing here would make it a secret.",以明文保存在 radio.json 中。协议只在传输时进行可逆混淆，因此此设置无法使其成为加密秘密。,settings.radio,adapter-generated,crates/sdroxide-ui/src/app/settings/radio.rs:2903
settings.radio.text_2913_123518,"AF: the radio demodulates and sdroxide shows the audio band. 12 kHz IF: the radio sends its DRM intermediate frequency instead and sdroxide demodulates, which brings its own filters, noise reduction and decoders to bear over about ±12 kHz. Either way the wide waterfall is the radio's own scope — no Icom outputs I/Q.",AF：由电台解调，sdroxide 显示音频频带。12 kHz IF：电台发送 DRM 中频，由 sdroxide 解调，可在约 ±12 kHz 范围内使用本软件的滤波器、降噪和解码器。两种方式的宽带瀑布图均来自电台自身的频谱示波器；Icom 电台不输出 I/Q。,settings.radio,adapter-generated,crates/sdroxide-ui/src/app/settings/radio.rs:2913
settings.radio.text_292_8a1cbf,"Widen the hole taken out of the middle of the span, for a radio whose centre spike is broader than the offset underneath it.

0 leaves the ordinary blocker, which is a few tens of hertz wide and removes the offset without touching anything else. Wind it up and the bottom of the span goes with it: a first-order high-pass, 3 dB down at the figure set here and further in below it.

It is centred where the radio's I/Q is centred, which is the dial unless the offset above has moved it — so anything tuned there goes too. A CW note at 600 Hz is inside a 600 Hz setting.","扩大频谱中心的抑制范围，用于中心尖峰比普通直流偏移更宽的电台。

0 使用普通直流阻断，宽度约几十 Hz，仅消除偏移。增大此值会同时衰减低频部分：一阶高通在所设频率处衰减 3 dB，以下频率衰减更多。

中心位置为电台 I/Q 中心；未设置上方偏移时即为频率读数。因此，位于该处的有效信号也会受影响，例如 600 Hz 的 CW 音调位于 600 Hz 的设置范围内。",settings.radio,adapter-generated,crates/sdroxide-ui/src/app/settings/radio.rs:292
settings.radio.text_2952_6a4da0,A 12 kHz IF needs the 48000 Hz stream — at this rate the radio's demodulated audio is used instead.,12 kHz IF 需要 48000 Hz 数据流；在当前采样率下改用电台解调后的音频。,settings.radio,adapter-generated,crates/sdroxide-ui/src/app/settings/radio.rs:2952
settings.radio.text_2962_9c87cb,"Which way round the radio's 12 kHz IF runs. ""Automatic"" uses what the model is known to do — mirrored on an IC-7760, normal on every other Icom. Set it by hand if SSB comes out on the wrong sideband: the giveaway is having to select USB where the band runs LSB while the radio's own mode display agrees with sdroxide throughout.",电台 12 kHz IF 的频谱方向。“自动”使用已知型号的设置：IC-7760 为镜像，其他 Icom 为正常。若 SSB 出现在错误边带，请手动设置；典型表现是波段通常使用 LSB，却需选择 USB 才能收听，而电台自身的模式显示始终与 sdroxide 一致。,settings.radio,adapter-generated,crates/sdroxide-ui/src/app/settings/radio.rs:2962
settings.radio.text_2970_d461a4,Automatic,自动,settings.radio,adapter-generated,crates/sdroxide-ui/src/app/settings/radio.rs:2970
settings.radio.text_2971_a7248e,Normal,正常,settings.radio,adapter-generated,crates/sdroxide-ui/src/app/settings/radio.rs:2971
settings.radio.text_2972_ed059f,Mirrored,镜像,settings.radio,adapter-generated,crates/sdroxide-ui/src/app/settings/radio.rs:2972
settings.radio.text_2992_81dfa2,"Width of the audio-band panadapter, as for a CAT rig. Used in the digital modes and where the radio's scope is off; otherwise the panadapter is the scope, and Scope span sets its width.",音频频带全景频谱的宽度，与 CAT 电台相同。用于数字模式及电台频谱示波器关闭时；其他情况下全景频谱来自电台示波器，由“示波器频宽”设置其宽度。,settings.radio,adapter-generated,crates/sdroxide-ui/src/app/settings/radio.rs:2992
settings.radio.text_3000_d93b1e,"How the CW panel's keyer transmits. ""Rig keyer"" puts the radio in CW and hands it the text to send with its own keyer (CI-V 0x17). ""Sound card"" sends the keyed sidetone over the LAN as audio instead (MCW), a tone at dial + pitch — and because a rig in CW would ignore its modulator input, selecting CW then keeps the radio in plain USB, the same mode the digital modes ride.",CW 面板电键器的发射方式。“电台电键器”将电台置于 CW 模式，并通过 CI-V 0x17 发送文本，由电台自身电键器发射。“声卡”则通过局域网发送带键控的侧音音频（MCW），信号位于调谐频率加音调频率处。CW 模式的电台会忽略调制器输入，因此选择此方式后，软件选择 CW 时电台仍保持普通 USB，与数字模式使用的模式相同。,settings.radio,adapter-generated,crates/sdroxide-ui/src/app/settings/radio.rs:3000
settings.radio.text_3022_09e2b3,"How much audio the radio holds before modulating. More survives a worse network, at the cost of transmit latency.",电台在调制前缓冲的音频量。增加缓冲可适应较差的网络，但会提高发射延迟。,settings.radio,adapter-generated,crates/sdroxide-ui/src/app/settings/radio.rs:3022
settings.radio.text_3028_2bb529,Show the radio's spectrum scope,显示电台的频谱示波器,settings.radio,adapter-generated,crates/sdroxide-ui/src/app/settings/radio.rs:3028
settings.radio.text_3030_7cb5e5,"Streams the radio's own 475-bin sweep. On AF it is the panadapter — the audio the radio sends is what came through its filter, not a picture of the band — and on the 12 kHz IF it is the full-band waterfall above one. Either way it is the radio's picture, not sdroxide's DSP: there is no I/Q to compute one from.",传输电台自身的 475 点频谱扫描。在 AF 模式下作为全景频谱，因为电台发送的音频已通过其滤波器，不能代表整个波段；在 12 kHz IF 模式下则作为全景频谱上方的宽带瀑布图。两者均是电台的图像，而非 sdroxide DSP 计算的结果，因为没有可用于计算的 I/Q。,settings.radio,adapter-generated,crates/sdroxide-ui/src/app/settings/radio.rs:3030
settings.radio.text_3040_120f0b,"How wide to sweep it. This is the only wide view an Icom has, and the radio keeps whatever span was last chosen on its own screen — often a few kHz, which is why the strip can come up no wider than the panadapter under it. Setting a span here also puts the scope into centre mode, so it follows the dial. It changes the radio's own display too; ""As set on the radio"" leaves it alone.",频谱扫描宽度。这是 Icom 唯一的宽带视图，电台会保留自身屏幕上最后选择的频宽，常常只有几 kHz，因此频谱条可能与下方全景频谱一样窄。在此设置频宽也会将示波器改为中心模式，使其跟随调谐频率，同时改变电台自身显示。“按电台设置”则不更改。,settings.radio,adapter-generated,crates/sdroxide-ui/src/app/settings/radio.rs:3040
settings.radio.text_3066_98d0f1,"Transmit audio is only heard when the radio's MOD input is set to LAN. sdroxide can write that on a model whose menu numbering it knows; on any other it says so and leaves the menu alone. It is a loan: whatever the radio held there is read first and put back when the session ends, so a rig used on its own afterwards still hears its own microphone.",只有电台 MOD 输入设为 LAN 时才能传输发射音频。sdroxide 可为已知菜单编号的型号设置此项；其他型号会给出提示并保持菜单不变。此设置仅临时借用：先读取原值，在会话结束时恢复，保证之后单独使用电台时仍能使用原有麦克风。,settings.radio,adapter-generated,crates/sdroxide-ui/src/app/settings/radio.rs:3066
settings.radio.text_3086_897e43,"Copies this radio's last session — its handshake and CI-V trace — to the clipboard, for a bug report. This radio's, not the station's: with two Icoms on the LAN each tab answers about its own address.",将此电台上次会话的握手和 CI-V 跟踪复制到剪贴板，用于问题报告。报告属于当前电台而非整个台站：局域网内有两台 Icom 时，各标签页报告各自地址的会话。,settings.radio,adapter-generated,crates/sdroxide-ui/src/app/settings/radio.rs:3086
settings.radio.text_3104_0d2997,"Control, audio and the radio's own scope over one network connection — no serial cable and no sound card. Press ""Apply / reconnect"" to switch without a restart.",通过一个网络连接传输控制、音频和电台自身频谱，无需串口线或声卡。点击“应用／重新连接”即可切换，无需重启。,settings.radio,adapter-generated,crates/sdroxide-ui/src/app/settings/radio.rs:3104
settings.radio.text_3137_48f475,Connected: {s},已连接：{s},settings.radio,adapter-generated,crates/sdroxide-ui/src/app/settings/radio.rs:3137
settings.radio.text_3141_1a6d6a,That was only a check — press Apply / reconnect below to start using this radio.,刚才仅为连接检查；点击下方“应用／重新连接”才会开始使用此电台。,settings.radio,adapter-generated,crates/sdroxide-ui/src/app/settings/radio.rs:3141
settings.radio.text_3176_7356f5,Waiting for the configuration of the machine the radio is attached to.,正在等待连接电台的电脑提供配置。,settings.radio,adapter-generated,crates/sdroxide-ui/src/app/settings/radio.rs:3176
settings.radio.text_3182_d5b32d,"Asks the network for IIO devices, and also tries 192.168.2.1 directly — a Pluto on the end of a USB cable is often unreachable by multicast even though the address works.",在网络中查找 IIO 设备，并直接尝试连接 192.168.2.1。通过 USB 线连接的 Pluto 常常无法通过组播发现，但仍可直接通过地址访问。,settings.radio,adapter-generated,crates/sdroxide-ui/src/app/settings/radio.rs:3182
settings.radio.text_3218_857ebd,"Overrides the selection above. The USB cable presents the Pluto as a network adapter, not a serial port, so this is an IP address even when the radio is on your desk.",覆盖上方选择。USB 连接将 Pluto 呈现为网络适配器，而非串口，因此即使电台就在桌上，也需填写 IP 地址。,settings.radio,adapter-generated,crates/sdroxide-ui/src/app/settings/radio.rs:3218
settings.radio.text_3246_4eb985,"A Pluto+ or a revision-C Pluto unlocked to 2R2T can serve two radio tabs from one box — this radio on RX1 and another on RX2, each on its own antenna. The two chains share the one oscillator, so retuning either radio moves both; what RX2 buys is a second antenna on the same spectrum (diversity), not a second band. The transmitter belongs to the RX1 radio. A stock 1R1T Pluto refuses RX2 when it connects.",Pluto+ 或解锁为 2R2T 的 C 版 Pluto 可供两个电台标签页使用：此电台使用 RX1，另一电台使用 RX2，各自连接天线。两条通道共用振荡器，调整任一电台频率都会同时移动两者；RX2 提供的是同一频谱上的第二副天线（分集），而非第二个波段。发射机属于 RX1 电台。原装 1R1T Pluto 会在连接时拒绝 RX2。,settings.radio,adapter-generated,crates/sdroxide-ui/src/app/settings/radio.rs:3246
settings.radio.text_3256_0af4fc,"Width of the spectrum sdroxide receives. The AD9361 reaches 61.44 Msps; the USB network link does not, which is what this list is scaled to. The lowest rates need a filter configuration loaded into the AD9361, which sdroxide does not do — a stock Pluto runs them at about 2.084 Msps instead and says so when it connects. Takes effect on Apply.",sdroxide 接收的频谱宽度。AD9361 可达 61.44 Msps，但 USB 网络链路无法承载，本列表据此限制。最低的几档采样率需要向 AD9361 加载滤波器配置，sdroxide 不执行此操作；原装 Pluto 会改为约 2.084 Msps，并在连接时提示。点击“应用”后生效。,settings.radio,adapter-generated,crates/sdroxide-ui/src/app/settings/radio.rs:3256
settings.radio.text_3280_3bc186,"The AD9361's baseband filter. Leave at 0 for automatic, which opens it to nine tenths of the sample rate — wide on purpose, because the receiver parks its oscillator a quarter of a span off the dial to keep signals clear of the DC spike, and a narrow filter would cut off exactly the part it moved them to. Takes effect on Apply.",AD9361 的基带滤波器。保持 0 使用自动设置，带宽为采样率的十分之九。较宽的设置是有意的：接收机将振荡器置于距调谐频率四分之一频宽处，以避开直流尖峰；窄滤波器会恰好切掉移至该位置的信号。点击“应用”后生效。,settings.radio,adapter-generated,crates/sdroxide-ui/src/app/settings/radio.rs:3280
settings.radio.text_3300_40b5aa,"The AD9361 has four modes, not an on/off switch. Slow attack suits SSB and CW; fast attack suits bursty signals; manual is the setting for measurement and weak-signal digital modes. Applies immediately.",AD9361 有四种模式，并非简单开关。慢启动适合 SSB 和 CW；快启动适合突发信号；手动适用于测量及弱信号数字模式。立即生效。,settings.radio,adapter-generated,crates/sdroxide-ui/src/app/settings/radio.rs:3300
settings.radio.text_3317_54459b,"Applies immediately — no reconnect. Ignored unless the AGC is set to manual, which is the AD9361's own behaviour, not sdroxide's.",立即生效，无需重新连接。仅在 AGC 为手动模式时有效，这是 AD9361 自身的行为。,settings.radio,adapter-generated,crates/sdroxide-ui/src/app/settings/radio.rs:3317
settings.radio.text_3337_c6e23a,"Negative because the AD9361 expresses transmit level as attenuation: 0 dB is full output. Applies immediately. The transmitter is set to its quietest before this value is applied on connect, so nothing the previous program left behind can be live.",AD9361 以衰减表示发射电平，因此数值为负，0 dB 表示最大输出。立即生效。连接时先将发射机设为最低输出，再应用此值，避免沿用上一程序留下的输出电平。,settings.radio,adapter-generated,crates/sdroxide-ui/src/app/settings/radio.rs:3337
settings.radio.text_3357_fdc86c,"Reference error in parts per million. Run with RUST_LOG=sdroxide_pluto=debug and the log prints the measured clock error after about 20 seconds — that is the number to enter. Applied by sdroxide, not written to the radio's own persistent trim. Applies immediately.",参考时钟误差，单位为百万分之一（ppm）。使用 RUST_LOG=sdroxide_pluto=debug 运行，约 20 秒后日志会输出实测时钟误差，请填入该值。由 sdroxide 应用，不写入电台的持久校准设置。立即生效。,settings.radio,adapter-generated,crates/sdroxide-ui/src/app/settings/radio.rs:3357
settings.radio.text_3388_6cce20,"Leave this off on a Pluto reached over its USB cable. That link cannot carry a megasample per second in both directions at once, and an over that starves the transmit buffer goes out chopped — so by default receive stops for the length of an over.

Turn it on for a board on real Ethernet (a LibreSDR, a Pluto on a gigabit adapter), where there is room for both: you then hear the receiver through your own transmission, which is how a QO-100 station listens to its own downlink.

An over needs twice the sample rate's worth of link — 2.5 Msps is 10 MB/s each way — so lower the rate if the log starts saying the link is not carrying it. The panadapter still shows the transmitted signal during an over; it is the audio that keeps coming.

Takes effect on Apply.","通过 USB 线连接 Pluto 时保持关闭。该链路无法同时在两个方向承载每秒百万次采样；发射缓冲区供数不足会使信号断续，因此默认在每次发射期间停止接收。

通过真正的以太网连接（如 LibreSDR、使用千兆适配器的 Pluto）且链路足够时可启用。此时发射期间仍能听到接收音频，可用于 QO-100 电台监听自身下行。

同时收发需要两个方向各承载采样率对应的流量，2.5 Msps 时每个方向为 10 MB/s；若日志提示链路承载不足，请降低采样率。发射期间全景频谱仍显示发射信号，此设置让接收音频继续播放。

点击“应用”后生效。",settings.radio,adapter-generated,crates/sdroxide-ui/src/app/settings/radio.rs:3388
settings.radio.text_3407_a9dbb4,"Whether the AD9361 runs both directions at once (FDD, which is how a Pluto boots and what sdroxide has always left it in) or one at a time (TDD).

Leave this on FDD unless you want the PTT pins below — TDD is what those key from, and it rules out Full duplex above. Takes effect on Apply.","AD9361 同时运行两个方向（FDD，Pluto 启动时及 sdroxide 以往使用的模式），或每次只运行一个方向（TDD）。

除非需要下方 PTT 引脚，否则保持 FDD。引脚键控依赖 TDD，使用后无法启用上方的全双工。点击“应用”后生效。",settings.radio,adapter-generated,crates/sdroxide-ui/src/app/settings/radio.rs:3407
settings.radio.text_3418_13d4e3,"The Pluto's four GPO test points can key an external power amplifier, LNA or transmit-receive switch by themselves. Pick a pair and one pin is high the whole time the radio receives, the other the whole time it transmits — no host software in the loop and no serial PTT line to wire.

This puts the radio in TDD whatever the Duplex row says, because the pins follow the AD9361's enable lines and in FDD both of those are asserted the entire session. Full duplex goes off with it, so leave both at their defaults if you work satellites and need to hear your own downlink.

Analog Devices' own note puts an external LNA on GPO0/GPO1, so use GPO2/GPO3 if your board is wired that way. The pins are about 1.3 V at a few milliamps: drive a transistor or an opto-isolator with them, never a relay coil.

Takes effect on Apply.","Pluto 的四个 GPO 测试点可直接键控外部功放、LNA 或收发切换器。选择一对后，一个引脚在整个接收期间为高电平，另一个在整个发射期间为高电平，无需主机软件参与或串口 PTT 线。

启用后无论“双工”行如何设置，电台都会使用 TDD：这些引脚跟随 AD9361 的使能信号，而 FDD 中两个使能信号在整个会话中均有效。同时会关闭全双工，因此卫星操作需要监听自身下行时，请将两项均保持默认。

Analog Devices 的说明将外部 LNA 接在 GPO0/GPO1；若你的板卡如此接线，请使用 GPO2/GPO3。引脚约为 1.3 V、数 mA，应通过晶体管或光耦驱动，切勿直接连接继电器线圈。

点击“应用”后生效。",settings.radio,adapter-generated,crates/sdroxide-ui/src/app/settings/radio.rs:3418
settings.radio.text_3442_14ccb7,"How much the device holds before each transfer, in complex samples. The default of 32768 is about 16 ms at 2 Msps: long enough that the per-transfer round trip is not the bottleneck, short enough that a retune is not visibly late.

Halve it if the log reports the receive socket being replaced. A marginal link — a Pluto reached over its USB cable at a high sample rate is the usual one — stalls part-way through a transfer, and a smaller transfer is both less likely to be caught mid-flight and quicker to make good afterwards. Raise it to trade retune latency for fewer round trips.

Takes effect on Apply.","每次传输前设备缓冲的复数样本数量。默认 32768，在 2 Msps 时约为 16 ms：足以避免每次传输的往返延迟成为瓶颈，同时让重新调谐不出现明显滞后。

若日志报告接收套接字被替换，可将此值减半。高采样率下通过 USB 线连接 Pluto 等较弱链路，可能在传输中途停滞；较小的传输块更不易中途受阻，恢复也更快。增大则以调谐延迟换取更少的往返次数。

点击“应用”后生效。",settings.radio,adapter-generated,crates/sdroxide-ui/src/app/settings/radio.rs:3442
settings.radio.text_3459_686dd9, samples, 样本,settings.radio,adapter-generated,crates/sdroxide-ui/src/app/settings/radio.rs:3459
settings.radio.text_3474_216e37,"≈ {:.1} ms, {} KiB per transfer",约 {:.1} ms，每次传输 {} KiB,settings.radio,adapter-generated,crates/sdroxide-ui/src/app/settings/radio.rs:3474
settings.radio.text_3484_7988fd,"The AD9361's rf_port_select. A stock Pluto wires one of each, so leave these empty unless you have a board that does not. Takes effect on Apply.",AD9361 的 rf_port_select。原装 Pluto 的收发各只连接一个端口，除非板卡接线不同，否则请留空。点击“应用”后生效。,settings.radio,adapter-generated,crates/sdroxide-ui/src/app/settings/radio.rs:3484
settings.radio.text_3511_533d9c,"Opens the radio, reads what it says about itself, and reports the tuning range this particular board has. Does not start a stream.",打开电台，读取其自身信息，并报告此板卡的调谐范围。不会启动数据流。,settings.radio,adapter-generated,crates/sdroxide-ui/src/app/settings/radio.rs:3511
settings.radio.text_3521_47ab19,"Copies the last session's protocol trace to the clipboard, for a bug report.",将上次会话的协议跟踪复制到剪贴板，用于问题报告。,settings.radio,adapter-generated,crates/sdroxide-ui/src/app/settings/radio.rs:3521
settings.radio.text_3538_3275a4,"Wideband IQ receive and transmit. Half duplex — receive stops for the length of an over, because the USB network link will not carry both at once. No SoapySDR and no libiio needed.",宽带 IQ 接收与发射。半双工：USB 网络链路无法同时承载收发，因此每次发射期间停止接收。无需 SoapySDR 或 libiio。,settings.radio,adapter-generated,crates/sdroxide-ui/src/app/settings/radio.rs:3538
settings.radio.text_3546_ceb074,"Not yet verified against real hardware. If it misbehaves, please send the diagnostic report — it contains every command exchanged with the radio, and the first bytes of the sample stream.",尚未经真实硬件验证。如工作异常，请提供诊断报告，其中包含与电台交换的全部命令及样本流最初的字节。,settings.radio,adapter-generated,crates/sdroxide-ui/src/app/settings/radio.rs:3546
settings.radio.text_3575_7356f5,Waiting for the configuration of the machine the radio is attached to.,正在等待连接电台的电脑提供配置。,settings.radio,adapter-generated,crates/sdroxide-ui/src/app/settings/radio.rs:3575
settings.radio.text_3581_4a36ad,A FlexRadio announces itself on the local network about once a second. A radio reached through a router or a VPN never broadcasts to you — enter its address below instead.,FlexRadio 约每秒在局域网广播一次自身信息。通过路由器或 VPN 访问的电台无法将广播送达此处，请改为在下方填写地址。,settings.radio,adapter-generated,crates/sdroxide-ui/src/app/settings/radio.rs:3581
settings.radio.text_3610_077b98,"Another GUI client has this radio and multiFLEX is disabled. Disconnect that client, or enable multiFLEX on the radio.",另一图形客户端已占用此电台，且 multiFLEX 已关闭。请断开该客户端，或在电台上启用 multiFLEX。,settings.radio,adapter-generated,crates/sdroxide-ui/src/app/settings/radio.rs:3610
settings.radio.text_3623_5bf9f3,"Overrides the selection above. Use this for a radio on another subnet, behind a VPN, or on a non-standard port.",覆盖上方选择。电台位于其他子网、通过 VPN 访问或使用非标准端口时，请使用此项。,settings.radio,adapter-generated,crates/sdroxide-ui/src/app/settings/radio.rs:3623
settings.radio.text_3635_1d2916,"Width of the spectrum sdroxide receives. 192 kHz is the radio's maximum for a DAX IQ stream, and so the widest span this interface can show.",sdroxide 接收的频谱宽度。电台 DAX IQ 流的上限为 192 kHz，也是此接口能显示的最大频宽。,settings.radio,adapter-generated,crates/sdroxide-ui/src/app/settings/radio.rs:3635
settings.radio.text_3656_32bdf1,"192 kHz is the widest DAX IQ stream a FLEX will send, and the radio ties the panadapter's span to it — so that is the whole span, and no setting here widens it.",FLEX 的 DAX IQ 流最大为 192 kHz，电台全景频谱的频宽与其绑定。这就是完整可用频宽，此处无法进一步扩大。,settings.radio,adapter-generated,crates/sdroxide-ui/src/app/settings/radio.rs:3656
settings.radio.text_3665_d27227,The radio has four. Change this only if something else on the network is already using channel 1 — the radio refuses a channel twice over.,电台提供四个通道。只有网络中的其他应用已占用通道 1 时才需更改；电台不允许重复占用同一通道。,settings.radio,adapter-generated,crates/sdroxide-ui/src/app/settings/radio.rs:3665
settings.radio.text_3681_d176e6,"Shown against this session in the radio's client list. The radio also remembers a client by it, so renaming makes the radio treat sdroxide as a new one.",显示在电台客户端列表中的会话名称。电台也以此识别客户端，因此更名后会将 sdroxide 当作新客户端。,settings.radio,adapter-generated,crates/sdroxide-ui/src/app/settings/radio.rs:3681
settings.radio.text_3692_3d4eeb,"The identity the radio restores this session's slices and panadapters to. Left empty it is derived from the station name — stable, but the same on every sdroxide that kept the default name, and a radio settles a duplicate by throwing the earlier client off. sdroxide spots that on the wire and falls back to a one-session identity, which costs the restore; put a UUID of your own here to keep it.",电台用于恢复此会话接收切片与全景频谱的身份标识。留空时根据台站名称生成，虽然稳定，但保留默认名称的所有 sdroxide 实例都会相同；电台遇到重复身份会断开先连接的客户端。sdroxide 检测到此情况后会退回仅当前会话有效的身份，从而失去恢复能力。请在此填写自己的 UUID 以保留恢复功能。,settings.radio,adapter-generated,crates/sdroxide-ui/src/app/settings/radio.rs:3692
settings.radio.text_3709_f53fae,"Mirror the radio's I/Q about the centre of the panadapter. Off by default, which is how a FLEX-6600 was verified.

Try it if receive audio is unintelligible on USB *and* on LSB and nothing decodes, while the waterfall looks entirely convincing — that is what a mirrored stream looks like, and it is the one fault with no other symptom (issue #368). If it is not that, turning this on makes it obvious rather than subtle. Applies on Apply / reconnect.","将电台 I/Q 关于全景频谱中心镜像。默认关闭，此设置已在 FLEX-6600 上验证。

若 USB 和 LSB 接收音频都无法听懂，所有信号均无法解码，而瀑布图看似完全正常，可尝试启用。这正是镜像数据流的表现，也是没有其他明显症状的故障（问题 #368）。若原因不是镜像，启用后会更明显地显示出错误。点击“应用／重新连接”后生效。",settings.radio,adapter-generated,crates/sdroxide-ui/src/app/settings/radio.rs:3709
settings.radio.text_3720_cf97ce,Largest datagram the radio may send. 1450 is what SmartSDR itself asks for. Lower it on a path with a smaller MTU — a VPN or a tunnel — where the fragments are dropped and no spectrum arrives at all.,允许电台发送的最大数据报大小。1450 为 SmartSDR 自身使用的值。VPN 或隧道等较小 MTU 的链路可能丢弃分片，导致完全没有频谱；此时请调低。,settings.radio,adapter-generated,crates/sdroxide-ui/src/app/settings/radio.rs:3720
settings.radio.text_3743_44c163,"Checks the radio answers, without registering as a GUI client — so it will not disturb a SmartSDR session already running.",检查电台是否响应，不注册为图形客户端，因此不会干扰正在运行的 SmartSDR 会话。,settings.radio,adapter-generated,crates/sdroxide-ui/src/app/settings/radio.rs:3743
settings.radio.text_3753_47ab19,"Copies the last session's protocol trace to the clipboard, for a bug report.",将上次会话的协议跟踪复制到剪贴板，用于问题报告。,settings.radio,adapter-generated,crates/sdroxide-ui/src/app/settings/radio.rs:3753
settings.radio.text_3770_ad4968,"Wideband IQ receive over DAX, audio transmit the radio modulates. Press ""Apply / reconnect"" to switch without a restart.",通过 DAX 接收宽带 IQ，由电台调制发射音频。点击“应用／重新连接”即可切换，无需重启。,settings.radio,adapter-generated,crates/sdroxide-ui/src/app/settings/radio.rs:3770
settings.radio.text_3777_a0ab89,"Not yet verified against real hardware. If it misbehaves, please send the diagnostic report — it contains every protocol line exchanged with the radio.",尚未经真实硬件验证。如工作异常，请提供诊断报告，其中包含与电台交换的全部协议行。,settings.radio,adapter-generated,crates/sdroxide-ui/src/app/settings/radio.rs:3777
settings.radio.text_3808_b2fed3,"Waiting for the machine the radio is attached to, where the modules are installed. Which device it opens is `device_args` in that machine's config.toml, or its --device.",正在等待连接电台的电脑，该电脑上安装了相关模块。实际打开的设备由该电脑 config.toml 中的 `device_args` 或其 --device 参数指定。,settings.radio,adapter-generated,crates/sdroxide-ui/src/app/settings/radio.rs:3808
settings.radio.text_3823_95a348,"Ask every installed SoapySDR module to scan. Nothing is opened, so this is safe while receiving — but it can take a moment.",请求所有已安装的 SoapySDR 模块扫描设备。不会打开设备，因此接收期间也可安全执行，但可能需要一些时间。,settings.radio,adapter-generated,crates/sdroxide-ui/src/app/settings/radio.rs:3823
settings.radio.text_3840_8c11ef,No SoapySDR devices found. Check that the module for your radio is installed and that you may access the device.,未找到 SoapySDR 设备。请检查是否已安装电台对应模块，以及是否具有设备访问权限。,settings.radio,adapter-generated,crates/sdroxide-ui/src/app/settings/radio.rs:3840
settings.radio.text_3862_6fdb62,"A sound card is listed above as if it were an SDR. It accepts any frequency and ignores it, so opening it shows the sound card's input instead of the band. sdroxide does not pick those automatically — but a device_args line naming one is still obeyed.",上方将声卡像 SDR 一样列出。声卡接受任何频率但不处理调谐，打开后显示的是声卡输入，而非波段。sdroxide 不会自动选择声卡，但仍会遵循 device_args 中明确指定的声卡。,settings.radio,adapter-generated,crates/sdroxide-ui/src/app/settings/radio.rs:3862
settings.radio.text_3887_b7ad33,"Hardware above is supported directly by sdroxide: {names}. Selecting that interface above gives you its own settings — gain stages, filters and notches SoapySDR cannot express — and needs no SoapySDR module.",sdroxide 可直接支持上方硬件：{names}。选择对应接口后可使用其专用设置，包括 SoapySDR 无法表达的增益级、滤波器和陷波器，且无需 SoapySDR 模块。,settings.radio,adapter-generated,crates/sdroxide-ui/src/app/settings/radio.rs:3887
settings.radio.text_388_347ae2,"host:port of a running Hamlib rigctld — 127.0.0.1:4532 is its own default, on this machine.

Start one with, for example, `rigctld -m 2028 -r /dev/ttyUSB0 -s 38400`, where -m is the Hamlib model number for your radio (`rigctl -l` lists them).

This is the catch-all: it reaches the frequency, mode, PTT, power, S-meter and SWR and nothing else. Where one of the native families above fits your radio it does more — keying from the rig's own text buffer, the receive filter, and per-model meter scales.","运行中的 Hamlib rigctld 的主机:端口，本机默认地址为 127.0.0.1:4532。

例如可用 rigctld -m 2028 -r /dev/ttyUSB0 -s 38400 启动；-m 为电台的 Hamlib 型号编号，可用 rigctl -l 查看。

这是通用接口，只控制频率、模式、PTT、功率、S 表和驻波比。若上方有适合该电台的原生协议系列，可提供更多功能，例如电台内部文字键控、接收滤波器及对应型号的仪表刻度。",settings.radio,adapter-generated,crates/sdroxide-ui/src/app/settings/radio.rs:388
settings.radio.text_3898_c18588,"Which one opens is set by --device or device_args in config.toml; with neither, the first radio listed wins.",由 --device 或 config.toml 中的 device_args 决定打开哪个设备；两者均未指定时，使用列表中的第一台电台。,settings.radio,adapter-generated,crates/sdroxide-ui/src/app/settings/radio.rs:3898
settings.radio.text_3979_05c449,RX,接收,settings.radio,adapter-generated,crates/sdroxide-ui/src/app/settings/radio.rs:3979
settings.radio.text_3995_536939,TX,发射,settings.radio,adapter-generated,crates/sdroxide-ui/src/app/settings/radio.rs:3995
settings.radio.text_4060_7356f5,Waiting for the configuration of the machine the radio is attached to.,正在等待连接电台的电脑提供配置。,settings.radio,adapter-generated,crates/sdroxide-ui/src/app/settings/radio.rs:4060
settings.radio.text_4066_a5e497,"These controls appear once a SoapySDR device is open — they are the device's own, and it has to be asked.",打开 SoapySDR 设备后才会显示这些控件。这些是设备自身的设置，需要先向设备查询。,settings.radio,adapter-generated,crates/sdroxide-ui/src/app/settings/radio.rs:4066
settings.radio.text_410_61439a,"host:port of a running flrig — 127.0.0.1:12345 is its own default, on this machine. flrig serves XML-RPC whenever it is running; the port is under its Config → Setup → Server.

Like the Hamlib option this drives a daemon rather than the radio, but through flrig's own per-model driver — on a number of rigs its power and filter handling is the more faithful of the two. It reaches the frequency, mode, PTT, transmit power (in whole watts), the receive bandwidth, the S-meter, SWR and power-out. CW keys through flrig's own cwio port, which must be configured in flrig itself.","运行中的 flrig 的主机:端口，本机默认地址为 127.0.0.1:12345。flrig 运行时提供 XML-RPC，端口位于 Config → Setup → Server。

与 Hamlib 类似，此接口通过后台程序控制电台，但使用 flrig 的型号专用驱动，部分电台的功率和滤波器控制更准确。支持频率、模式、PTT、整瓦发射功率、接收带宽、S 表、驻波比和输出功率。CW 使用 flrig 的 cwio 端口，需在 flrig 中配置。",settings.radio,adapter-generated,crates/sdroxide-ui/src/app/settings/radio.rs:410
settings.radio.text_4110_b940d3,"or, in Msps",或使用 Msps,settings.radio,adapter-generated,crates/sdroxide-ui/src/app/settings/radio.rs:4110
settings.radio.text_4159_72c519,{} settings,{} 项设置,settings.radio,adapter-generated,crates/sdroxide-ui/src/app/settings/radio.rs:4159
settings.radio.text_4238_7356f5,Waiting for the configuration of the machine the radio is attached to.,正在等待连接电台的电脑提供配置。,settings.radio,adapter-generated,crates/sdroxide-ui/src/app/settings/radio.rs:4238
settings.radio.text_4265_f6e0bf,"Re-list the USB bus. No device is opened, so this is safe to press while receiving.",重新扫描 USB 总线。不会打开设备，因此接收期间也可安全执行。,settings.radio,adapter-generated,crates/sdroxide-ui/src/app/settings/radio.rs:4265
settings.radio.text_4286_4a541a,— first one found —,— 首个发现的设备 —,settings.radio,adapter-generated,crates/sdroxide-ui/src/app/settings/radio.rs:4286
settings.radio.text_4323_7afcbe,"0–{:.1} MHz coverage, {:.0} MB/s over USB",覆盖 0–{:.1} MHz，USB 流量 {:.0} MB/s,settings.radio,adapter-generated,crates/sdroxide-ui/src/app/settings/radio.rs:4323
settings.radio.text_4337_b940d3,"or, in Msps",或使用 Msps,settings.radio,adapter-generated,crates/sdroxide-ui/src/app/settings/radio.rs:4337
settings.radio.text_4357_294831,"129.6 Msps needs a SuperSpeed link and a fast host; 64.8 is the safe default. Changing it reopens the receiver automatically, which takes a moment but needs no restart.",129.6 Msps 需要 SuperSpeed 链路和高速主机；64.8 是稳妥的默认值。修改后会自动重新打开接收机，需等待片刻，无需重启。,settings.radio,adapter-generated,crates/sdroxide-ui/src/app/settings/radio.rs:4357
settings.radio.text_4389_3c8f22,Usable on both front ends.,两个前端均可使用。,settings.radio,adapter-generated,crates/sdroxide-ui/src/app/settings/radio.rs:4389
settings.radio.text_4391_b8da5b,"Below the VHF crossover this is an ordinary width. Above it the tuner's 8 MHz IF cannot be centred in a window this wide, so the live spectrum sits off to one side of the panadapter with nothing beside it.",低于 VHF 切换频率时，此频宽正常可用。高于切换频率时，调谐器的 8 MHz 中频无法在如此宽的窗口中居中，实际频谱会偏向全景频谱一侧，旁边没有有效信号。,settings.radio,adapter-generated,crates/sdroxide-ui/src/app/settings/radio.rs:4391
settings.radio.text_4400_83e2c5,of the {:.1} MHz digitised,数字化频宽为 {:.1} MHz,settings.radio,adapter-generated,crates/sdroxide-ui/src/app/settings/radio.rs:4400
settings.radio.text_4412_349e09,"How much of the digitised spectrum the panadapter shows at once. The whole DSP chain runs at this width, so wider costs proportionally more CPU — 1/2 is the entire band in the waterfall, and a serious amount of arithmetic. Above the VHF crossover ({:.1} MHz) the panadapter is not looking at the antenna but at the tuner's IF, which is 8 MHz wide and parked at {:.2} MHz — so anything wider than {} cannot be centred on it, and the extra width is dead spectrum beside the signal rather than more of it.",全景频谱同时显示的数字化频谱宽度。整个 DSP 链以此频宽运行，因此频宽越大，CPU 运算量按比例增加；1/2 表示在瀑布图中显示整个波段，运算量很大。高于 HF/VHF 自动切换频率（{:.1} MHz）时，全景频谱显示调谐器中频而非天线输入；中频宽度为 8 MHz，中心位于 {:.2} MHz。因此宽于 {} 的范围无法以它为中心，增加的是信号旁无用的频谱，而非更多信号。,settings.radio,adapter-generated,crates/sdroxide-ui/src/app/settings/radio.rs:4412
settings.radio.text_4438_519811,"The dial is above the crossover now, so this width is showing the tuner's 8 MHz off-centre with dead spectrum beside it. Narrow the width to fill the panadapter.",当前调谐频率高于自动切换点，此频宽会使调谐器的 8 MHz 信号偏离中心，并显示旁边无用的频谱。请缩窄频宽，让信号充满全景频谱。,settings.radio,adapter-generated,crates/sdroxide-ui/src/app/settings/radio.rs:4438
settings.radio.text_4455_4c9d93,AD8370 variable-gain amplifier ahead of the ADC.,ADC 前的 AD8370 可变增益放大器。,settings.radio,adapter-generated,crates/sdroxide-ui/src/app/settings/radio.rs:4455
settings.radio.text_4471_86b22b,"PE4304 step attenuator, in 0.5 dB steps.",PE4304 步进衰减器，步进为 0.5 dB。,settings.radio,adapter-generated,crates/sdroxide-ui/src/app/settings/radio.rs:4471
settings.radio.text_4484_fc1eb3,Wide (2.25 Vp-p),宽量程（2.25 Vp-p）,settings.radio,adapter-generated,crates/sdroxide-ui/src/app/settings/radio.rs:4484
settings.radio.text_4486_30d960,"Selects the ADC's wider input range: more headroom for strong broadcast signals, fewer counts for weak ones. Off selects the more sensitive 1.5 Vp-p range.",选择 ADC 的较宽输入量程：为强广播信号提供更多余量，但弱信号占用的量化计数更少。关闭时使用更灵敏的 1.5 Vp-p 量程。,settings.radio,adapter-generated,crates/sdroxide-ui/src/app/settings/radio.rs:4486
settings.radio.text_4504_bfc40c,"Adds a small dither signal ahead of the ADC: costs a little noise floor, buys spurious-free dynamic range.",在 ADC 前加入微小抖动信号，以略微增加底噪换取更高的无杂散动态范围。,settings.radio,adapter-generated,crates/sdroxide-ui/src/app/settings/radio.rs:4504
settings.radio.text_4519_14a7e0,The ADC scrambles its output so the digital bus stops radiating into the front end; the driver unscrambles it. Leave this on unless you are debugging. Applies on reconnect.,ADC 对输出进行扰码，避免数字总线向前端辐射干扰；驱动再解扰。除调试外请保持启用。重新连接后生效。,settings.radio,adapter-generated,crates/sdroxide-ui/src/app/settings/radio.rs:4519
settings.radio.text_4552_0635b7,"R828D RF gain, used above the automatic HF/VHF crossover. 29 discrete steps; the nearest is used.",R828D 射频增益，在高于 HF/VHF 自动切换频率时使用。共有 29 个离散步进，采用最接近的值。,settings.radio,adapter-generated,crates/sdroxide-ui/src/app/settings/radio.rs:4552
settings.radio.text_4600_f26ece,Corrects the reference oscillator. Applied when you let go of the value — reopening on every pixel of a drag would restart the receiver hundreds of times.,校正参考振荡器。在释放数值控件后应用，避免拖动中每移动一个像素都重新打开接收机，造成数百次重启。,settings.radio,adapter-generated,crates/sdroxide-ui/src/app/settings/radio.rs:4600
settings.radio.text_4617_09a131,"Receive only. Below the ADC's Nyquist limit the antenna is sampled directly and retuning is instant, because there is no hardware downconverter — the full ADC stream is converted to baseband on the host. Above it the receiver switches to its R828D tuner and the VHF SMA automatically, so both antennas need to be connected. VHF needs an ADC clock of 32.4 Msps or more for the tuner's IF to fit, and at clocks below 48 Msps there is a gap between the two ranges that nothing can reach. Every setting here applies straight away — there is no Apply button to press.",仅接收。低于 ADC 的奈奎斯特频率上限时直接采样天线信号，调谐立即完成：硬件不做下变频，完整 ADC 数据流在主机上转换为基带。高于此频率时自动切换至 R828D 调谐器及 VHF SMA，因此两副天线都需连接。VHF 需要至少 32.4 Msps 的 ADC 时钟才能容纳调谐器中频；时钟低于 48 Msps 时，两个覆盖范围之间会存在无法接收的频率空隙。此处所有设置立即生效，无需点击“应用”。,settings.radio,adapter-generated,crates/sdroxide-ui/src/app/settings/radio.rs:4617
settings.radio.text_4680_7356f5,Waiting for the configuration of the machine the radio is attached to.,正在等待连接电台的电脑提供配置。,settings.radio,adapter-generated,crates/sdroxide-ui/src/app/settings/radio.rs:4680
settings.radio.text_4702_f6e0bf,"Re-list the USB bus. No device is opened, so this is safe to press while receiving.",重新扫描 USB 总线。不会打开设备，因此接收期间也可安全执行。,settings.radio,adapter-generated,crates/sdroxide-ui/src/app/settings/radio.rs:4702
settings.radio.text_4723_4a541a,— first one found —,— 首个发现的设备 —,settings.radio,adapter-generated,crates/sdroxide-ui/src/app/settings/radio.rs:4723
settings.radio.text_4740_78e42c,"The six rates are six different FPGA images, not a register — which is why nothing in ELAD's protocol selects between them, and why what this setting means depends on the model.

FDM-S1 / FDM-S2: a command. Their FPGA is loaded by the computer at every power-up, and sdroxide runs ELAD's own elad-firmware loader to put this rate's image in. Without that loader installed a sampler sends no samples at all, and sdroxide says so on screen.

FDM-DUO: not a command. The radio boots its own FPGA and arrives at whatever rate it powered up in or FDM-SW2 last left it in (192 kHz on a fresh one), and this only says how the stream is READ. Get it wrong and the panadapter is simply the wrong width, with every frequency inside it scaled to match.

The stream's real rate is measured a couple of seconds after it starts, and a mismatch is reported on screen. Takes effect on Apply.","六档采样率对应六个不同的 FPGA 镜像，而非寄存器设置。因此 ELAD 协议中没有选择采样率的命令，此项含义也取决于型号。

FDM-S1／FDM-S2：此项是控制命令。每次上电都由电脑加载 FPGA，sdroxide 调用 ELAD 的 elad-firmware 加载器写入此采样率对应的镜像。未安装加载器时，采样器不会发送任何样本，sdroxide 会在屏幕提示。

FDM-DUO：此项不是控制命令。电台自行启动 FPGA，使用上电时或 FDM-SW2 上次留下的采样率（全新设备为 192 kHz）。此处只指定如何读取数据流，设置错误会导致全景频谱宽度错误，其中所有频率也按相同比例缩放。

数据流启动几秒后会测量实际采样率，并在屏幕报告不匹配。点击“应用”后生效。",settings.radio,adapter-generated,crates/sdroxide-ui/src/app/settings/radio.rs:4740
settings.radio.text_4777_866ab2,FDM-S: the FPGA image loaded — FDM-DUO: how the stream is read,FDM-S：加载的 FPGA 镜像；FDM-DUO：数据流读取方式,settings.radio,adapter-generated,crates/sdroxide-ui/src/app/settings/radio.rs:4777
settings.radio.text_4786_720a4a,"The receiver's input pad — one step, in or out. The same control as the main window's Gain slider.",接收机输入衰减器，只有接入和旁路两档，与主窗口增益滑块控制同一项。,settings.radio,adapter-generated,crates/sdroxide-ui/src/app/settings/radio.rs:4786
settings.radio.text_4790_457ca4,{ELAD_ATTENUATOR_DB:.0} dB pad in,接入 {ELAD_ATTENUATOR_DB:.0} dB 衰减,settings.radio,adapter-generated,crates/sdroxide-ui/src/app/settings/radio.rs:4790
settings.radio.text_4799_5ace05,The low-pass bank in front of the ADC. Bypassing it gives the widest view and the worst behaviour near strong out-of-band signals — a broadcast transmitter a few miles away will put images across the band. Leave it on unless you are deliberately listening outside the filtered range.,ADC 前的低通滤波器组。旁路可提供最宽视野，但在强带外信号附近表现最差，几英里外的广播发射机也可能让整个波段出现镜像。除非特意接收滤波范围外的信号，否则请保持启用。,settings.radio,adapter-generated,crates/sdroxide-ui/src/app/settings/radio.rs:4799
settings.radio.text_4817_afba8f,"The transceiver's CAT USB port, which is a separate cable from the receive one. Leave the port unset on an FDM-S1 or FDM-S2, which have none — and on an FDM-DUO you would rather drive through its receive cable alone, where it can still be tuned and keyed but no meter can be read.",收发信机的 CAT USB 端口，使用与接收端口不同的线缆。FDM-S1 和 FDM-S2 没有此端口，请留空；若 FDM-DUO 只通过接收线缆控制，也可留空，此时仍可调谐与启动发射，但不能读取仪表。,settings.radio,adapter-generated,crates/sdroxide-ui/src/app/settings/radio.rs:4817
settings.radio.text_4827_b50ad2,"With the port set, the radio's display and this dial are the same number in both directions: the FDM-DUO's receive window is built around its VFO, so tuning here moves the front panel and turning the front-panel knob moves the readout here. The panadapter re-centres on the dial as it goes. With no port — or none the radio answers on — there is no VFO to command, and tuning stays inside the window the radio is already sending.",指定端口后，电台显示与此处调谐读数双向同步：FDM-DUO 的接收窗口围绕其 VFO 建立，此处调谐会移动电台前面板频率，旋转前面板旋钮也会更新此处读数，全景频谱随之重新以调谐频率为中心。未指定端口或电台不响应时，无法向 VFO 发命令，只能在电台已发送的窗口内调谐。,settings.radio,adapter-generated,crates/sdroxide-ui/src/app/settings/radio.rs:4827
settings.radio.text_4852_b89344,— none (USB control only) —,— 无，仅 USB 控制 —,settings.radio,adapter-generated,crates/sdroxide-ui/src/app/settings/radio.rs:4852
settings.radio.text_4865_9540a3,"Must match menu 70 ""CAT BAUD"" on the radio, which ships at 38400. The radio has these four rates and no others, and a port opened at any other one is silent both ways — the radio ignores the dial and refuses to key, with nothing to say why.",必须与电台菜单 70“CAT BAUD”一致，出厂为 38400。电台只有这四档速率；使用其他速率打开端口时，双向通信均无响应，电台不接受调谐和发射命令，也无法说明原因。,settings.radio,adapter-generated,crates/sdroxide-ui/src/app/settings/radio.rs:4865
settings.radio.text_4891_94f379,the radio has no {} baud setting — {ELAD_DEFAULT_CAT_BAUD} will be used instead,电台不支持 {} 波特率，将改用 {ELAD_DEFAULT_CAT_BAUD},settings.radio,adapter-generated,crates/sdroxide-ui/src/app/settings/radio.rs:4891
settings.radio.text_4904_ddfee0,"How transmit is keyed. ""CAT"" sends the radio's own TX command and needs nothing set up on the rig; RTS needs menu 54 ""PTT"" set to PTT+RTS.",启动发射的方式。“CAT”发送电台自身 TX 命令，无需在电台上另行设置；RTS 需要将菜单 54“PTT”设为 PTT+RTS。,settings.radio,adapter-generated,crates/sdroxide-ui/src/app/settings/radio.rs:4904
settings.radio.text_4912_44ef0f,"Where the radio takes its transmit audio from — the rig's TI command, which is menu 32 ""TX IN"" at the front panel. Asserted when the port opens.

""USB audio"" is what makes transmit work here: the FDM-DUO sends what sdroxide puts into its USB sound card. A radio left on ""Microphone"" sends the room instead, and nothing on screen says so.","电台的发射音频来源，对应 TI 命令及前面板菜单 32“TX IN”，在打开端口时设置。

“USB 音频”使本软件能够发射：FDM-DUO 发送 sdroxide 写入其 USB 声卡的音频。若电台仍设为“麦克风”，实际发送的会是室内声音，屏幕不会提示这一差异。",settings.radio,adapter-generated,crates/sdroxide-ui/src/app/settings/radio.rs:4912
settings.radio.text_4929_c72a82,"Which of the two sockets on the back the receiver listens on — the rig's AN command, which is menu 31 ""ANTENNAS"" at the front panel and the ""ANT 1 2"" indicator on its display.

""RTX"" is one antenna doing both jobs, on the M-type socket that also carries transmit. ""RX only"" moves receive to the second socket and leaves transmit on RTX — a receiving antenna, a loop or a beverage, with the beam still on the transmitter.

It moves this whole receiver: the panadapter, the demodulators and the rig's own audio all come from the socket selected here.

Applies immediately, and is read back from the radio when the control port opens — this is the rig's own setting, not a copy of it kept here.","接收机使用的后面板天线接口，对应 AN 命令、前面板菜单 31“ANTENNAS”及显示屏“ANT 1 2”指示。

“RTX”使用同时收发的 M 型接口。“仅接收”将接收切换到第二个接口，发射仍使用 RTX，可连接接收专用天线、环形天线或 Beverage 天线，同时让定向天线继续用于发射。

此设置切换整个接收机：全景频谱、解调器和电台自身音频均来自所选接口。

立即生效，并在控制端口打开时从电台读回。这是电台自身设置，此处不另存副本。",settings.radio,adapter-generated,crates/sdroxide-ui/src/app/settings/radio.rs:4929
settings.radio.text_492_94f379,the radio has no {} baud setting — {ELAD_DEFAULT_CAT_BAUD} will be used instead,此电台没有 {} 波特率选项，将改用 {ELAD_DEFAULT_CAT_BAUD},settings.radio,adapter-generated,crates/sdroxide-ui/src/app/settings/radio.rs:492
settings.radio.text_4969_157f41,"How often the radio is asked what it is doing — its dial, its mode and its meters. Turn the rig's own VFO knob and the readout follows within one poll. It is also the whole of the control traffic this end generates, so lower it if the radio's audio breaks up.",向电台查询调谐频率、模式和仪表的频率。旋转电台 VFO 旋钮后，此处读数会在一个轮询周期内更新。这也是本端产生的全部控制流量，若电台音频断续，可降低轮询频率。,settings.radio,adapter-generated,crates/sdroxide-ui/src/app/settings/radio.rs:4969
settings.radio.text_4993_2d5ac6,The FDM-DUO's own USB Audio port. Left on the system default it is almost never the radio — it is the machine's speakers.,FDM-DUO 自身的 USB 音频端口。保持系统默认时，几乎总是电脑扬声器而非电台。,settings.radio,adapter-generated,crates/sdroxide-ui/src/app/settings/radio.rs:4993
settings.radio.text_5008_c634b8,"Copies the last session's trace to the clipboard, for a bug report: every command exchanged with the device, and the first bytes of the sample stream.",将上次会话跟踪复制到剪贴板，用于问题报告：包含与设备交换的全部命令及样本流最初的字节。,settings.radio,adapter-generated,crates/sdroxide-ui/src/app/settings/radio.rs:5008
settings.radio.text_5023_1a2427,"Only receiving on an FDM-DUO has been run on real hardware so far. If anything misbehaves, please attach the diagnostic report to a bug report.",目前仅在真实 FDM-DUO 硬件上测试过接收。如工作异常，请将诊断报告附到问题报告中。,settings.radio,adapter-generated,crates/sdroxide-ui/src/app/settings/radio.rs:5023
settings.radio.text_5030_006854,"CW is keyed by the radio's own key or paddle: the FDM-DUO has no command that accepts text, so the CW panel cannot key it.",CW 由电台自身直键或双桨键操控。FDM-DUO 没有接受文本的命令，因此 CW 面板无法操控其电键发射。,settings.radio,adapter-generated,crates/sdroxide-ui/src/app/settings/radio.rs:5030
settings.radio.text_5063_7356f5,Waiting for the configuration of the machine the radio is attached to.,正在等待连接电台的电脑提供配置。,settings.radio,adapter-generated,crates/sdroxide-ui/src/app/settings/radio.rs:5063
settings.radio.text_5099_f6e0bf,"Re-list the USB bus. No device is opened, so this is safe to press while receiving.",重新扫描 USB 总线。不会打开设备，因此接收期间也可安全执行。,settings.radio,adapter-generated,crates/sdroxide-ui/src/app/settings/radio.rs:5099
settings.radio.text_5121_4a541a,— first one found —,— 首个发现的设备 —,settings.radio,adapter-generated,crates/sdroxide-ui/src/app/settings/radio.rs:5121
settings.radio.text_5145_dff871,Which rates a receiver has depends on the model and the firmware. Takes effect on Apply.,接收机可用的采样率取决于型号和固件。点击“应用”后生效。,settings.radio,adapter-generated,crates/sdroxide-ui/src/app/settings/radio.rs:5145
settings.radio.text_5174_d72fed,every rate any HF+ model offers — connect one to see its own,列出所有 HF+ 型号提供的采样率；连接后可查看该设备支持的采样率,settings.radio,adapter-generated,crates/sdroxide-ui/src/app/settings/radio.rs:5174
settings.radio.text_5185_674df7,The receiver's own gain control. Leave it on for general listening; turn it off to set the attenuator by hand for measurement.,接收机自身的增益控制。一般收听请保持启用；测量时可关闭，手动设置衰减器。,settings.radio,adapter-generated,crates/sdroxide-ui/src/app/settings/radio.rs:5185
settings.radio.text_5201_b4ff09,High trades a little sensitivity for headroom against strong neighbours — the right setting on a crowded band at night.,高模式以少量灵敏度换取对邻近强信号的余量，适合夜间拥挤的波段。,settings.radio,adapter-generated,crates/sdroxide-ui/src/app/settings/radio.rs:5201
settings.radio.text_5213_070bde,"Front-end attenuation, as a gain — 0 dB is none. Only obeyed with the AGC off.",以前端增益形式表示的衰减，0 dB 为无衰减。仅在 AGC 关闭时有效。,settings.radio,adapter-generated,crates/sdroxide-ui/src/app/settings/radio.rs:5213
settings.radio.text_5231_3be718,"The HF low-noise amplifier. Buys sensitivity at the cost of intermodulation, so it is off by default — which is usually right on a real antenna.",HF 低噪声放大器，以增加互调的代价提高灵敏度，因此默认关闭；连接实际天线时通常应保持关闭。,settings.radio,adapter-generated,crates/sdroxide-ui/src/app/settings/radio.rs:5231
settings.radio.text_5243_1eda9d,"Parts per billion — this receiver's own unit, a thousand times finer than the ppm an RTL-SDR uses. Nothing here is ever written to the receiver's flash: this overrides the stored value for the session only.",单位为十亿分之一（ppb），是此接收机自身使用的单位，比 RTL-SDR 的 ppm 精细一千倍。此处不会写入接收机闪存，只在当前会话覆盖已存储的值。,settings.radio,adapter-generated,crates/sdroxide-ui/src/app/settings/radio.rs:5243
settings.radio.text_5249_0dd39a,Use the receiver's stored value,使用接收机存储的值,settings.radio,adapter-generated,crates/sdroxide-ui/src/app/settings/radio.rs:5249
settings.radio.text_5272_72e095,"Not every HF+ has one; on a receiver without, this does nothing.",并非所有 HF+ 都有此功能；不具备该功能的接收机上，此项无效。,settings.radio,adapter-generated,crates/sdroxide-ui/src/app/settings/radio.rs:5272
settings.radio.text_5281_5b6ebd,"The image balancer, the zero-IF offset and the fine-tuning oscillator. Turn it off only to see raw hardware output — with it off, the mirror image appears on the zero-IF rates and the dial is accurate only to the nearest kilohertz.",镜像平衡、零中频偏移和精细调谐振荡器。仅在需要查看原始硬件输出时关闭；关闭后，零中频采样率会出现镜像，调谐精度也只有整 kHz。,settings.radio,adapter-generated,crates/sdroxide-ui/src/app/settings/radio.rs:5281
settings.radio.text_5300_04ab26,"Copies the last session's trace to the clipboard, for a bug report: every command exchanged with the receiver, and the first bytes of the sample stream.",将上次会话跟踪复制到剪贴板，用于问题报告：包含与接收机交换的全部命令及样本流最初的字节。,settings.radio,adapter-generated,crates/sdroxide-ui/src/app/settings/radio.rs:5300
settings.radio.text_5316_630353,"Bias tee is ON. Never connect a transceiver, a grounded antenna, or a preamp powered from elsewhere while this is enabled — the DC goes straight down the feedline.",偏置供电已开启。启用时切勿连接收发信机、直流接地天线或由其他电源供电的前置放大器，因为直流电会直接进入馈线。,settings.radio,adapter-generated,crates/sdroxide-ui/src/app/settings/radio.rs:5316
settings.radio.text_5331_4fe097,"Receive only. No SoapySDR and no libairspyhf needed. Below the synthesiser's floor the host oscillator does the tuning, which is how this receiver reaches VLF. The receiver and sample rate take effect on Apply; everything else applies as you change it.",仅接收。无需 SoapySDR 或 libairspyhf。低于频率合成器下限时由主机振荡器调谐，因此可接收 VLF。接收机选择与采样率在点击“应用”后生效；其他设置随修改立即生效。,settings.radio,adapter-generated,crates/sdroxide-ui/src/app/settings/radio.rs:5331
settings.radio.text_5340_4899de,"Not yet verified against real hardware. If it misbehaves, please send the diagnostic report — it contains every command exchanged with the receiver, and the first bytes of the sample stream decoded as I/Q pairs.",尚未经真实硬件验证。如工作异常，请提供诊断报告，其中包含与接收机交换的全部命令，以及样本流最初按 I/Q 对解码的字节。,settings.radio,adapter-generated,crates/sdroxide-ui/src/app/settings/radio.rs:5340
settings.radio.text_5369_7356f5,Waiting for the configuration of the machine the radio is attached to.,正在等待连接电台的电脑提供配置。,settings.radio,adapter-generated,crates/sdroxide-ui/src/app/settings/radio.rs:5369
settings.radio.text_536_f36348,How transmit is keyed.,启动发射的方式。,settings.radio,adapter-generated,crates/sdroxide-ui/src/app/settings/radio.rs:536
settings.radio.text_538_c97cac,"How transmit is keyed. A network link has no control lines, so DTR and RTS key nothing here — use CAT, which asks the daemon to key the radio, or VOX.",启动发射的方式。网络链路没有控制线，因此 DTR 和 RTS 无法在此启动发射；请选择 CAT，由守护进程请求电台发射，或使用 VOX。,settings.radio,adapter-generated,crates/sdroxide-ui/src/app/settings/radio.rs:538
settings.radio.text_5392_f6e0bf,"Re-list the USB bus. No device is opened, so this is safe to press while receiving.",重新扫描 USB 总线。不会打开设备，因此接收期间也可安全执行。,settings.radio,adapter-generated,crates/sdroxide-ui/src/app/settings/radio.rs:5392
settings.radio.text_5413_4a541a,— first one found —,— 首个发现的设备 —,settings.radio,adapter-generated,crates/sdroxide-ui/src/app/settings/radio.rs:5413
settings.radio.text_5444_1acbef,read from this receiver,从此接收机读取,settings.radio,adapter-generated,crates/sdroxide-ui/src/app/settings/radio.rs:5444
settings.radio.text_5446_8cb39b,an R2 and a Mini offer different rates and cannot be told apart until one is open,R2 与 Mini 提供的采样率不同，打开设备前无法区分,settings.radio,adapter-generated,crates/sdroxide-ui/src/app/settings/radio.rs:5446
settings.radio.text_5460_99619e,This is the rate you get. The receiver's ADC runs at twice it — it digitises a real signal and sdroxide makes complex baseband from it on the host.,这是实际获得的采样率。接收机 ADC 以两倍速率运行，将实信号数字化，再由 sdroxide 在主机上生成复数基带。,settings.radio,adapter-generated,crates/sdroxide-ui/src/app/settings/radio.rs:5460
settings.radio.text_5490_02f0a1,"A step along the curve above, not a dB figure — the tuner's LNA, mixer and VGA move together, and how much each step is worth depends on the curve and the band. 0 is the quiet end.",上方曲线中的步进位置，并非 dB 数。调谐器的 LNA、混频器和 VGA 同时变化，每步增益取决于曲线及波段。0 为最低增益端。,settings.radio,adapter-generated,crates/sdroxide-ui/src/app/settings/radio.rs:5490
settings.radio.text_5504_6fe6f1,"Hands the LNA to the tuner's own loop, overriding the curve.",将 LNA 交给调谐器自身控制环，覆盖曲线设置。,settings.radio,adapter-generated,crates/sdroxide-ui/src/app/settings/radio.rs:5504
settings.radio.text_550_5f488b,"What to put the radio in for a mode sdroxide modulates through its sound card. ""DIGI"" selects the rig's DATA/PKT position, which takes the transmit audio from the USB or ACC input with the microphone path's speech processing out of it; ""USB"" leaves it on the plain sideband, for a radio already set to modulate SSB from its data input or one with no DATA position at all.

It covers every digital mode — FT8, FT4, PSK, RTTY, SSTV and the rest — and CW sent as ""Sound card"", and it overrides Mode control for them. SSTV is the one whose sideband follows the band, so there it means the DATA position on that sideband: USB-D above 40 m, LSB-D at and below it. SSTV-FM is not part of it — an FM carrier has no sideband to choose.","选择 SDRoxide 通过声卡调制时使用的电台模式。“DIGI”选择 DATA／PKT，使用 USB 或 ACC 发射音频输入，绕过麦克风话音处理；“USB”使用普通边带，适用于已将 SSB 发射音频设为数据输入，或没有 DATA 模式的电台。

适用于 FT8、FT4、PSK、RTTY、SSTV 等全部数字模式，以及采用声卡发送的 CW，并优先于模式控制设置。SSTV 的边带随波段变化：高于 40 m 使用 USB-D，40 m 及以下使用 LSB-D。SSTV-FM 不受此项影响，因为 FM 没有需要选择的边带。",settings.radio,adapter-generated,crates/sdroxide-ui/src/app/settings/radio.rs:550
settings.radio.text_5511_90b256,The same for the mixer stage.,对混频器级执行同样的自动控制。,settings.radio,adapter-generated,crates/sdroxide-ui/src/app/settings/radio.rs:5511
settings.radio.text_5523_7b39d8,"With a loop running, the gain slider no longer sets the stage it owns — the loop overwrites it.",控制环运行时，增益滑块不再控制对应增益级，数值由控制环覆盖。,settings.radio,adapter-generated,crates/sdroxide-ui/src/app/settings/radio.rs:5523
settings.radio.text_5543_2ef681,12-bit packing,12 位打包,settings.radio,adapter-generated,crates/sdroxide-ui/src/app/settings/radio.rs:5543
settings.radio.text_5549_fa75d4,A third less USB traffic. Leave it on: this is a USB 2.0 device and the top rate is 30 MB/s packed against 40 unpacked. Applies on reconnect.,USB 流量减少三分之一。请保持启用：这是 USB 2.0 设备，最高采样率下打包为 30 MB/s，未打包为 40 MB/s。重新连接后生效。,settings.radio,adapter-generated,crates/sdroxide-ui/src/app/settings/radio.rs:5549
settings.radio.text_5562_250062,Remove the ADC's offset,去除 ADC 偏移,settings.radio,adapter-generated,crates/sdroxide-ui/src/app/settings/radio.rs:5562
settings.radio.text_5564_e2f48a,"Turn it off to see raw hardware output. Worth knowing where the spur goes: the offset lands at the edge of the span, not its centre, because the signal is translated by a quarter of the sample rate on the way through.",关闭可查看原始硬件输出。偏移杂散位于频宽边缘而非中心，因为处理中将信号平移了四分之一采样率。,settings.radio,adapter-generated,crates/sdroxide-ui/src/app/settings/radio.rs:5564
settings.radio.text_5580_630353,"Bias tee is ON. Never connect a transceiver, a grounded antenna, or a preamp powered from elsewhere while this is enabled — the DC goes straight down the feedline.",偏置供电已开启。启用时切勿连接收发信机、直流接地天线或由其他电源供电的前置放大器，因为直流电会直接进入馈线。,settings.radio,adapter-generated,crates/sdroxide-ui/src/app/settings/radio.rs:5580
settings.radio.text_5597_5a424c,"Every command exchanged with the receiver, the sample-rate arithmetic, and the first samples decoded as I/Q.",与接收机交换的全部命令、采样率计算及最初按 I/Q 解码的样本。,settings.radio,adapter-generated,crates/sdroxide-ui/src/app/settings/radio.rs:5597
settings.radio.text_5609_380a02,"Receive only, 24–1800 MHz. No SoapySDR and no libairspy needed. The receiver, sample rate and packing take effect on Apply; everything else applies as you change it.",仅接收，24–1800 MHz。无需 SoapySDR 或 libairspy。接收机选择、采样率和打包方式在点击“应用”后生效；其他设置随修改立即生效。,settings.radio,adapter-generated,crates/sdroxide-ui/src/app/settings/radio.rs:5609
settings.radio.text_5617_697e61,"Not yet verified against real hardware. If it misbehaves, please send the diagnostic report — it contains every command exchanged with the receiver, the rate arithmetic, and the first samples decoded as I/Q pairs.",尚未经真实硬件验证。如工作异常，请提供诊断报告，其中包含与接收机交换的全部命令、采样率计算及最初按 I/Q 对解码的样本。,settings.radio,adapter-generated,crates/sdroxide-ui/src/app/settings/radio.rs:5617
settings.radio.text_5650_7356f5,Waiting for the configuration of the machine the radio is attached to.,正在等待连接电台的电脑提供配置。,settings.radio,adapter-generated,crates/sdroxide-ui/src/app/settings/radio.rs:5650
settings.radio.text_566_d80c4f,"How the CW panel's keyer transmits. ""Rig keyer"" puts the radio in CW and hands it the text to send with its own keyer. It uses the rig's keyer speed (set from the panel's WPM), and on Yaesu it sends by way of keyer memory 1, overwriting whatever was stored in it.

It needs break-in on at the radio, which sdroxide turns on itself with each message on Icom, Yaesu and Kenwood — a rig with break-in off takes the message and transmits nothing. It is left on afterwards, and a full break-in is never turned down to semi.

""Sound card"" sends the keyed sidetone as audio instead (MCW), a tone at dial + pitch — and because a rig in CW would ignore its sound card entirely, selecting CW then follows the Digimode mode setting (USB, DATA, or Radio controlled) instead of switching the rig to CW. Pick ""Radio controlled"" there for rigs whose data position can't be commanded over CAT (a Xiegu's U-D) and park the rig on it yourself, as for FT8.","CW 面板的发射方式。“电台键控器”将电台设为 CW，并把文字交给其内部键控器发送，速度由面板的 WPM 设置。Yaesu 使用键控器存储槽位 1，会覆盖其中原有内容。

电台需启用插入功能。每次向 Icom、Yaesu、Kenwood 发送文字时，SDRoxide 会自行启用插入；关闭插入时，电台只接收文字而不发射。之后保持启用，原有全插入不会被改为半插入。

“声卡”以音频发送键控侧音（MCW），位于频率读数加侧音音高处。电台在 CW 模式下会忽略声卡，所以此时选择 CW 将跟随数字模式设置（USB、DATA 或由电台控制），而不直接切到 CW。对不能通过 CAT 选择数据模式的电台（如 Xiegu 的 U-D），请选择“由电台控制”，并像使用 FT8 一样手动将电台置于相应模式。",settings.radio,adapter-generated,crates/sdroxide-ui/src/app/settings/radio.rs:566
settings.radio.text_5673_f6e0bf,"Re-list the USB bus. No device is opened, so this is safe to press while receiving.",重新扫描 USB 总线。不会打开设备，因此接收期间也可安全执行。,settings.radio,adapter-generated,crates/sdroxide-ui/src/app/settings/radio.rs:5673
settings.radio.text_5695_4a541a,— first one found —,— 首个发现的设备 —,settings.radio,adapter-generated,crates/sdroxide-ui/src/app/settings/radio.rs:5695
settings.radio.text_5725_e93a37,these are the rates this receiver turned out to have,此接收机实际支持的采样率,settings.radio,adapter-generated,crates/sdroxide-ui/src/app/settings/radio.rs:5725
settings.radio.text_5727_194bbe,the receiver only reports three of these; the rest are in the firmware's alternate table and an older build may not carry them,接收机只报告其中三档；其他来自固件的备用表，较旧固件可能不具备,settings.radio,adapter-generated,crates/sdroxide-ui/src/app/settings/radio.rs:5727
settings.radio.text_5741_99619e,This is the rate you get. The receiver's ADC runs at twice it — it digitises a real signal and sdroxide makes complex baseband from it on the host.,这是实际获得的采样率。接收机 ADC 以两倍速率运行，将实信号数字化，再由 sdroxide 在主机上生成复数基带。,settings.radio,adapter-generated,crates/sdroxide-ui/src/app/settings/radio.rs:5741
settings.radio.text_5799_02f0a1,"A step along the curve above, not a dB figure — the tuner's LNA, mixer and VGA move together, and how much each step is worth depends on the curve and the band. 0 is the quiet end.",上方曲线中的步进位置，并非 dB 数。调谐器的 LNA、混频器和 VGA 同时变化，每步增益取决于曲线及波段。0 为最低增益端。,settings.radio,adapter-generated,crates/sdroxide-ui/src/app/settings/radio.rs:5799
settings.radio.text_5813_6fe6f1,"Hands the LNA to the tuner's own loop, overriding the curve.",将 LNA 交给调谐器自身控制环，覆盖曲线设置。,settings.radio,adapter-generated,crates/sdroxide-ui/src/app/settings/radio.rs:5813
settings.radio.text_5820_90b256,The same for the mixer stage.,对混频器级执行同样的自动控制。,settings.radio,adapter-generated,crates/sdroxide-ui/src/app/settings/radio.rs:5820
settings.radio.text_5836_7b39d8,"With a loop running, the gain slider no longer sets the stage it owns — the loop overwrites it.",控制环运行时，增益滑块不再控制对应增益级，数值由控制环覆盖。,settings.radio,adapter-generated,crates/sdroxide-ui/src/app/settings/radio.rs:5836
settings.radio.text_5851_b65b5f,Powers an active antenna or preamp down the coax. Only the ANT socket has one — the two cable ports are plain inputs.,通过同轴线为有源天线或前置放大器供电。只有 ANT 接口具备此功能，两个有线接口均为普通输入。,settings.radio,adapter-generated,crates/sdroxide-ui/src/app/settings/radio.rs:5851
settings.radio.text_585_9e1702,"How often the radio is asked what it is doing — its dial, its mode and its meters. This is the half of the control link that runs from the radio back to sdroxide: turn the rig's own VFO knob or change its mode on the front panel and the readout, the band and the panadapter follow within one poll.

It is also the whole of the control traffic this end generates, and on a modern Icom that traffic is not free: the CI-V port and the sound card sit behind one USB hub inside the radio, so frames asked for here are bus time the audio does not get — heard as dropouts that look like a DSP fault and are not one. The default of 2 Hz is half a second behind the knob and quiet enough to stay out of the audio's way. Raise it where the control port is its own device (a separate USB-serial adapter, a network rigctld); lower it if the radio's audio breaks up.

An Icom with CI-V Transceive switched on in its own menu needs none of this for the dial: it reports the knob the instant it moves, and sdroxide stands the dial poll down as soon as it sees it do so — and picks it back up again if the radio ever moves without saying so.

The rate is the dial's. The mode rides along with only every fourth poll, since it is a setting that changes a few times in an evening rather than one that follows a knob.","查询电台频率、模式和仪表的频率。转动电台 VFO 旋钮或在前面板更改模式时，软件读数、波段和频谱会在一次轮询内跟随。

这也是软件向电台产生的主要控制流量。现代 Icom 的 CI-V 和声卡共用机内 USB 集线器，控制帧占用的总线时间会挤占音频，导致类似 DSP 故障的掉音。默认 2 Hz，比旋钮变化最多滞后半秒，也较少影响音频。控制端口为独立 USB 串口或网络 rigctld 时可提高；音频断续时应降低。

Icom 启用 CI-V Transceive 后，会在旋钮变化时立即报告，SDRoxide 检测到后暂停频率轮询；若电台出现未主动报告的变化，会恢复轮询。

所设值是频率轮询速率。模式变化较少，仅每四次轮询查询一次。",settings.radio,adapter-generated,crates/sdroxide-ui/src/app/settings/radio.rs:585
settings.radio.text_5865_2ef681,12-bit packing,12 位打包,settings.radio,adapter-generated,crates/sdroxide-ui/src/app/settings/radio.rs:5865
settings.radio.text_5871_924f15,A third less USB traffic. Leave it on: this is a USB 2.0 device and the top rate is 36 MB/s packed against 48 unpacked. Applies on reconnect.,USB 流量减少三分之一。请保持启用：这是 USB 2.0 设备，最高采样率下打包为 36 MB/s，未打包为 48 MB/s。重新连接后生效。,settings.radio,adapter-generated,crates/sdroxide-ui/src/app/settings/radio.rs:5871
settings.radio.text_5884_250062,Remove the ADC's offset,去除 ADC 偏移,settings.radio,adapter-generated,crates/sdroxide-ui/src/app/settings/radio.rs:5884
settings.radio.text_5886_e2f48a,"Turn it off to see raw hardware output. Worth knowing where the spur goes: the offset lands at the edge of the span, not its centre, because the signal is translated by a quarter of the sample rate on the way through.",关闭可查看原始硬件输出。偏移杂散位于频宽边缘而非中心，因为处理中将信号平移了四分之一采样率。,settings.radio,adapter-generated,crates/sdroxide-ui/src/app/settings/radio.rs:5886
settings.radio.text_5902_630353,"Bias tee is ON. Never connect a transceiver, a grounded antenna, or a preamp powered from elsewhere while this is enabled — the DC goes straight down the feedline.",偏置供电已开启。启用时切勿连接收发信机、直流接地天线或由其他电源供电的前置放大器，因为直流电会直接进入馈线。,settings.radio,adapter-generated,crates/sdroxide-ui/src/app/settings/radio.rs:5902
settings.radio.text_5914_4bb994,"One of these boards is on 1d50:60a1, the USB id HydraSDR's prototypes share with the Airspy R2 and Mini. sdroxide checks the firmware after opening and will say so if the wrong interface has been picked, in either direction.",部分板卡使用 USB ID 1d50:60a1，HydraSDR 原型与 Airspy R2、Mini 共用此标识。sdroxide 打开设备后检查固件，无论误选哪一方向的接口，都会提示。,settings.radio,adapter-generated,crates/sdroxide-ui/src/app/settings/radio.rs:5914
settings.radio.text_5932_5a424c,"Every command exchanged with the receiver, the sample-rate arithmetic, and the first samples decoded as I/Q.",与接收机交换的全部命令、采样率计算及最初按 I/Q 解码的样本。,settings.radio,adapter-generated,crates/sdroxide-ui/src/app/settings/radio.rs:5932
settings.radio.text_5944_098157,"Receive only, 24–1800 MHz. No SoapySDR and no libhydrasdr needed. The receiver, sample rate and packing take effect on Apply; everything else applies as you change it.",仅接收，24–1800 MHz。无需 SoapySDR 或 libhydrasdr。接收机选择、采样率和打包方式在点击“应用”后生效；其他设置随修改立即生效。,settings.radio,adapter-generated,crates/sdroxide-ui/src/app/settings/radio.rs:5944
settings.radio.text_5952_697e61,"Not yet verified against real hardware. If it misbehaves, please send the diagnostic report — it contains every command exchanged with the receiver, the rate arithmetic, and the first samples decoded as I/Q pairs.",尚未经真实硬件验证。如工作异常，请提供诊断报告，其中包含与接收机交换的全部命令、采样率计算及最初按 I/Q 对解码的样本。,settings.radio,adapter-generated,crates/sdroxide-ui/src/app/settings/radio.rs:5952
settings.radio.text_5985_7356f5,Waiting for the configuration of the machine the radio is attached to.,正在等待连接电台的电脑提供配置。,settings.radio,adapter-generated,crates/sdroxide-ui/src/app/settings/radio.rs:5985
settings.radio.text_59_4cc9b8,"Which socket on the back the radio is using — its own ANT command, the same setting as the ANT button on the front panel.

Applies immediately, and it is the radio's setting rather than a copy kept here: the socket the radio is on is read back when the session opens.

The choice is remembered per band. Switch to the beam on 2 m and the wire on 40, and each comes back the next time the dial crosses into that band — and the next time sdroxide starts. A memory channel stored here carries its socket too.","电台后面板使用的天线接口，对应电台自身的 ANT 命令，与前面板 ANT 按钮相同。

立即生效，设置由电台持有；每次连接时会读取电台当前接口。

按波段保存选择，例如 2 m 使用定向天线、40 m 使用线天线，再次进入该波段或重新启动 SDRoxide 时会恢复选择。这里保存的记忆信道也记录天线接口。",settings.radio,adapter-generated,crates/sdroxide-ui/src/app/settings/radio.rs:59
settings.radio.text_6007_835bd5,"Re-list Fobos SDRs. No device is opened, so this is safe to press while receiving.",重新列出 Fobos SDR。不会打开设备，因此接收期间也可安全执行。,settings.radio,adapter-generated,crates/sdroxide-ui/src/app/settings/radio.rs:6007
settings.radio.text_6028_4a541a,— first one found —,— 首个发现的设备 —,settings.radio,adapter-generated,crates/sdroxide-ui/src/app/settings/radio.rs:6028
settings.radio.text_6065_7b9b53,"Direct sampling — the tuner (and so LNA/VGA gain) is not in the path. The rate below is a target for the software downconverter, not a hardware setting, so the achieved rate can differ from it.",直接采样：调谐器不在信号路径中，因此 LNA/VGA 增益无效。下方采样率是软件下变频器的目标值，而非硬件设置，实际采样率可能有所不同。,settings.radio,adapter-generated,crates/sdroxide-ui/src/app/settings/radio.rs:6065
settings.radio.text_6093_a98307,this receiver's own reported rates,此接收机自身报告的采样率,settings.radio,adapter-generated,crates/sdroxide-ui/src/app/settings/radio.rs:6093
settings.radio.text_6095_00a8c5,measured on one real unit — connect this receiver and Rescan to see its own list,来自一台实机测量；连接此接收机并重新扫描，可查看它自己的列表,settings.radio,adapter-generated,crates/sdroxide-ui/src/app/settings/radio.rs:6095
settings.radio.text_613_af6529,"Which transceiver generation keys the rig, for PTT method ""CAT"". The two disagree about what the TX parameter means and nothing on the wire tells them apart, so pick the one that matches your radio.

""TS-2000 style (TX;)"" — TS-480, TS-570, TS-870, TS-2000: the ordinary send, on the main band.

""TS-590 style (TX1;)"" — TS-590S/SG, TS-890, TS-990: DATA SEND, which keys with the ACC2/USB audio input live. On these rigs the plain send selects the microphone instead and mutes the audio sdroxide transmits.

Set wrong, a TS-590 transmits silence — but a TS-2000 transmits on the sub-band, which is another band entirely.","PTT 方式为 CAT 时，选择收发机的命令代际。两代电台对 TX 参数的解释不同，协议不会自动区分，请按型号选择。

TS-2000 风格（TX;）：适用于 TS-480、TS-570、TS-870、TS-2000，在主波段进行普通发射。

TS-590 风格（TX1;）：适用于 TS-590S／SG、TS-890、TS-990，使用 DATA SEND 并启用 ACC2／USB 音频。这些电台的普通发射命令会选择麦克风并关闭 SDRoxide 的发射音频。

选错后，TS-590 会发射静音；TS-2000 则可能在副波段发射，与主波段完全不同。",settings.radio,adapter-generated,crates/sdroxide-ui/src/app/settings/radio.rs:613
settings.radio.text_6151_9dbddc, taps, 抽头,settings.radio,adapter-generated,crates/sdroxide-ui/src/app/settings/radio.rs:6151
settings.radio.text_6154_e67375,"One tap is a gain and a phase — a null at one frequency that gets worse either side of it, which is all an analogue phaser can do. Each further tap buys one sample period of the path difference between HF1 and HF2 that the filter can equalise, which is what turns that notch into a band quiet all the way across.",一个抽头只能调整增益和相位，在一个频率产生零陷，两侧效果逐渐变差，与模拟移相器相同。每增加一个抽头，滤波器便可再均衡 HF1 与 HF2 路径之间一个采样周期的时差，从而将单点陷波扩展为整个频带内的抑制。,settings.radio,adapter-generated,crates/sdroxide-ui/src/app/settings/radio.rs:6154
settings.radio.text_6188_2fe432,"Receive only. RF port (tuner), HF1/HF2 (direct sampling, decoded in software) and HF1+HF2 (both at once, combined by the diversity filter) all work. The receiver, input and sample rate take effect on Apply; gain, clock source and taps apply as you change them — the diversity filter's mode, adapt rate and hold are on the main window's own DIV box once this radio is selected.",仅接收。RF 端口（调谐器）、HF1/HF2（直接采样，由软件解码）及 HF1+HF2（同时采样，由分集滤波器合成）均可使用。接收机选择、输入和采样率在点击“应用”后生效；增益、时钟源及抽头数随修改立即生效。选择此电台后，分集滤波器的模式、自适应速率和保持设置位于主窗口的 DIV 控件中。,settings.radio,adapter-generated,crates/sdroxide-ui/src/app/settings/radio.rs:6188
settings.radio.text_6218_7356f5,Waiting for the configuration of the machine the radio is attached to.,正在等待连接电台的电脑提供配置。,settings.radio,adapter-generated,crates/sdroxide-ui/src/app/settings/radio.rs:6218
settings.radio.text_6253_f6e0bf,"Re-list the USB bus. No device is opened, so this is safe to press while receiving.",重新扫描 USB 总线。不会打开设备，因此接收期间也可安全执行。,settings.radio,adapter-generated,crates/sdroxide-ui/src/app/settings/radio.rs:6253
settings.radio.text_6274_4a541a,— first one found —,— 首个发现的设备 —,settings.radio,adapter-generated,crates/sdroxide-ui/src/app/settings/radio.rs:6274
settings.radio.text_6315_b0177e,"Front-end amplifier, in 8 dB steps. This is the stage that changes sensitivity — and the stage that overloads first on a real antenna.",前端放大器，步进为 8 dB。这一级决定灵敏度，也是连接实际天线时最先过载的一级。,settings.radio,adapter-generated,crates/sdroxide-ui/src/app/settings/radio.rs:6315
settings.radio.text_6331_cf4a0b,"Baseband amplifier after the mixer, in 2 dB steps. Turn this up for a weak signal before reaching for the LNA.",混频器后的基带放大器，步进为 2 dB。弱信号时先提高此项，再考虑 LNA。,settings.radio,adapter-generated,crates/sdroxide-ui/src/app/settings/radio.rs:6331
settings.radio.text_6344_ff7bcc,{:.0} dB preamp on receive,接收时使用 {:.0} dB 前置放大,settings.radio,adapter-generated,crates/sdroxide-ui/src/app/settings/radio.rs:6344
settings.radio.text_6347_56955b,"One switch, shared with the transmit setting below — the radio applies whichever belongs to the direction it is entering. Off is usually right on a real antenna.",与下方发射设置共用同一个开关；电台切换收发方向时应用相应设置。连接实际天线时通常应关闭。,settings.radio,adapter-generated,crates/sdroxide-ui/src/app/settings/radio.rs:6347
settings.radio.text_6390_9c6327,"A HackRF Pro chooses this itself — three quarters of the sample rate, filtered in the FPGA — and ignores anything the host asks for.",HackRF Pro 自行选择此项，为采样率的四分之三，并在 FPGA 内滤波，忽略主机请求的值。,settings.radio,adapter-generated,crates/sdroxide-ui/src/app/settings/radio.rs:6390
settings.radio.text_6394_9f0585,Leave on Automatic. Choosing one too narrow does not just soften the band edges — it withdraws the LO offset that keeps the DC spike off your signal.,保持自动。选得过窄不仅会削弱波段边缘，还会取消本振偏移，使直流尖峰重新落在信号上。,settings.radio,adapter-generated,crates/sdroxide-ui/src/app/settings/radio.rs:6394
settings.radio.text_639_9845cc,"One profile covers the family: the K3 command set, which the KX3, KX2 and K4 all answer. There is nothing to pick here — how many watts the Drive slider spans (12 on a bare KX2 or KX3, 110 with a KPA3 or a KXPA100) is read from the rig's own option-module query when the port opens.

Note the baud rates above: the K3, K3S, KX3 and KX2 go no faster than 38400, and a rig set below the rate chosen here answers nothing at all.","同一配置覆盖 K3 命令集，以及兼容的 KX3、KX2、K4。无需再选型号；打开端口时，会根据电台的选件查询确定激励滑块对应的功率范围：裸机 KX2／KX3 为 12 W，安装 KPA3 或 KXPA100 时为 110 W。

注意上方波特率：K3、K3S、KX3、KX2 最高为 38400。电台速率低于软件选择值时，不会响应。",settings.radio,adapter-generated,crates/sdroxide-ui/src/app/settings/radio.rs:639
settings.radio.text_6409_b96650,"About 3 V at 50 mA down the coax, for an active antenna or a preamp. A HackRF One or Pro only; the Jawbreaker and rad1o have no such circuit.",通过同轴线提供约 3 V、50 mA，为有源天线或前置放大器供电。仅 HackRF One 或 Pro 支持，Jawbreaker 和 rad1o 没有此电路。,settings.radio,adapter-generated,crates/sdroxide-ui/src/app/settings/radio.rs:6409
settings.radio.text_6423_1cba84,"This is a zero-IF radio, so its own LO leakage sits mid-span and the mixer's quadrature error puts a mirror image across it. Turning this off shows raw hardware output, which is the quick way to tell a driver problem from a DSP one.",这是零中频电台，本振泄漏位于频谱中心，混频器正交误差产生关于中心对称的镜像。关闭可查看原始硬件输出，快速区分驱动问题与 DSP 问题。,settings.radio,adapter-generated,crates/sdroxide-ui/src/app/settings/radio.rs:6423
settings.radio.text_6458_630353,"Bias tee is ON. Never connect a transceiver, a grounded antenna, or a preamp powered from elsewhere while this is enabled — the DC goes straight down the feedline.",偏置供电已开启。启用时切勿连接收发信机、直流接地天线或由其他电源供电的前置放大器，因为直流电会直接进入馈线。,settings.radio,adapter-generated,crates/sdroxide-ui/src/app/settings/radio.rs:6458
settings.radio.text_6474_6e8596,"Off by default. While this is off the backend publishes no transmit channel at all, so nothing can key the radio. Applies on reconnect.",默认关闭。关闭时后端不提供任何发射通道，因此无法启动电台发射。重新连接后生效。,settings.radio,adapter-generated,crates/sdroxide-ui/src/app/settings/radio.rs:6474
settings.radio.text_6486_8afbd6,"The transmit driver amplifier. Drive is applied digitally before this stage, so leave the drive high and set output level here — turning drive down instead runs the DAC at a fraction of full scale and raises intermodulation.",发射驱动放大器。驱动电平在此前以数字方式应用，因此应保持较高驱动电平，在此设置输出；改为降低驱动会使 DAC 只利用部分满量程，并增加互调。,settings.radio,adapter-generated,crates/sdroxide-ui/src/app/settings/radio.rs:6486
settings.radio.text_6505_045d49,{:.0} dB preamp on transmit,发射时使用 {:.0} dB 前置放大,settings.radio,adapter-generated,crates/sdroxide-ui/src/app/settings/radio.rs:6505
settings.radio.text_6508_41a76f,"The same switch as the receive setting above, applied when the radio changes direction.",与上方接收设置共用同一个开关，在电台切换收发方向时应用。,settings.radio,adapter-generated,crates/sdroxide-ui/src/app/settings/radio.rs:6508
settings.radio.text_6527_e99125,"Transmit is armed. Into a dummy load until you have measured it: a HackRF's harmonics are strong enough to need an external low-pass filter for the band you are on, and it is half duplex, so receive stops for the length of every over.",已允许发射。完成测量前请连接假负载：HackRF 的谐波较强，需要当前波段的外置低通滤波器；它是半双工设备，每次发射期间会停止接收。,settings.radio,adapter-generated,crates/sdroxide-ui/src/app/settings/radio.rs:6527
settings.radio.text_653_c4b004,"Where the radio takes its transmit audio from — the rig's TI command, which is menu 32 ""TX IN"" at the front panel. Asserted when the port opens.

""USB audio"" is what makes this interface work: the FDM-DUO transmits what sdroxide puts into its USB sound card. A radio left on ""Microphone"" sends the room instead, and nothing on screen says so.

""Auto"" lets the rig choose — the microphone for a PTT press on the microphone, the USB port for a CAT or RTS key-down.

""Leave as set on the radio"" sends no TI at all, for an operator who sets this at the front panel.","电台发射音频来源，对应 TI 命令及前面板菜单 32“TX IN”，打开端口时设置。

选择“USB 音频”才能发送 SDRoxide 输出到 USB 声卡的音频；若保持“麦克风”，电台会发送房间里的声音，界面不会提示这一点。

“自动”由电台决定：麦克风 PTT 使用麦克风，CAT 或 RTS 发射使用 USB。

“保持电台当前设置”不发送 TI 命令，适合从前面板自行设置的用户。",settings.radio,adapter-generated,crates/sdroxide-ui/src/app/settings/radio.rs:653
settings.radio.text_6553_f77da3,"Every command exchanged with the radio this session, in order, including the sequence around each key-down.",按顺序记录此会话与电台交换的全部命令，包括每次电键按下前后的命令序列。,settings.radio,adapter-generated,crates/sdroxide-ui/src/app/settings/radio.rs:6553
settings.radio.text_6566_eccb3c,"DC – 7.25 GHz, half duplex. No SoapySDR, no libusb and no libhackrf needed. The radio and the sample rate take effect on Apply; everything else applies as you change it. The band edges are the firmware's: a HackRF is specified for 1 MHz – 6 GHz (100 kHz on a Pro) and is heavily attenuated outside that, but it does tune there.",直流至 7.25 GHz，半双工。无需 SoapySDR、libusb 或 libhackrf。电台选择与采样率在点击“应用”后生效；其他设置随修改立即生效。覆盖边界来自固件：HackRF 标称为 1 MHz–6 GHz（Pro 下限为 100 kHz），范围外虽可调谐，但信号会大幅衰减。,settings.radio,adapter-generated,crates/sdroxide-ui/src/app/settings/radio.rs:6566
settings.radio.text_6605_7356f5,Waiting for the configuration of the machine the radio is attached to.,正在等待连接电台的电脑提供配置。,settings.radio,adapter-generated,crates/sdroxide-ui/src/app/settings/radio.rs:6605
settings.radio.text_6673_cce436,"Serial {} is not among the receivers the SDRplay service reports. Pick one of the listed receivers, or replug this one and press Rescan.",SDRplay 服务报告的接收机中没有序列号 {}。请选择列表中的接收机，或重新插拔此设备后点击“重新扫描”。,settings.radio,adapter-generated,crates/sdroxide-ui/src/app/settings/radio.rs:6673
settings.radio.text_6706_a7d97c,"Ask the SDRplay API service for its device list. Nothing is opened, so this is safe to press while receiving.",请求 SDRplay API 服务提供设备列表。不会打开设备，因此接收期间也可安全执行。,settings.radio,adapter-generated,crates/sdroxide-ui/src/app/settings/radio.rs:6706
settings.radio.text_6733_4a541a,— first one found —,— 首个发现的设备 —,settings.radio,adapter-generated,crates/sdroxide-ui/src/app/settings/radio.rs:6733
settings.radio.text_6752_187f7c,"With both tuners running, the API fixes the ADC at 6 MHz and hands back 2 Msps from a low IF — so 2 Msps is the widest span, and the narrower ones are that decimated. Takes effect on Apply.",双调谐器运行时，API 将 ADC 固定为 6 MHz，并从低中频输出 2 Msps。因此最大频宽为 2 Msps，更窄的频宽在此基础上抽取。点击“应用”后生效。,settings.radio,adapter-generated,crates/sdroxide-ui/src/app/settings/radio.rs:6752
settings.radio.text_6756_159738,Rates below 2 Msps run the ADC at 2 Msps and decimate in the service. Takes effect on Apply.,低于 2 Msps 的采样率仍以 2 Msps 运行 ADC，再由服务抽取。点击“应用”后生效。,settings.radio,adapter-generated,crates/sdroxide-ui/src/app/settings/radio.rs:6756
settings.radio.text_675_f35698,"Which of the two sockets on the back the receiver listens on — the rig's AN command, which is menu 31 ""ANTENNAS"" at the front panel and the ""ANT 1 2"" indicator on its display.

""RTX"" is one antenna doing both jobs, on the M-type socket that also carries transmit. ""RX only"" moves receive to the second socket and leaves transmit on RTX — a receiving antenna, a loop or a beverage, with the beam still on the transmitter.

Applies immediately, and is read back from the radio when the port opens: this is the rig's own setting rather than a copy kept here.","接收机使用的后面板接口，对应 AN 命令、菜单 31“ANTENNAS”及显示屏“ANT 1 2”指示。

“RTX”通过可发射的 M 型接口共用一副收发天线。“仅接收”将接收移至第二个接口，发射仍使用 RTX，可在发射天线之外连接接收环或 Beverage 天线。

立即生效，并在打开端口时读取电台实际状态，此设置由电台持有。",settings.radio,adapter-generated,crates/sdroxide-ui/src/app/settings/radio.rs:675
settings.radio.text_6778_9723e7,The tuner's analog filter. Auto picks the widest one that fits the sample rate. Takes effect on Apply.,调谐器的模拟滤波器。“自动”选择采样率能容纳的最宽滤波器。点击“应用”后生效。,settings.radio,adapter-generated,crates/sdroxide-ui/src/app/settings/radio.rs:6778
settings.radio.text_6807_0b4c9b,"The RSP's own IF-gain loop, run by the API service. Off hands the IF gain slider back to you — the setting for measurement and weak-signal digital modes.",RSP 自身的中频增益控制环，由 API 服务运行。关闭后可手动使用中频增益滑块，适用于测量和弱信号数字模式。,settings.radio,adapter-generated,crates/sdroxide-ui/src/app/settings/radio.rs:6807
settings.radio.text_6825_4a2c64,"Signal level the loop holds the ADC at. Lower leaves more headroom for signals off-channel. How low it may go depends on the sample rate — above 8.064 Msps the converter has less headroom to give, and above 9.216 Msps less still.",控制环维持的 ADC 信号电平。降低可为通道外信号留出更多余量。可降至的下限取决于采样率：高于 8.064 Msps 时转换器余量减少，高于 9.216 Msps 时进一步减少。,settings.radio,adapter-generated,crates/sdroxide-ui/src/app/settings/radio.rs:6825
settings.radio.text_6853_57bfc1,"The RSP's native gain unit: 20 dB is maximum gain (0 with the extended range below), 59 dB minimum. Applies immediately. Ignored while the AGC is running — the loop owns this value then, and the S-meter shows what it settled on.",RSP 原生增益单位：20 dB 为最大增益（启用下方扩展范围后为 0），59 dB 为最小增益。立即生效。AGC 运行时忽略此值，由控制环调整，S 表显示其最终设定值。,settings.radio,adapter-generated,crates/sdroxide-ui/src/app/settings/radio.rs:6853
settings.radio.text_6879_85389b,"Lets the IF gain reduction go below 20 dB, down to 0 — the last 20 dB of gain the receiver has. Off is the API's own default and the right one for ordinary listening, because the bottom of the range is where an RSP is easiest to overload. Worth having on for weak signals with the LNA already at 0. It also lets the AGC set point go up to 0 dBFS. Applies immediately.",允许中频增益衰减低于 20 dB，最低至 0，以使用接收机剩余的 20 dB 增益。默认关闭，与 API 默认一致，适合普通收听，因为范围最低端最容易使 RSP 过载。LNA 已为 0 时，可为弱信号启用。启用后 AGC 目标电平也可提高到 0 dBFS。立即生效。,settings.radio,adapter-generated,crates/sdroxide-ui/src/app/settings/radio.rs:6879
settings.radio.text_6904_51b078,"Front-end attenuation in steps: 0 is maximum gain, each step up switches more attenuation in. Some bands have fewer steps — the driver clamps and keeps your choice for when you tune back, and the rail here ends at what the band the radio is on will take. A higher choice made on another band is kept and still shown beside it. Applies immediately.",步进式前端衰减：0 为最大增益，每增加一步接入更多衰减。部分波段步进更少，驱动会限制实际值，并保留你的选择以便调回原波段时恢复；滑轨上限为当前波段支持的值。在其他波段选择的更高值仍会保留并显示在旁边。立即生效。,settings.radio,adapter-generated,crates/sdroxide-ui/src/app/settings/radio.rs:6904
settings.radio.text_6920_3ed8fd,0 = max gain,0 = 最大增益,settings.radio,adapter-generated,crates/sdroxide-ui/src/app/settings/radio.rs:6920
settings.radio.text_6932_9eb774,"Reference error in parts per million, applied by the device itself. Applies immediately.",参考时钟误差，单位为百万分之一（ppm），由设备自身应用。立即生效。,settings.radio,adapter-generated,crates/sdroxide-ui/src/app/settings/radio.rs:6932
settings.radio.text_6950_2e9096,This radio's tuner,此电台的调谐器,settings.radio,adapter-generated,crates/sdroxide-ui/src/app/settings/radio.rs:6950
settings.radio.text_6950_fc1d20,Tuner,调谐器,settings.radio,adapter-generated,crates/sdroxide-ui/src/app/settings/radio.rs:6950
settings.radio.text_6953_16610f,Which of the RSPduo's two tuners this radio listens on. The other one belongs to the radio configured for it — give that one the same receiver and the other tuner. Takes effect on Apply.,此电台使用 RSPduo 的哪个调谐器。另一调谐器属于为其配置的电台；请为另一电台选择相同接收机和另一个调谐器。点击“应用”后生效。,settings.radio,adapter-generated,crates/sdroxide-ui/src/app/settings/radio.rs:6953
settings.radio.text_6958_766dd3,Which of the RSPduo's two tuners carries the aerial you are listening to. The other one carries the second aerial. Takes effect on Apply.,正在收听的天线连接到 RSPduo 的哪个调谐器。另一个调谐器连接第二副天线。点击“应用”后生效。,settings.radio,adapter-generated,crates/sdroxide-ui/src/app/settings/radio.rs:6958
settings.radio.text_6963_c35655,Which of the RSPduo's two tuners to run (one at a time). Takes effect on Apply.,运行 RSPduo 的哪个调谐器，每次仅运行一个。点击“应用”后生效。,settings.radio,adapter-generated,crates/sdroxide-ui/src/app/settings/radio.rs:6963
settings.radio.text_7007_e583ce,FM broadcast notch,FM 广播陷波,settings.radio,adapter-generated,crates/sdroxide-ui/src/app/settings/radio.rs:7007
settings.radio.text_7012_28c4ea,"Hardware notch over the 88–108 MHz broadcast band, for when a local transmitter overloads everything else. Applies immediately.",覆盖 88–108 MHz 广播波段的硬件陷波器，用于本地发射机使其他频段过载的情况。立即生效。,settings.radio,adapter-generated,crates/sdroxide-ui/src/app/settings/radio.rs:7012
settings.radio.text_702_50fb1f,"One profile covers both. There is nothing to pick here — the radio names itself when the port opens.

This is the CAT half only: it drives the dial, the mode, PTT, the S-meter, the SWR and the transmit power over the rig's CAT USB port, and takes audio from its USB Audio port. The FDM-DUO's third USB port carries wideband I/Q, which this interface does not read — select the ELAD interface above for that.

Note the baud rate: menu 70 ""CAT BAUD"" on the radio must match, and it ships at 38400.

CW is keyed by the radio's own key or paddle. The FDM-DUO has no command that accepts text, so the CW panel cannot key it over CAT.","同一配置覆盖 FDM-DUO 与 FDM-DUOr，打开端口时由电台自动报告型号，无需选择。

这里只处理 CAT：经 CAT USB 端口控制频率、模式、PTT、S 表、驻波比和发射功率，经 USB Audio 端口获取音频。FDM-DUO 的第三个 USB 端口提供宽带 I/Q，此接口不读取；如需使用，请在上方选择 ELAD 接口。

电台菜单 70“CAT BAUD”需与此处匹配，出厂值为 38400。

CW 由电台自身手键或桨键控制，FDM-DUO 没有接收文字的命令，因此 CW 面板不能通过 CAT 发报。",settings.radio,adapter-generated,crates/sdroxide-ui/src/app/settings/radio.rs:702
settings.radio.text_7034_dfa6f8,Hardware notch over the 165–230 MHz DAB band. Applies immediately.,覆盖 165–230 MHz DAB 波段的硬件陷波器。立即生效。,settings.radio,adapter-generated,crates/sdroxide-ui/src/app/settings/radio.rs:7034
settings.radio.text_7055_b2b2ea,"The RSPdx's high-dynamic-range path for LF/MF. Applies immediately.

It does not work yet: on the one RSPdx it has been tried against, switching it on silences the receiver — at every centre, filter, port, gain and rate tried. Whatever the mode needs is not on the documented API surface, and finding it is somebody's next job. Leave this off unless you are the one looking.

What is known: it is not a mode that follows the dial. The path has a fixed analog filter, built only at the centres listed under the filter below, so tuning anywhere else could not work even once the rest does.","RSPdx 用于 LF/MF 的高动态范围通路。立即生效。

此功能尚不能正常工作：在已测试的一台 RSPdx 上，无论尝试何种中心频率、滤波器、端口、增益或采样率，启用后都使接收机无信号。此模式所需条件未在公开 API 中说明，仍需进一步研究。除非参与调查，否则请保持关闭。

已知此模式不随调谐频率移动。该通路具有固定模拟滤波器，仅针对下方滤波器列出的中心频率设计，因此即使其他问题解决，也无法在别处调谐。",settings.radio,adapter-generated,crates/sdroxide-ui/src/app/settings/radio.rs:7055
settings.radio.text_7082_72078a,"The analog filter in front of the HDR path — a different control from the receiver's own bandwidth. Each setting is built at a fixed set of centres and can do nothing elsewhere; this one is built at {}. Applies immediately.

The path itself does not work yet — see the switch above — so this chooses a filter for a mode that is currently silent.","HDR 通路前的模拟滤波器，与接收机自身带宽不同。各档只针对固定的一组中心频率设计，在其他频率无效；当前档适用于 {}。立即生效。

HDR 通路本身尚不能正常工作，见上方开关说明，因此当前是在为一个没有信号的模式选择滤波器。",settings.radio,adapter-generated,crates/sdroxide-ui/src/app/settings/radio.rs:7082
settings.radio.text_7138_c19ba5,"An RSPduo is two whole tuners on one board, clocked from one reference. Run both and they hear their spans at the same instant from the same clock — which makes two aerials on them coherent, with a relative phase set by the feedlines rather than by chance, and lets the pair be combined. Or leave them apart: the tuners tune separately, so the other one can be a second radio on its own band.",RSPduo 在一块板上提供两个完整调谐器，共用参考时钟。同时运行时，两者以同一时钟在相同时刻接收各自频谱，使两副天线的信号相干，相对相位由馈线决定而非随机形成，因此可以合成。也可分别使用：调谐器能独立调谐，第二个可作为另一波段上的独立电台。,settings.radio,adapter-generated,crates/sdroxide-ui/src/app/settings/radio.rs:7138
settings.radio.text_7149_e96cb6,"Puts the RSPduo in the API's dual-tuner mode, where the ADC is fixed at 6 MHz and the widest span is 2 Msps. Takes effect on Apply, because the mode is chosen when the device is opened.",将 RSPduo 置于 API 双调谐器模式，ADC 固定为 6 MHz，最大频宽为 2 Msps。模式在打开设备时选定，因此点击“应用”后生效。,settings.radio,adapter-generated,crates/sdroxide-ui/src/app/settings/radio.rs:7149
settings.radio.text_7168_534083,"What the other tuner is for. Takes effect on Apply — like running both at all, this is chosen when the board is opened.",第二个调谐器的用途。与启用双调谐器一样，在打开板卡时选定，因此点击“应用”后生效。,settings.radio,adapter-generated,crates/sdroxide-ui/src/app/settings/radio.rs:7168
settings.radio.text_7188_7cfe4e,"Add a second radio (Settings → Radio → +), give it this same receiver and the RSPduo's other tuner, and set it to run both tuners too — whichever radio opens the board puts it in dual-tuner mode, so both have to be expecting it. The two then tune independently: HF in one tab and VHF in the other, off one board. They share one ADC clock, so both run at the sample rate whichever radio opened the board asked for, and neither can transmit.",添加第二台电台（设置 → 电台 → +），选择同一接收机和 RSPduo 的另一个调谐器，并同样启用双调谐器。任一电台打开板卡时都会进入双调谐器模式，因此两台必须设置一致。随后可独立调谐，例如同一板卡的一个标签页使用 HF，另一个使用 VHF。两者共用 ADC 时钟，采样率由先打开板卡的电台决定，均不能发射。,settings.radio,adapter-generated,crates/sdroxide-ui/src/app/settings/radio.rs:7188
settings.radio.text_7223_74a304,"The second tuner's own front-end attenuation. Set so both aerials show about the same noise floor: this is the adjustment everything else rests on, because combining weights the two branches by their noise, and a second front end driven into overload hands the filter a distorted copy of the interference — which cannot be subtracted from an undistorted one. Applies immediately.",第二个调谐器自身的前端衰减。请调至两副天线的底噪大致相同，这是后续调整的基础：合成会按两支路噪声加权，第二个前端若过载，会将失真的干扰交给滤波器，无法从未失真的支路中正确相减。立即生效。,settings.radio,adapter-generated,crates/sdroxide-ui/src/app/settings/radio.rs:7223
settings.radio.text_722_a4316d,"One profile covers the range: QRP Labs' own command set, which is a subset of the Kenwood TS-480's with a good deal added. There is nothing to pick here — the radio names itself and its firmware version when the port opens, and the version is what decides whether the SWR-protection read is asked for at all.

Not the Kenwood profile: on a QMX the PC command is the power METER rather than the power control, so a radio driven as a Kenwood would have its meter read written to as if it were a setting, and MD8 — a Kenwood mode — is SWR Tune here.

The transmit power is set at the radio. There is no CAT command for it, so the Drive slider only reaches the level of the audio going into the sound card.

The receive filter is the radio's too: it reports the width its mode implies (3.2 kHz in Digi, 300 Hz in CW) and offers nothing to change it with.","同一配置覆盖 QRP Labs 系列，它使用 Kenwood TS-480 命令集的子集并增加了其他命令。打开端口时会报告型号及固件版本，无需选择；是否读取驻波保护状态也由固件版本决定。

请勿使用 Kenwood 配置：QMX 的 PC 命令读取功率表，而非设置功率；误用 Kenwood 配置会将它当作设置写入。Kenwood 的 MD8 模式命令在这里代表驻波比调谐。

发射功率需在电台设置，没有对应 CAT 命令；激励滑块只能控制输入声卡的音频电平。

接收滤波器也由电台决定，会报告模式对应的宽度（Digi 为 3.2 kHz，CW 为 300 Hz），不提供修改命令。",settings.radio,adapter-generated,crates/sdroxide-ui/src/app/settings/radio.rs:722
settings.radio.text_7238_3ed8fd,0 = max gain,0 = 最大增益,settings.radio,adapter-generated,crates/sdroxide-ui/src/app/settings/radio.rs:7238
settings.radio.text_7246_98ec3b,"The second tuner's IF gain, in the RSP's native unit: 20 dB is maximum gain. Ignored while the AGC is running — and a steady gain is what the filter wants, so switching the AGC off is worth it for a null you intend to hold.",第二个调谐器的中频增益，使用 RSP 原生单位，20 dB 为最大增益。AGC 运行时忽略此值。滤波器需要稳定增益，因此若要保持零陷，建议关闭 AGC。,settings.radio,adapter-generated,crates/sdroxide-ui/src/app/settings/radio.rs:7246
settings.radio.text_7278_9dbddc, taps, 抽头,settings.radio,adapter-generated,crates/sdroxide-ui/src/app/settings/radio.rs:7278
settings.radio.text_7281_e60aaa,"One tap is a gain and a phase — a null at one frequency that gets worse either side of it, which is all an analogue phaser can do. Each further tap buys one sample period of the path difference between the two aerials that the filter can equalise, which is what turns that notch into a band quiet all the way across.",一个抽头只能调整增益和相位，在一个频率产生零陷，两侧效果逐渐变差，与模拟移相器相同。每增加一个抽头，滤波器便可再均衡两副天线路径之间一个采样周期的时差，从而将单点陷波扩展为整个频带内的抑制。,settings.radio,adapter-generated,crates/sdroxide-ui/src/app/settings/radio.rs:7281
settings.radio.text_7309_5fb077,"Slow and steady at the left, converging inside a fraction of a second and visibly hunting at the right. Start fast to find the null, then hold it.",左端缓慢而稳定，右端可在不到一秒内收敛，但会明显来回调整。先用高速寻找零陷，再启用保持。,settings.radio,adapter-generated,crates/sdroxide-ui/src/app/settings/radio.rs:7309
settings.radio.text_7320_c966ca,"Stop the filter moving. Reach for this the moment a null appears: a filter left adapting will re-aim itself at whatever becomes loudest, which on a quiet band is the station you are listening to.",停止滤波器调整。零陷出现后应立即使用：持续自适应的滤波器会转向当前最强的信号，在安静波段上可能就是正在收听的电台。,settings.radio,adapter-generated,crates/sdroxide-ui/src/app/settings/radio.rs:7320
settings.radio.text_7346_9a26af,"Nothing here can tell a wanted signal from an unwanted one — the filter only knows what the two aerials have in common. In Cancel, the second aerial wants to hear the noise source and as little of the band as possible, or it will dutifully cancel the station too. In Combine, both want to hear the same station. How deep the null is going runs to the log every few seconds.",此处无法区分所需信号与干扰，滤波器只识别两副天线共有的成分。抵消模式下，第二副天线应主要接收噪声源，并尽量少接收波段信号，否则电台信号也会被抵消。合成模式下，两副天线应接收同一电台。零陷深度每隔几秒写入日志。,settings.radio,adapter-generated,crates/sdroxide-ui/src/app/settings/radio.rs:7346
settings.radio.text_7363_adb232,Not yet verified against an RSPduo: dual-tuner operation here is written from SDRplay's API rather than measured on the hardware.,尚未经 RSPduo 实机验证：双调谐器功能依据 SDRplay API 编写，未在硬件上测量。,settings.radio,adapter-generated,crates/sdroxide-ui/src/app/settings/radio.rs:7363
settings.radio.text_7371_598f65,"Only an RSPduo has a second tuner, and the receiver selected here is an {}, so this will do nothing.",只有 RSPduo 有第二个调谐器，当前选择的接收机为 {}，因此此项无效。,settings.radio,adapter-generated,crates/sdroxide-ui/src/app/settings/radio.rs:7371
settings.radio.text_7380_ecf22b,"No receiver is listed to check this against — press Rescan, or read the log for what actually opened.",列表中没有可核对的接收机。请点击“重新扫描”，或查看日志了解实际打开的设备。,settings.radio,adapter-generated,crates/sdroxide-ui/src/app/settings/radio.rs:7380
settings.radio.text_7393_630353,"Bias tee is ON. Never connect a transceiver, a grounded antenna, or a preamp powered from elsewhere while this is enabled — the DC goes straight down the feedline.",偏置供电已开启。启用时切勿连接收发信机、直流接地天线或由其他电源供电的前置放大器，因为直流电会直接进入馈线。,settings.radio,adapter-generated,crates/sdroxide-ui/src/app/settings/radio.rs:7393
settings.radio.text_7417_0d64af,"Receive only, 1 kHz–2 GHz. Needs the vendor's SDRplay API service (sdrplay.com/api) — the RSPs after the original RSP1 have no open protocol. Device, sample rate, bandwidth and RSPduo tuner take effect on Apply; everything else applies as you change it.",仅接收，1 kHz–2 GHz。需要厂商 SDRplay API 服务（sdrplay.com/api），原始 RSP1 之后的型号没有开放协议。设备选择、采样率、带宽及 RSPduo 调谐器在点击“应用”后生效；其他设置随修改立即生效。,settings.radio,adapter-generated,crates/sdroxide-ui/src/app/settings/radio.rs:7417
settings.radio.text_742_50bb8c,"A QMX serves its own virtual COM ports over USB, so the rate set above has no effect on either end. It offers up to three of them; if the radio answers nothing, the most likely reason is the wrong one.

One thing does matter about the port: a carriage return sent to it switches the radio into terminal mode for the rest of the session. sdroxide never sends one — but a terminal program left open on the same port will, and CAT stops working the moment it does.","QMX 通过 USB 提供虚拟串口，因此上方波特率不影响通信。最多可提供三个端口；电台不响应时，最可能是选错端口。

向端口发送回车会使电台在本次会话剩余期间进入终端模式，CAT 随即停止。SDRoxide 不发送回车，但同时打开该端口的终端程序可能会发送。",settings.radio,adapter-generated,crates/sdroxide-ui/src/app/settings/radio.rs:742
settings.radio.text_7454_7356f5,Waiting for the configuration of the machine the radio is attached to.,正在等待连接电台的电脑提供配置。,settings.radio,adapter-generated,crates/sdroxide-ui/src/app/settings/radio.rs:7454
settings.radio.text_7537_babd87,Chain {} (RX{}_* / TX{}_*),通道 {}（RX{}_* / TX{}_*）,settings.radio,adapter-generated,crates/sdroxide-ui/src/app/settings/radio.rs:7537
settings.radio.text_7544_db57f4,"Both chains tune together — they share one synthesiser — but they are separate front ends on separate sockets. Pick the one your aerial is on, which is the setting to reach for when one chain has had the HF matching modification and the other is stock.",两条通道共用一个频率合成器，因此同步调谐，但各自拥有独立前端和接口。请选择天线所接通道，尤其是一条通道做过 HF 匹配改装而另一条保持原装时。,settings.radio,adapter-generated,crates/sdroxide-ui/src/app/settings/radio.rs:7544
settings.radio.text_7581_b7a128,"One combined figure, which LimeSuite distributes across the LNA, the TIA and the PGA itself. It takes whole decibels, so anything finer is truncated.",总增益值，由 LimeSuite 自行分配给 LNA、TIA 和 PGA。只接受整数 dB，更精细的数值会截断。,settings.radio,adapter-generated,crates/sdroxide-ui/src/app/settings/radio.rs:7581
settings.radio.text_758_0d4e88,"The radio's sound card carries either demodulated audio or the raw I/Q its ADC sees, and sdroxide asserts whichever the Sound format above asks for when the port opens (the radio's Q9 command, the ""IQ mode"" menu entry).

The centre offset and sample rate above have been set to what a QMX needs: its receiver is a superhet with a 12 kHz I.F., so the synthesiser sits 12 kHz below the dial and everything on the card is 12 kHz above the middle of the span. The card runs at 48 kHz, which makes the panadapter 48 kHz wide.

In CW the radio moves that I.F. by a further ~700 Hz, which one figure cannot follow — add it by hand if you run the panadapter with the radio in CW. In Digi, where a radio used as an I/Q front end normally sits, there is nothing to add.

QRP Labs note that I/Q mode is not suitable for WSJT-X and other programs that expect demodulated audio; here the demodulation happens on this side, so it is.","电台声卡可提供解调音频或 ADC 原始 I/Q。打开端口时，SDRoxide 按上方“音频格式”选择，对应 Q9 命令及“IQ mode”菜单。

中心偏移和采样率已按 QMX 设置：其超外差接收机使用 12 kHz 中频，合成器位于读数下方 12 kHz，声卡信号位于显示中心上方 12 kHz。声卡以 48 kHz 运行，因此频谱宽度为 48 kHz。

CW 模式还会使中频再偏移约 700 Hz，单一偏移值无法自动跟随；若在 CW 模式使用频谱，请手动加入此偏移。通常作为 I/Q 前端使用的 Digi 模式不需额外偏移。

QRP Labs 提醒 I/Q 模式不适合要求已解调音频的 WSJT-X 等程序；SDRoxide 在本机进行解调，因此可使用。",settings.radio,adapter-generated,crates/sdroxide-ui/src/app/settings/radio.rs:758
settings.radio.text_7630_b22c26,"Automatic follows the frequency: LNAL low, LNAH high — unless a LimeRFE is connected below, which is one cable into one socket, and then it is LNAW at every frequency. Name the socket yours is wired to if it is not that one. Which chain the socket belongs to is the picker above.",自动模式按频率选择：低频使用 LNAL，高频使用 LNAH。但若下方连接了 LimeRFE，它只通过一条线连接一个接口，因此所有频率均使用 LNAW。若实际接在其他接口，请明确选择；接口所属通道由上方选择器决定。,settings.radio,adapter-generated,crates/sdroxide-ui/src/app/settings/radio.rs:7630
settings.radio.text_7646_ab93c5,"0 follows the sample rate. Worth leaving there: a filter narrower than a quarter of the span silently withdraws the zero-IF LO offset, which puts the LO leakage back on top of the signal you are listening to.",0 表示跟随采样率，建议保留此设置。滤波器窄于四分之一频宽时，会自动取消零中频本振偏移，使本振泄漏重新落在正在收听的信号上。,settings.radio,adapter-generated,crates/sdroxide-ui/src/app/settings/radio.rs:7646
settings.radio.text_7656_b1847a,following the rate,跟随采样率,settings.radio,adapter-generated,crates/sdroxide-ui/src/app/settings/radio.rs:7656
settings.radio.text_7666_dd7a89,"Adaptive image and DC removal on this side, on top of the chip's own calibration. Turning it off is the one-click way to tell a driver problem from a DSP one.",在芯片自身校准基础上，于本机进一步自适应去除镜像和直流。关闭可快速区分驱动问题与 DSP 问题。,settings.radio,adapter-generated,crates/sdroxide-ui/src/app/settings/radio.rs:7666
settings.radio.text_7680_fbbe50,"Runs the chip's own DC-offset and image calibration when the radio is opened, and again once the dial has settled on a new band or a different socket. Those numbers are measured at one frequency and are wrong elsewhere, which is what a carrier sitting in the middle of the span usually is. Costs about a second each time.",打开电台时执行芯片自身的直流偏移及镜像校准，在调谐至新波段或切换接口并稳定后再次执行。校准值只在测量频率有效，其他频率会失准，频谱中心的固定载波通常由此产生。每次约需一秒。,settings.radio,adapter-generated,crates/sdroxide-ui/src/app/settings/radio.rs:7680
settings.radio.text_7688_4a0687,Stalls the receiver for the better part of a second.,会使接收机暂停接近一秒。,settings.radio,adapter-generated,crates/sdroxide-ui/src/app/settings/radio.rs:7688
settings.radio.text_7704_37f3d0,"The board's other receive chain, on the {} sockets. It shares the synthesiser, so it hears the same span at the same instant as the first — which is what lets it carry a second aerial, or a sample of your own transmitter.",板卡的另一条接收通道，使用 {} 接口。它与第一条共用频率合成器，在同一时刻接收相同频谱，因此可连接第二副天线或采样自身发射信号。,settings.radio,adapter-generated,crates/sdroxide-ui/src/app/settings/radio.rs:7704
settings.radio.text_7739_295a43,Same as the first,与第一通道相同,settings.radio,adapter-generated,crates/sdroxide-ui/src/app/settings/radio.rs:7739
settings.radio.text_7777_0be891,"Set this LOW. The coupled sample of your own transmitter is a strong signal, and a feedback chain driven into compression measures the amplifier's curve wrongly — it teaches the correction its own distortion. Start at the bottom and use the coupler's attenuator.",请将此值设低。耦合后的自身发射样本是强信号，反馈通道若进入压缩，会错误测量功放曲线，将自身失真教给校正器。请从最低值开始，并使用耦合器衰减器。,settings.radio,adapter-generated,crates/sdroxide-ui/src/app/settings/radio.rs:7777
settings.radio.text_7782_9e8fbc,"Set so both aerials show about the same noise floor. This is the adjustment the whole thing rests on: combining weights the two branches by their noise, and a second chain driven into compression hands the filter a distorted copy of the interference — which cannot be subtracted from an undistorted one.",调至两副天线底噪大致相同，这是后续调整的基础：合成按两支路噪声加权，第二通道若进入压缩，会将失真的干扰交给滤波器，无法从未失真的支路中正确相减。,settings.radio,adapter-generated,crates/sdroxide-ui/src/app/settings/radio.rs:7782
settings.radio.text_7820_9dbddc, taps, 抽头,settings.radio,adapter-generated,crates/sdroxide-ui/src/app/settings/radio.rs:7820
settings.radio.text_7823_e60aaa,"One tap is a gain and a phase — a null at one frequency that gets worse either side of it, which is all an analogue phaser can do. Each further tap buys one sample period of the path difference between the two aerials that the filter can equalise, which is what turns that notch into a band quiet all the way across.",一个抽头只能调整增益和相位，在一个频率产生零陷，两侧效果逐渐变差，与模拟移相器相同。每增加一个抽头，滤波器便可再均衡两副天线路径之间一个采样周期的时差，从而将单点陷波扩展为整个频带内的抑制。,settings.radio,adapter-generated,crates/sdroxide-ui/src/app/settings/radio.rs:7823
settings.radio.text_784_09c2bf,RS-HFIQ (5 W HF transceiver),RS-HFIQ（5 W HF 收发机）,settings.radio,adapter-generated,crates/sdroxide-ui/src/app/settings/radio.rs:784
settings.radio.text_7850_5fb077,"Slow and steady at the left, converging inside a fraction of a second and visibly hunting at the right. Start fast to find the null, then hold it.",左端缓慢而稳定，右端可在不到一秒内收敛，但会明显来回调整。先用高速寻找零陷，再启用保持。,settings.radio,adapter-generated,crates/sdroxide-ui/src/app/settings/radio.rs:7850
settings.radio.text_785_3528c2,"HobbyPCB's RS-HFIQ. There is nothing to pick here: the profile is the whole of the radio's command set, and the firmware version is logged when the port opens.

The control link carries two things and no more — where to put the oscillator, and whether to transmit. There is no mode, power, filter, squelch or meter command, because the radio has none of them. Everything else is sdroxide's: what comes off the sound card is complex baseband centred on the dial, so the mode, the filter and the modulation all happen on this side.

The frequency command covers 3–30 MHz. Ask for anything outside that and the radio refuses it and stays where it is; the log says so.

CW is keyed as audio through the transmit chain — this radio has no keyer that takes text. (It has an internal CW generator; sdroxide never uses it, on the firmware's own advice.)","HobbyPCB 的 RS-HFIQ 无需额外选择；此配置涵盖电台全部命令，打开端口时记录固件版本。

控制连接只设置振荡器频率及发射状态。电台没有模式、功率、滤波器、静噪或仪表命令。声卡输出以读数为中心的复基带，模式选择、滤波及调制都在 SDRoxide 中完成。

频率命令覆盖 3–30 MHz，范围之外的请求会被拒绝，电台保持原频率，并在日志记录。

CW 以音频经发射链键控，电台没有接收文字的键控器。虽然机内有 CW 发生器，但按固件建议，SDRoxide 不使用它。",settings.radio,adapter-generated,crates/sdroxide-ui/src/app/settings/radio.rs:785
settings.radio.text_7861_c966ca,"Stop the filter moving. Reach for this the moment a null appears: a filter left adapting will re-aim itself at whatever becomes loudest, which on a quiet band is the station you are listening to.",停止滤波器调整。零陷出现后应立即使用：持续自适应的滤波器会转向当前最强的信号，在安静波段上可能就是正在收听的电台。,settings.radio,adapter-generated,crates/sdroxide-ui/src/app/settings/radio.rs:7861
settings.radio.text_7895_8f99f3,"How finely the correction follows the amplifier's curve. More steps track a sharper knee, but each one has to be learned from the samples that landed in it — and the top of a speech amplitude histogram is thin. Thirty-two is enough for the smooth curve an HF amplifier actually has. Changing it starts the correction again.",校正跟踪放大器曲线的精细程度。步数越多，越能跟踪陡峭拐点，但每步都需从落入该区间的样本学习，而语音幅度分布的最高端样本很少。HF 放大器的平滑曲线使用 32 步已足够。修改后会重新学习校正。,settings.radio,adapter-generated,crates/sdroxide-ui/src/app/settings/radio.rs:7895
settings.radio.text_7920_2a5551,"How hard each block of feedback moves the correction. An amplifier's curve does not change, so there is no need to hurry — the middle averages several overs' worth of noise out of it.",每块反馈数据改变校正的强度。放大器曲线通常不变，无需快速调整；中间设置可将多次发射中的噪声平均掉。,settings.radio,adapter-generated,crates/sdroxide-ui/src/app/settings/radio.rs:7920
settings.radio.text_7935_62bc32,"Keep the correction as it is. A curve learned on a clean over is worth holding, and the amplifier will not have changed by the next one.",保持当前校正。一次干净发射中学得的曲线值得保留，下一次发射前放大器通常不会改变。,settings.radio,adapter-generated,crates/sdroxide-ui/src/app/settings/radio.rs:7935
settings.radio.text_7961_71bddb,"A directional coupler on the amplifier's output goes into this chain, and the transmitter compares what came back with what it meant to send — then sends the inverse of the difference, so what leaves the amplifier is straight. Twenty-odd decibels less intermodulation on other people's QSOs, with the amplifier keeping its power. The correction stays at unity until the feedback lines up with the transmission, so a coupler that is not connected costs nothing; and it can never ask the converter for more than full scale, so a feedback path reading nonsense cannot over-drive anything. How it is getting on runs to the log while you transmit.",将功放输出的定向耦合器接入此通道，发射机比较反馈与预期发送信号，再发送差异的逆校正，使功放输出线性化。在保留功放功率的同时，可减少约二十多 dB 的互调，减轻对其他通联的干扰。反馈与发射对齐前，校正保持单位增益，因此未接耦合器不会影响信号；校正也不会要求转换器超过满量程，异常反馈不会导致过驱动。发射时校正状态会写入日志。,settings.radio,adapter-generated,crates/sdroxide-ui/src/app/settings/radio.rs:7961
settings.radio.text_7986_9a26af,"Nothing here can tell a wanted signal from an unwanted one — the filter only knows what the two aerials have in common. In Cancel, the second aerial wants to hear the noise source and as little of the band as possible, or it will dutifully cancel the station too. In Combine, both want to hear the same station. How deep the null is going runs to the log every few seconds.",此处无法区分所需信号与干扰，滤波器只识别两副天线共有的成分。抵消模式下，第二副天线应主要接收噪声源，并尽量少接收波段信号，否则电台信号也会被抵消。合成模式下，两副天线应接收同一电台。零陷深度每隔几秒写入日志。,settings.radio,adapter-generated,crates/sdroxide-ui/src/app/settings/radio.rs:7986
settings.radio.text_8002_c1258f,"With this off the interface publishes no transmit channel at all, so nothing can key the radio.",关闭时接口不提供任何发射通道，因此无法启动电台发射。,settings.radio,adapter-generated,crates/sdroxide-ui/src/app/settings/radio.rs:8002
settings.radio.text_8028_d0bc38,"The board's two transmit sockets are two different matching networks, not two jacks onto the same one: BAND1 (TX_1) carries 30 MHz to 1.9 GHz and BAND2 (TX_2) is the 13 cm port. Keying an amateur band below 23 cm out of BAND2 puts the over into a matching network that passes almost none of it — every setting reads correct, the drive is whatever you set, and the power meter stays at zero. Leave this on Automatic and it follows the dial.",板卡的两个发射接口对应不同的匹配网络：BAND1（TX_1）覆盖 30 MHz–1.9 GHz，BAND2（TX_2）用于 13 cm 波段。若从 BAND2 发射低于 23 cm 波段的业余频率，匹配网络几乎无法通过信号；即使所有设置看似正确、驱动电平正常，功率表仍为零。保持“自动”即可跟随调谐频率选择。,settings.radio,adapter-generated,crates/sdroxide-ui/src/app/settings/radio.rs:8028
settings.radio.text_806_e7e063,"Sound format, baud and PTT are the radio's, not settings",音频格式、波特率和 PTT 由电台规定，不能任意选择,settings.radio,adapter-generated,crates/sdroxide-ui/src/app/settings/radio.rs:806
settings.radio.text_8072_77cffa,"Transmit gain is {:.0} dB, at the bottom of its range — a few microwatts out of the board, which will read as nothing on a power meter whatever is downstream of it. That is the default so that an armed transmitter cannot surprise you; raise it before you key.",发射增益为 {:.0} dB，处于范围最低端，板卡仅输出数微瓦，无论后接何种设备，功率表都可能读为零。默认使用此值以避免允许发射后出现意外输出；启动发射前请提高增益。,settings.radio,adapter-generated,crates/sdroxide-ui/src/app/settings/radio.rs:8072
settings.radio.text_8083_9c3004,"A LimeSDR transmits from about 100 kHz to 3.8 GHz with no filtering of its own. Use a low-pass filter, an appropriate LimeRFE channel, or a dummy load.",LimeSDR 可在约 100 kHz–3.8 GHz 发射，自身没有滤波。请使用低通滤波器、合适的 LimeRFE 通道或假负载。,settings.radio,adapter-generated,crates/sdroxide-ui/src/app/settings/radio.rs:8083
settings.radio.text_809_20aa43,"All three have been filled in and none of them is a preference:

• Sound format is I/Q (stereo) — the card carries complex baseband and nothing else.
• 57600 baud, 8N1 — the firmware's one rate, with no menu to change it. Any other is a silent link, so it is pinned when the port opens.
• PTT over CAT — the *X command is the only transmit switch the interface has.

The centre offset has been set to zero: the synthesiser runs at four times the dial into a quadrature detector, so the middle of the span is the dial. Set the sample rate above to whatever your sound card is actually running at; that is what makes the panadapter as wide as it is.","以下三项已固定为电台要求的值：

• 音频格式为立体声 I/Q，声卡只传输复基带。
• 57600 波特率、8N1，固件只有这一速率，没有切换菜单。其他速率无法通信，因此打开端口时固定使用此值。
• CAT PTT：*X 命令是此接口唯一的发射开关。

中心偏移设为 0：合成器以读数频率的四倍驱动正交检波器，所以显示中心就是读数。请将上方采样率设为声卡实际速率，以确定频谱宽度。",settings.radio,adapter-generated,crates/sdroxide-ui/src/app/settings/radio.rs:809
settings.radio.text_8130_16f6f4,"The LimeRFE's own micro-USB port, not the radio's. 9600 baud, fixed by its firmware.",LimeRFE 自身的 micro-USB 端口，而非电台端口。波特率由固件固定为 9600。,settings.radio,adapter-generated,crates/sdroxide-ui/src/app/settings/radio.rs:8130
settings.radio.text_8167_9b9f6b,"Switch the filters to match the operating frequency, before any RF appears. Tuning within one band puts nothing on the control link.",射频输出前，先按工作频率切换滤波器。同一波段内调谐不会产生控制链路流量。,settings.radio,adapter-generated,crates/sdroxide-ui/src/app/settings/radio.rs:8167
settings.radio.text_8209_dbf89e,Worth having on for any sustained transmitting.,持续发射时建议启用。,settings.radio,adapter-generated,crates/sdroxide-ui/src/app/settings/radio.rs:8209
settings.radio.text_8288_9430e2,"On Automatic the board receives, and is switched to transmit at key-down and back at key-up — on either cabling. Its amateur channels have one filter with a transmit/receive switch either side of it, so a board asked for both at once puts that switch on the transmitter and stops hearing anything. The 30 MHz channel is reachable only through J5, which is one connector for both directions; above it, transmitting from J4 keeps the receive path off the connector the amplifier is driving.",自动模式下，板卡平时接收，电键按下时切换发射、松开时恢复接收，两种接线均如此。业余波段通道的滤波器两侧都有收发开关，要求同时收发时开关会接向发射机，使接收无信号。30 MHz 通道只能通过收发共用的 J5 访问；更高频率从 J4 发射时，接收路径会避开功放正在驱动的接口。,settings.radio,adapter-generated,crates/sdroxide-ui/src/app/settings/radio.rs:8288
settings.radio.text_830_0050c0,"DL2MAN/PE1NNZ's pocket QRP transceiver and the open uSDX firmware it grew from. It emulates a Kenwood TS-480, but the subset is thin: the dial, the mode, PTT and RIT/XIT clear are all it answers. No S-meter, no SWR, no power control, no VFO B, no split and no CAT keyer, so the Drive slider and the meters do nothing over CAT — the audio level is the only transmit control there is.

CW is keyed as audio (MCW) through the sideband, or with the key or paddle at the radio; there is no command that takes text.","DL2MAN／PE1NNZ 的口袋 QRP 收发机及其基础 open uSDX 固件，模拟 Kenwood TS-480，但只响应频率、模式、PTT 及 RIT／XIT 清除。没有 S 表、驻波比、功率控制、VFO B、异频收发或 CAT 文字键控，所以激励滑块和仪表不能通过 CAT 控制；发射只能调节音频电平。

CW 可通过边带发送音频键控（MCW），或使用电台手键／桨键；没有接受文字的命令。",settings.radio,adapter-generated,crates/sdroxide-ui/src/app/settings/radio.rs:830
settings.radio.text_8318_a28008,"LimeSDR support has not been verified against hardware. This is the last session's trace, for an issue report.",LimeSDR 支持尚未经硬件验证。此处为上次会话跟踪，用于问题报告。,settings.radio,adapter-generated,crates/sdroxide-ui/src/app/settings/radio.rs:8318
settings.radio.text_8348_cc1d75,"Gains, filters, corrections, the antenna sockets and every LimeRFE control — its connectors, band, relays, attenuator, notch and fan — apply immediately. The board, the receive chain, the sample rate, arming transmit and the LimeRFE's connection take effect on Apply.",增益、滤波器、校正、天线接口，以及 LimeRFE 的全部控制（接口、波段、继电器、衰减器、陷波器和风扇）立即生效。板卡选择、接收通道、采样率、允许发射及 LimeRFE 连接在点击“应用”后生效。,settings.radio,adapter-generated,crates/sdroxide-ui/src/app/settings/radio.rs:8348
settings.radio.text_843_0d07d0,"A (tr)uSDX has no sound card of its own and two ways to be heard, and which is right is a fact about your shack rather than the radio.

""One cable"" takes the audio inside the CAT serial link itself — the radio's own 8-bit stream, over the same USB cable as the control, with nothing else to plug in. The catch is the firmware: it cannot take a CAT command while its stream is running (a command sent into the stream does not pause it, it kills it), so this mode never polls. Tuning and mode changes are sent as you make them, each pausing the stream for a moment and starting it again, so expect a brief gap on each change; nothing is sent while you are simply listening. The radio's own dial and mode are not followed either — there is no read to follow them with — so drive it from here.

""USB sound card"" takes the audio from an external sound card wired to the radio's 3.5 mm speaker/mic jack, and behaves as any other CAT rig: the dial poll runs, so the radio's own knob and mode are followed. Pick the card under Radio audio below.

Both modes open the port with DTR held high: the serial adapter's DTR is wired to the radio's reset, so opening the port reboots it and the first second or two is quiet while it comes up. DTR is never used to key.","(tr)uSDX 没有内置声卡，可用两种方式获取音频，请根据台站接线选择。

“单线连接”将电台的 8 位音频流放在 CAT 串口中，与控制共用一根 USB 线，无需其他连接。但固件在音频流运行时不能处理 CAT 命令，直接发送命令会终止音频流，因此此模式不轮询。每次调谐或模式变化时，软件短暂暂停音频流、发送命令再恢复，会有短暂中断；单纯收听时不发送控制命令，也不跟随电台自身旋钮及模式。

“USB 声卡”使用连接电台 3.5 mm 扬声器／麦克风插口的外置声卡，按普通 CAT 电台工作。轮询会跟随电台自身旋钮和模式，请在下方电台音频中选择声卡。

两种方式均在打开端口时保持 DTR 高电平。串口适配器的 DTR 连接电台复位脚，因此打开端口会重启电台，最初一两秒没有音频。DTR 不用于启动发射。",settings.radio,adapter-generated,crates/sdroxide-ui/src/app/settings/radio.rs:843
settings.radio.text_875_c997ad,"Which Icom, for the two things CI-V does not do the same way on all of them.

The transceiver address below is filled in from it: every model ships with a different one, and a frame sent to the wrong address is simply ignored — a radio that answers nothing, with no error anywhere to say why.

It also decides whether sdroxide can select DATA mode. On CI-V, USB and USB-DATA are the same mode byte and a separate command tells them apart; without it a digital-mode over goes out through the microphone input, with the rig's speech processing and SSB filter in the path.

""Other"" leaves the address to you and sends no DATA-mode command at all.","选择 Icom 型号，用于确定 CI-V 在不同型号上不一致的两项行为。

下方收发机地址根据型号填写。不同型号出厂地址不同，地址错误的帧会被直接忽略，表现为电台完全无响应且没有错误提示。

型号还决定是否能选择 DATA 模式。CI-V 的 USB 与 USB-DATA 使用相同模式字节，由独立命令区分；没有该命令时，数字音频会经麦克风路径、话音处理及 SSB 滤波器发射。

“其他”由用户指定地址，且不发送 DATA 模式命令。",settings.radio,adapter-generated,crates/sdroxide-ui/src/app/settings/radio.rs:875
settings.radio.text_923_2bb529,Show the radio's spectrum scope,显示电台自身的频谱,settings.radio,adapter-generated,crates/sdroxide-ui/src/app/settings/radio.rs:923
settings.radio.text_925_78ad85,"Streams the radio's own scope sweep over the CI-V link and draws it as the panadapter — the only picture of the band a demod-audio rig can give, since the audio it sends is what already came through its filter.

Needs the radio set up for it: CI-V USB Baud Rate to 115200 and CI-V USB Port to ""Unlink from [REMOTE]"" (both under SET > Connectors > CI-V), and the baud rate above set to match — below {CAT_SCOPE_MIN_BAUD} the sweeps do not fit down the link and the scope stays off.

The sweeps share the radio's internal USB bus with its own sound card. If received audio starts to drop out with the scope on, this box is the first thing to try turning off.","通过 CI-V 传输电台自身频谱扫描并绘制为频谱显示。已解调音频的电台输出经过接收滤波器，无法从音频恢复全波段，因此只能使用此扫描。

请在电台 SET > Connectors > CI-V 中将 CI-V USB Baud Rate 设为 115200，将 CI-V USB Port 设为“Unlink from [REMOTE]”，并使上方波特率一致。低于 {CAT_SCOPE_MIN_BAUD} 时，带宽不足，频谱保持关闭。

频谱与声卡共用电台内部 USB 总线。开启后接收音频掉音时，请优先尝试关闭此项。",settings.radio,adapter-generated,crates/sdroxide-ui/src/app/settings/radio.rs:925
settings.radio.text_942_0f8975,"How wide to sweep it. The radio keeps whatever span was last chosen on its own screen — often a few kHz. Setting a span here also puts the scope into centre mode, so it follows the dial. It changes the radio's own display too; ""As set on the radio"" leaves it alone.",频谱扫描宽度。电台会保留自身屏幕上最后选择的范围，通常仅几 kHz。这里设置范围时也会启用中心模式，使频谱跟随频率读数，并改变电台自身显示。“按电台当前设置”不做修改。,settings.radio,adapter-generated,crates/sdroxide-ui/src/app/settings/radio.rs:942
settings.radio.text_994_21cf7a,Waiting for the sound cards on the machine the radio is plugged into.,正在等待连接电台的电脑提供声卡列表。,settings.radio,adapter-generated,crates/sdroxide-ui/src/app/settings/radio.rs:994
settings.radio.this_driver_publishes_no_settings_of_its_own,This driver publishes no settings of its own.,此驱动未提供独立设置项。,settings.radio,adapter-generated,crates/sdroxide-ui/src/app/settings/radio.rs:4154
settings.radio.this_rig_has_no_software_adjustable_gains,This rig has no software-adjustable gains.,此电台没有可通过软件调整的增益。,settings.radio,adapter-generated,crates/sdroxide-ui/src/app/settings/radio.rs:3915
settings.radio.to_radio_tx,To radio (TX),送往电台（发射）,settings.radio,adapter-generated,crates/sdroxide-ui/src/app/settings/radio.rs:1006
settings.radio.transmit,Transmit,发射,settings.radio,adapter-generated,crates/sdroxide-ui/src/app/settings/radio.rs:6468;crates/sdroxide-ui/src/app/settings/radio.rs:8000
settings.radio.transmit_audio,Transmit audio,发射音频,settings.radio,adapter-generated,crates/sdroxide-ui/src/app/settings/radio.rs:4977
settings.radio.transmit_buffer,Transmit buffer,发射缓冲区,settings.radio,adapter-generated,crates/sdroxide-ui/src/app/settings/radio.rs:1405;crates/sdroxide-ui/src/app/settings/radio.rs:3019
settings.radio.transmit_connector,Transmit connector,发射接口,settings.radio,adapter-generated,crates/sdroxide-ui/src/app/settings/radio.rs:8153
settings.radio.transmit_gain,Transmit gain,发射增益,settings.radio,adapter-generated,crates/sdroxide-ui/src/app/settings/radio.rs:8007
settings.radio.transmit_input,Transmit input,发射输入,settings.radio,adapter-generated,crates/sdroxide-ui/src/app/settings/radio.rs:652;crates/sdroxide-ui/src/app/settings/radio.rs:4911
settings.radio.transmit_pc_radio_mic,Transmit (PC → radio mic),发射（电脑 → 电台麦克风）,settings.radio,adapter-generated,crates/sdroxide-ui/src/app/settings/radio.rs:1068
settings.radio.transmit_port,Transmit port,发射端口,settings.radio,adapter-generated,crates/sdroxide-ui/src/app/settings/radio.rs:8027
settings.radio.transmitter,Transmitter,发射机,settings.radio,adapter-generated,crates/sdroxide-ui/src/app/settings/radio.rs:6472
settings.radio.tuner_agc,Tuner AGC,调谐器 AGC,settings.radio,adapter-generated,crates/sdroxide-ui/src/app/settings/radio.rs:5500;crates/sdroxide-ui/src/app/settings/radio.rs:5809
settings.radio.tuner_gain,Tuner gain,调谐器增益,settings.radio,adapter-generated,crates/sdroxide-ui/src/app/settings/radio.rs:1742;crates/sdroxide-ui/src/app/settings/radio.rs:1948
settings.radio.tx_gain,TX gain,发射增益,settings.radio,adapter-generated,crates/sdroxide-ui/src/app/settings/radio.rs:3336
settings.radio.tx_gains,TX gains,发射增益,settings.radio,adapter-generated,crates/sdroxide-ui/src/app/settings/radio.rs:3942
settings.radio.tx_vga_gain,TX VGA gain,发射 VGA 增益,settings.radio,adapter-generated,crates/sdroxide-ui/src/app/settings/radio.rs:6480
settings.radio.used_for,Used for,用途,settings.radio,adapter-generated,crates/sdroxide-ui/src/app/settings/radio.rs:7167;crates/sdroxide-ui/src/app/settings/radio.rs:7714
settings.radio.vga_gain,VGA gain,VGA 增益,settings.radio,adapter-generated,crates/sdroxide-ui/src/app/settings/radio.rs:4450;crates/sdroxide-ui/src/app/settings/radio.rs:6119;crates/sdroxide-ui/src/app/settings/radio.rs:6325
settings.radio.vhf_tuner_gain,VHF tuner gain,VHF 调谐器增益,settings.radio,adapter-generated,crates/sdroxide-ui/src/app/settings/radio.rs:4539
settings.radio.what_to_do_with_it,What to do with it,处理方式,settings.radio,adapter-generated,crates/sdroxide-ui/src/app/settings/radio.rs:7205;crates/sdroxide-ui/src/app/settings/radio.rs:7796
settings.radio.zero_the_filter_and_find_the_null_again,Zero the filter and find the null again.,将滤波器归零，重新寻找消零点。,settings.radio,adapter-generated,crates/sdroxide-ui/src/app/settings/radio.rs:7335;crates/sdroxide-ui/src/app/settings/radio.rs:7876
settings.relay.buttons.text_371_ecf531,+ add a contact,+ 添加触点,settings.relay.buttons,adapter-generated,crates/sdroxide-ui/src/app/settings/relay.rs:371
settings.relay.text_100,LCUS is the four-byte A0-command board sold under a dozen names; KMtronic and Numato can also be asked what they are set to,LCUS 为采用四字节 A0 命令、以多种品牌销售的继电器板；KMtronic 和 Numato 还支持读取当前状态。,settings.relay,adapter-generated,crates/sdroxide-ui/src/app/settings/relay.rs:100
settings.relay.text_156,"Pin 3 on every homebrew plan and every commercial board — it is the one at the end of the package that a wire can be tacked to. If the relay does not click, the card is a clone that does not implement these pins at all.",常见自制电路及商用板卡使用芯片末端可焊接引线的第 3 脚。若继电器不动作，可能是该仿制板未实现这些引脚。,settings.relay,adapter-generated,crates/sdroxide-ui/src/app/settings/relay.rs:156
settings.relay.text_171,Linux only. `gpiodetect` lists the chips on the machine.,仅适用于 Linux，可用 gpiodetect 列出电脑上的 GPIO 芯片。,settings.relay,adapter-generated,crates/sdroxide-ui/src/app/settings/relay.rs:171
settings.relay.text_207,"Starting a program costs an unpredictable amount of time, and none of it is counted in the lead — so leave a wider margin here than you would for a relay board. The contact table's numbers mean nothing for this link: your commands are run once on key-down and once on key-up.",启动外部程序的耗时不确定，且不计入提前量；请比直接使用继电器板预留更长时间。此连接方式不使用接点表中的数值，发射启动与结束时各运行一次命令。,settings.relay,adapter-generated,crates/sdroxide-ui/src/app/settings/relay.rs:207
settings.relay.text_221,Contact 1 is RTS and contact 2 is DTR.,接点 1 为 RTS，接点 2 为 DTR。,settings.relay,adapter-generated,crates/sdroxide-ui/src/app/settings/relay.rs:221
settings.relay.text_266,"The line's offset on this chip — the BCM number on a Raspberry Pi header, which is not the physical pin number",此芯片上的线路编号。树莓派填写 BCM 编号，而非接头的物理针脚编号。,settings.relay,adapter-generated,crates/sdroxide-ui/src/app/settings/relay.rs:266
settings.relay.text_305,"Decides the default timings and what the log calls it — and, for a band decoder, that the contact follows the band table below",决定默认时序和日志名称；波段译码接点还会跟随下方波段表。,settings.relay,adapter-generated,crates/sdroxide-ui/src/app/settings/relay.rs:305
settings.relay.text_312,"On: transmitting energises the coil. Off: transmitting releases it.

This is a wiring decision before it is a setting — see the note below.","开启：发射时线圈通电。关闭：发射时线圈释放。

请先根据接线决定此选项，详见下方说明。",settings.relay,adapter-generated,crates/sdroxide-ui/src/app/settings/relay.rs:312
settings.relay.text_322_849e10,"How long before RF this contact moves from its band's RX word to its TX word. A retune moves it at once; this is for key-down, when a transmit-only filter has to be in circuit before the power is.",射频输出前，此触点提前多久从当前波段的接收位状态切换为发射位状态。重新调谐会立即切换；此延迟用于启动发射，确保发射专用滤波器在功率输出前接入。,settings.relay,adapter-generated,crates/sdroxide-ui/src/app/settings/relay.rs:322
settings.relay.text_326_9451ee,"Closed this long before RF. A small coax relay throws in 5 to 15 ms. Transmit waits for the longest of these, so a large value is an audible gap in the receive audio; anything over 250 ms is ignored.",在射频输出前提前此时间闭合。小型同轴继电器切换约需 5–15 ms。发射会等待各触点中最长的提前时间，因此设置较大会使接收音频出现明显间隙。界面可设 0–200 ms；发射前的等待时间上限为 250 ms。,settings.relay,adapter-generated,crates/sdroxide-ui/src/app/settings/relay.rs:326
settings.relay.text_332_282429,How long after RF stops this contact goes back from its TX word to its RX word.,射频停止后，此触点延迟多久从发射位状态恢复至接收位状态。,settings.relay,adapter-generated,crates/sdroxide-ui/src/app/settings/relay.rs:332
settings.relay.text_335_a8cc9d,"Opened this long after RF stops. Longer than the lead on purpose: letting the antenna back a moment late costs nothing, and letting it back early costs a front end. Zero is a real answer, and the right one for an amplifier's key line.",射频停止后延迟此时间断开。此值有意长于提前时间：天线稍晚恢复不会造成损失，过早恢复却可能损坏接收前端。0 是有效值，也适合功放键控线。,settings.relay,adapter-generated,crates/sdroxide-ui/src/app/settings/relay.rs:335
settings.relay.text_345_e78852, TEST , 测试 ,settings.relay,adapter-generated,crates/sdroxide-ui/src/app/settings/relay.rs:345
settings.relay.text_351_18f8d3,Not while the station is on the air,台站正在发射时不可测试,settings.relay,adapter-generated,crates/sdroxide-ui/src/app/settings/relay.rs:351
settings.relay.text_353_355754,"Close this contact for half a second, so you can hear the relay and check the wiring with the transmitter cold",发射机不输出时，将此触点闭合半秒，以听到继电器动作并检查接线,settings.relay,adapter-generated,crates/sdroxide-ui/src/app/settings/relay.rs:353
settings.relay.text_387,If it will not answer,设备无响应时,settings.relay,adapter-generated,crates/sdroxide-ui/src/app/settings/relay.rs:387
settings.relay.text_400,A switch that exists to protect a receiver is not worth having if it silently stops protecting it — so refusing is the default. Choose the other where a loose USB cable ending your contest is the worse outcome.,用于保护接收机的切换器失效时应明确阻止发射，因此默认拒绝发射。只有在 USB 线松动导致比赛中断的后果更严重时，才选择继续。,settings.relay,adapter-generated,crates/sdroxide-ui/src/app/settings/relay.rs:400
settings.relay.text_413,"The order is the timings: the longest lead closes first, and the longest hold opens last. So give the antenna relay the longer lead and the longer hold, and the amplifier the shorter of each — then the antenna is always switched before the amplifier is keyed, and the amplifier always unkeys before the antenna comes back.",动作顺序由时序决定：提前量最长的最先闭合，保持时间最长的最后断开。天线继电器使用较长提前量和保持时间，放大器使用较短值，即可先切换天线再启动放大器，先停止放大器再恢复天线。,settings.relay,adapter-generated,crates/sdroxide-ui/src/app/settings/relay.rs:413
settings.relay.text_429,"When a transceiver keys itself — its own microphone button, foot switch, VOX or keyer — sdroxide finds out by asking over CAT, and that answer arrives a few hundred milliseconds into the over. Wire the rig's SEND line, through an opto-isolator, into a handshake input on this same port and it is seen in a few milliseconds instead. The meter and the transmit interlock get faster with it.",电台通过自身麦克风、脚踏开关、VOX 或键控器启动发射时，SDRoxide 需通过 CAT 查询，通常延迟数百毫秒。将电台 SEND 信号经光耦接入同一串口的握手输入，可缩短至几毫秒，功率表和发射联锁也会更快响应。,settings.relay,adapter-generated,crates/sdroxide-ui/src/app/settings/relay.rs:429
settings.relay.text_457,a high line,高电平,settings.relay,adapter-generated,crates/sdroxide-ui/src/app/settings/relay.rs:457
settings.relay.text_459,"Most opto-isolated interfaces pull the line down when the rig keys, so this is usually off",多数光耦接口在电台发射时拉低线路，因此此项通常关闭。,settings.relay,adapter-generated,crates/sdroxide-ui/src/app/settings/relay.rs:459
settings.relay.text_475,Which radio tab the sensed transceiver is. On a station with one radio this is 1 and nothing depends on it.,选择被检测的收发机所属标签页。单电台台站使用 1，此项不影响其他功能。,settings.relay,adapter-generated,crates/sdroxide-ui/src/app/settings/relay.rs:475
settings.relay.text_483,Needs a serial port — the handshake lines are on it.,需要串口，握手信号位于串口接口上。,settings.relay,adapter-generated,crates/sdroxide-ui/src/app/settings/relay.rs:483
settings.relay.text_489,Wiring is the only fail-safe that survives this program.,可靠接线是程序停止运行后仍有效的故障保护。,settings.relay,adapter-generated,crates/sdroxide-ui/src/app/settings/relay.rs:489
settings.relay.text_495,"Choose “TX closes” so that the *de-energised* contact is the state you want when the board is unplugged, the computer is off, or sdroxide is not running. Wired so that de-energised means grounded, a dead relay leaves the SDR deaf — annoying, and safe. Wired the other way, a dead relay plus one transmission is a dead front end. With a real amplifier behind it, take the first.",设置“发射时闭合”时，应确保板卡拔出、电脑关机或 SDRoxide 停止运行时，继电器失电状态仍能保护接收机。失电时天线接地，故障仅导致无法接收；反向接线时，继电器失效后的一次发射就可能损坏前端。连接真实放大器时，应采用前者。,settings.relay,adapter-generated,crates/sdroxide-ui/src/app/settings/relay.rs:495
settings.relay.text_506,"This cannot protect the first instant of an over you start at the radio. Key the rig from sdroxide and the contacts always lead the RF; wire the sense input above and they follow within milliseconds. For a front end genuinely worth protecting, use an RF-sensed hardware T/R switch as well — no program on a computer can be the whole answer.",此功能无法保护由电台自身启动发射的最初瞬间。从 SDRoxide 启动时，接点先于射频动作；连接上方检测输入后，可在几毫秒内跟随。重要接收前端还应使用射频检测式硬件收发切换器，电脑程序不能独立承担全部保护。,settings.relay,adapter-generated,crates/sdroxide-ui/src/app/settings/relay.rs:506
settings.relay.text_52,"Closes a contact while this station transmits — to disconnect and ground the SDR's antenna input, and to key an amplifier or an outboard T/R relay in sequence with it. Works with the cheap USB relay boards (LCUS, KMtronic, Numato), with a serial RTS/DTR line into any interface that wants a PTT closure, and with anything else through a command hook.",本站发射时闭合接点，以断开并接地 SDR 天线输入，并按时序控制放大器或外置收发继电器。支持 LCUS、KMtronic、Numato 等 USB 继电器板、向接口提供 PTT 闭合信号的串口 RTS／DTR，以及通过命令钩子控制的其他设备。,settings.relay,adapter-generated,crates/sdroxide-ui/src/app/settings/relay.rs:52
settings.relay.text_526_5edfea,receiving,正在接收,settings.relay,adapter-generated,crates/sdroxide-ui/src/app/settings/relay.rs:526
settings.relay.text_526_9a5945,contacts in TRANSMIT,触点处于发射位置,settings.relay,adapter-generated,crates/sdroxide-ui/src/app/settings/relay.rs:526
settings.relay.text_539,The station is on the air — APPLY will take effect after this over.,本站正在发射，“应用”将在本次发射结束后生效。,settings.relay,adapter-generated,crates/sdroxide-ui/src/app/settings/relay.rs:539
settings.relay.text_573,"One control word per band: bit 0 is contact 1, bit 1 contact 2 and so on, matching the numbering above. RX follows the receive dial's band; TX the band of whichever radio keyed, switched in on each contact's lead before RF and back after its hold — give them the same value for a filter that does not care which way the RF is going, and different ones for a receive-only preamp bypass or a transmit-only LPF bank. Bands left at 0 assert nothing. Applies on Apply / reconnect.",每个波段使用一个控制字：位 0 对应接点 1，位 1 对应接点 2，依次类推。接收状态跟随接收读数波段，发射状态跟随实际启动发射的电台波段，并按每个接点的提前量在射频前切换、保持时间后恢复。双向滤波器可为接收和发射填相同值；仅接收的前放旁路或仅发射的低通滤波器组填不同值。0 不使任何接点有效。点击“应用／重新连接”后生效。,settings.relay,adapter-generated,crates/sdroxide-ui/src/app/settings/relay.rs:573
settings.relay.text_603,"Everywhere outside the amateur bands — short-wave listening, and anything a transverter's dial lands on that no band covers.",业余波段之外的所有频率，包括短波收听及变频收发器读数落入的未定义波段。,settings.relay,adapter-generated,crates/sdroxide-ui/src/app/settings/relay.rs:603
settings.remote.address,Address,地址,settings.remote,adapter-generated,crates/sdroxide-ui/src/app/settings/remote.rs:54
settings.remote.connect, CONNECT , 连接 ,settings.remote,adapter-generated,crates/sdroxide-ui/src/app/settings/remote.rs:105;crates/sdroxide-ui/src/app/panels/packet.rs:297
settings.remote.connect_to_a_server,Connect to a server,连接服务器,settings.remote,adapter-generated,crates/sdroxide-ui/src/app/settings/remote.rs:35
settings.remote.drive_an_sdroxide_running_somewhere_else_the_shack_machine,"Drive an sdroxide running somewhere else — the shack machine, a remote site — over the network. Start it there with --server, and enter its address here. The radio, the decoders and the logbook stay on that machine; this screen gets the waterfall and the audio, and its speakers and microphone are the ones you use.",通过网络操作其他地点运行的 SDRoxide，例如电台机房或远程站点。在远端使用 --server 启动，然后在此输入地址。电台、解码器和通联日志仍在远端运行；本界面接收瀑布图与音频，使用本机的扬声器和麦克风。,settings.remote,adapter-generated,crates/sdroxide-ui/src/app/settings/remote.rs:39
settings.remote.host_name_or_ip,host name or IP,主机名或 IP 地址,settings.remote,adapter-generated,crates/sdroxide-ui/src/app/settings/remote.rs:59
settings.remote.open_this_station_as_a_radio_tab_of_its,Open this station as a radio tab of its own,在独立电台标签页中打开本站,settings.remote,adapter-generated,crates/sdroxide-ui/src/app/settings/remote.rs:111
settings.remote.port,Port,端口,settings.remote,adapter-generated,crates/sdroxide-ui/src/app/settings/remote.rs:71
settings.remote.secure,Secure,安全连接,settings.remote,adapter-generated,crates/sdroxide-ui/src/app/settings/remote.rs:86
settings.remote.the_machine_running_sdroxide_server_a_host_name_an,"The machine running sdroxide --server: a host name, an IPv4 or IPv6 address, or a complete ws:// (or wss://) URL if the server sits behind a reverse proxy — a URL is used exactly as typed and ignores the port and the switch below.",运行 sdroxide --server 的机器：可输入主机名、IPv4 或 IPv6 地址；若服务器位于反向代理之后，也可输入完整的 ws:// 或 wss:// URL。URL 将按原样使用，忽略下方的端口和安全连接开关。,settings.remote,adapter-generated,crates/sdroxide-ui/src/app/settings/remote.rs:62
settings.remote.the_port_that_server_listens_on_server_port_in,The port that server listens on — server_port in its config.toml. 4950 unless it was given --port.,服务器监听端口，即 config.toml 中的 server_port。默认 4950；启动时可通过 --port 指定。,settings.remote,adapter-generated,crates/sdroxide-ui/src/app/settings/remote.rs:74
settings.remote.the_station_appears_as_a_tab_beside_the_radios,"The station appears as a tab beside the radios already open here, and the tab strip at the top of the window switches between them (⊞ puts two side by side). Close it from the roster at the top of the Radio tab — that hangs up; nothing on the server is changed.

If the server asks for a username and password, its sign-in screen comes up in the new tab. A plain ws:// link carries none of this encrypted, so across the open internet either put it through a VPN or an SSH tunnel, or terminate HTTPS in front of the server and tick Secure above.","本站将在现有电台旁新增标签页，使用窗口顶端的标签栏切换；⊞ 可并排显示两台。要关闭连接，请在“电台”标签页顶部的列表中关闭该电台；这只断开本机连接，不修改服务器。

若服务器要求用户名和密码，新标签页会显示登录界面。普通 ws:// 不加密这些信息；经公网连接时，请使用 VPN 或 SSH 隧道，或在服务器前配置 HTTPS 终止代理，并勾选上方的“安全连接”。",settings.remote,adapter-generated,crates/sdroxide-ui/src/app/settings/remote.rs:146
settings.remote.this_client_cannot_hold_a_second_connection,This client cannot hold a second connection.,此客户端无法保持第二个连接。,settings.remote,adapter-generated,crates/sdroxide-ui/src/app/settings/remote.rs:124
settings.remote.tick_this_where_the_server_sits_behind_something_that,"Tick this where the server sits behind something that terminates HTTPS for it — a reverse proxy on port 443, which is the usual way a station is reached across the open internet. sdroxide's own server speaks plain ws:// and does not want this.",服务器位于 HTTPS 终止代理（通常是公网访问使用的 443 端口反向代理）之后时，请勾选。SDRoxide 自带服务器使用普通 ws://，直接连接时不应勾选。,settings.remote,adapter-generated,crates/sdroxide-ui/src/app/settings/remote.rs:89
settings.servers.0_0_0_0_whole_network,0.0.0.0 (whole network),0.0.0.0（所有网络接口）,settings.servers,adapter-generated,crates/sdroxide-ui/src/app/settings/servers.rs:180;crates/sdroxide-ui/src/app/settings/servers.rs:434
settings.servers.12060_is_the_port_n1mm_s_documentation_recommends,12060 is the port N1MM's documentation recommends,N1MM 文档推荐端口 12060,settings.servers,adapter-generated,crates/sdroxide-ui/src/app/settings/servers.rs:120
settings.servers.127_0_0_1_reaches_clients_on_this_machine,127.0.0.1 reaches clients on this machine; a LAN address or a multicast group (224.0.0.1) reaches others,127.0.0.1 供本机客户端使用；局域网地址或组播地址（224.0.0.1）可供其他机器接收,settings.servers,adapter-generated,crates/sdroxide-ui/src/app/settings/servers.rs:59
settings.servers.127_0_0_1_reaches_clients_on_this_machine_112,127.0.0.1 reaches clients on this machine. N1MM's own advice for a contest network is this subnet's broadcast address — 192.168.1.255 for a 192.168.1.n network — which reaches every position at once.,127.0.0.1 供本机客户端使用。N1MM 建议比赛局域网使用子网广播地址，例如 192.168.1.n 网络使用 192.168.1.255，以便同时到达所有操作位置。,settings.servers,adapter-generated,crates/sdroxide-ui/src/app/settings/servers.rs:112
settings.servers.127_0_0_1_this_machine,127.0.0.1 (this machine),127.0.0.1（仅本机）,settings.servers,adapter-generated,crates/sdroxide-ui/src/app/settings/servers.rs:178;crates/sdroxide-ui/src/app/settings/servers.rs:432
settings.servers.1_client,1 client,1 个客户端,settings.servers,adapter-generated,crates/sdroxide-ui/src/app/settings/servers.rs:230;crates/sdroxide-ui/src/app/settings/servers.rs:484
settings.servers.2237_is_the_port_every_client_defaults_to,2237 is the port every client defaults to,客户端默认使用端口 2237,settings.servers,adapter-generated,crates/sdroxide-ui/src/app/settings/servers.rs:66
settings.servers.4532_is_the_port_every_rigctld_client_assumes,4532 is the port every rigctld client assumes,rigctld 客户端默认使用端口 4532,settings.servers,adapter-generated,crates/sdroxide-ui/src/app/settings/servers.rs:191
settings.servers.4533_is_rotctld_s_default,4533 is rotctld's default,rotctld 默认端口为 4533,settings.servers,adapter-generated,crates/sdroxide-ui/src/app/settings/servers.rs:324
settings.servers.added_to_every_command_for_a_rotator_whose_north,"Added to every command, for a rotator whose north is off",叠加到每条指令，用于修正旋转器的北向误差,settings.servers,adapter-generated,crates/sdroxide-ui/src/app/settings/servers.rs:337
settings.servers.allow_clients_to_transmit,Allow clients to transmit,允许客户端发射,settings.servers,adapter-generated,crates/sdroxide-ui/src/app/settings/servers.rs:208;crates/sdroxide-ui/src/app/settings/servers.rs:461
settings.servers.antenna_rotator_rotctld_client,Antenna rotator (rotctld client),天线旋转器（rotctld 客户端）,settings.servers,adapter-generated,crates/sdroxide-ui/src/app/settings/servers.rs:289
settings.servers.apply, APPLY , 应用 ,settings.servers,adapter-generated,crates/sdroxide-ui/src/app/settings/servers.rs:140;crates/sdroxide-ui/src/app/settings/servers.rs:257;crates/sdroxide-ui/src/app/settings/servers.rs:396;crates/sdroxide-ui/src/app/settings/servers.rs:510
settings.servers.azimuth_offset,Azimuth offset,方位角偏移,settings.servers,adapter-generated,crates/sdroxide-ui/src/app/settings/servers.rs:335
settings.servers.below_this_the_rotator_parks_instead_of_tracking_set,Below this the rotator parks instead of tracking — set it to your local horizon or roofline,低于此仰角时，旋转器回到停放位置而不跟踪；请按当地地平线或屋顶遮挡角设置,settings.servers,adapter-generated,crates/sdroxide-ui/src/app/settings/servers.rs:330
settings.servers.built_in_tci_server,Built-in TCI server,内置 TCI 服务器,settings.servers,adapter-generated,crates/sdroxide-ui/src/app/settings/servers.rs:421
settings.servers.connected_antenna_at_az_0_az_el_0_el,"● Connected — antenna at {az:.0}° az, {el:.0}° el",● 已连接：天线方位角 {az:.0}°，仰角 {el:.0}°,settings.servers,adapter-generated,crates/sdroxide-ui/src/app/settings/servers.rs:376
settings.servers.device_name,Device name,设备名称,settings.servers,adapter-generated,crates/sdroxide-ui/src/app/settings/servers.rs:447
settings.servers.drive_to_a_position_when_idle,drive to a position when idle,空闲时转到指定位置,settings.servers,adapter-generated,crates/sdroxide-ui/src/app/settings/servers.rs:351
settings.servers.enable,Enable,启用,settings.servers,adapter-generated,crates/sdroxide-ui/src/app/settings/servers.rs:47;crates/sdroxide-ui/src/app/settings/servers.rs:100;crates/sdroxide-ui/src/app/settings/servers.rs:169;crates/sdroxide-ui/src/app/settings/servers.rs:309;crates/sdroxide-ui/src/app/settings/servers.rs:423
settings.servers.failed_e,Failed: {e},失败：{e},settings.servers,adapter-generated,crates/sdroxide-ui/src/app/settings/servers.rs:241;crates/sdroxide-ui/src/app/settings/servers.rs:381;crates/sdroxide-ui/src/app/settings/servers.rs:494
settings.servers.hamlib_rigctld_server,Hamlib rigctld server,Hamlib rigctld 服务器,settings.servers,adapter-generated,crates/sdroxide-ui/src/app/settings/servers.rs:161
settings.servers.host,Host,主机,settings.servers,adapter-generated,crates/sdroxide-ui/src/app/settings/servers.rs:313
settings.servers.identify_as,Identify as,身份名称,settings.servers,adapter-generated,crates/sdroxide-ui/src/app/settings/servers.rs:69
settings.servers.lets_any_hamlib_capable_program_drive_this_radio_frequency,"Lets any Hamlib-capable program drive this radio: frequency, mode, PTT, split, RIT and power. In WSJT-X, fldigi or CQRLOG choose the rig “Hamlib NET rigctl” (model 2) and point it at this address; in GPredict and N1MM enter the host and port directly. Unlike the TCI server it carries control only — no audio, no IQ.",使任何支持 Hamlib 的程序都能控制本台的频率、模式、PTT、异频收发、RIT 和功率。在 WSJT-X、fldigi 或 CQRLOG 中选择“Hamlib NET rigctl”（型号 2）并指向此地址；GPredict 和 N1MM 可直接输入主机与端口。与 TCI 服务器不同，此接口只传送控制命令，不传音频或 I/Q。,settings.servers,adapter-generated,crates/sdroxide-ui/src/app/settings/servers.rs:270
settings.servers.lets_tci_capable_programs_drive_this_radio_frequency_and,"Lets TCI-capable programs drive this radio: frequency and mode control, wideband IQ, receive audio, and transmit audio. In WSJT-X choose the SunSDR (TCI) rig type, point it at this address, and set PTT to TCI.",使支持 TCI 的程序能够控制本台频率与模式，并传输宽带 I/Q、接收音频和发射音频。在 WSJT-X 中选择 SunSDR（TCI）电台类型，输入此地址，并将 PTT 设置为 TCI。,settings.servers,adapter-generated,crates/sdroxide-ui/src/app/settings/servers.rs:523
settings.servers.listen_on,Listen on,监听地址,settings.servers,adapter-generated,crates/sdroxide-ui/src/app/settings/servers.rs:174;crates/sdroxide-ui/src/app/settings/servers.rs:428
settings.servers.listening_on_clients,● Listening on {} — {clients},● 正在监听 {}；{clients},settings.servers,adapter-generated,crates/sdroxide-ui/src/app/settings/servers.rs:234;crates/sdroxide-ui/src/app/settings/servers.rs:488
settings.servers.max_clients,Max clients,最大客户端数,settings.servers,adapter-generated,crates/sdroxide-ui/src/app/settings/servers.rs:203;crates/sdroxide-ui/src/app/settings/servers.rs:456
settings.servers.min_elevation,Min elevation,最低仰角,settings.servers,adapter-generated,crates/sdroxide-ui/src/app/settings/servers.rs:327
settings.servers.min_movement,Min movement,最小转动角,settings.servers,adapter-generated,crates/sdroxide-ui/src/app/settings/servers.rs:340
settings.servers.n1mm_contactinfo_broadcast,N1MM+ contactinfo broadcast,N1MM+ contactinfo 广播,settings.servers,adapter-generated,crates/sdroxide-ui/src/app/settings/servers.rs:84
settings.servers.n_clients,{n} clients,{n} 个客户端,settings.servers,adapter-generated,crates/sdroxide-ui/src/app/settings/servers.rs:231;crates/sdroxide-ui/src/app/settings/servers.rs:485
settings.servers.not_connected,Not connected.,未连接。,settings.servers,adapter-generated,crates/sdroxide-ui/src/app/settings/servers.rs:384
settings.servers.not_running,Not running.,未运行。,settings.servers,adapter-generated,crates/sdroxide-ui/src/app/settings/servers.rs:245;crates/sdroxide-ui/src/app/settings/servers.rs:498
settings.servers.off_leaves_control_and_the_receive_streams_working_but,"Off leaves control and the receive streams working, but every key request is refused.",关闭后保留控制与接收数据流，但拒绝所有发射请求。,settings.servers,adapter-generated,crates/sdroxide-ui/src/app/settings/servers.rs:462
settings.servers.off_leaves_the_antenna_wherever_the_last_pass_ended,Off leaves the antenna wherever the last pass ended,关闭后，天线停留在上次卫星过境结束时的位置,settings.servers,adapter-generated,crates/sdroxide-ui/src/app/settings/servers.rs:352
settings.servers.off_refuses_every_key_request_and_stops_advertising_a,"Off refuses every key request and stops advertising a transmit range, so Hamlib itself declines to key.",关闭后拒绝所有发射请求，并不再报告可发射频率范围，Hamlib 也会拒绝启动发射。,settings.servers,adapter-generated,crates/sdroxide-ui/src/app/settings/servers.rs:209
settings.servers.park_position,Park position,停放位置,settings.servers,adapter-generated,crates/sdroxide-ui/src/app/settings/servers.rs:348
settings.servers.persist_and_re_bind_the_server,Persist and (re)bind the server,保存并绑定／重新绑定服务器,settings.servers,adapter-generated,crates/sdroxide-ui/src/app/settings/servers.rs:261;crates/sdroxide-ui/src/app/settings/servers.rs:514
settings.servers.persist_and_re_connect_to_the_daemon,Persist and (re)connect to the daemon,保存并连接／重新连接 rotctld 服务,settings.servers,adapter-generated,crates/sdroxide-ui/src/app/settings/servers.rs:400
settings.servers.persist_and_re_open_the_broadcast_sockets,Persist and (re)open the broadcast sockets,保存并打开／重新打开广播套接字,settings.servers,adapter-generated,crates/sdroxide-ui/src/app/settings/servers.rs:144
settings.servers.points_a_motorized_antenna_at_the_satellite_you_are,"Points a motorized antenna at the satellite you are locked onto, through a Hamlib rotctld daemon (run e.g. “rotctld -m 603 -r /dev/ttyUSB0” for a GS-232B rotator, or “rotctld -m 1” to try it without hardware). One daemon covers every rotator Hamlib drives — EasyComm, GS-232, SPID and the rest.",通过 Hamlib rotctld 服务，将电动天线指向当前锁定的卫星。例如 GS-232B 旋转器可使用“rotctld -m 603 -r /dev/ttyUSB0”；无硬件测试可使用“rotctld -m 1”。同一服务接口支持 Hamlib 驱动的各类旋转器，包括 EasyComm、GS-232 和 SPID。,settings.servers,adapter-generated,crates/sdroxide-ui/src/app/settings/servers.rs:301
settings.servers.port,Port,端口,settings.servers,adapter-generated,crates/sdroxide-ui/src/app/settings/servers.rs:64;crates/sdroxide-ui/src/app/settings/servers.rs:118;crates/sdroxide-ui/src/app/settings/servers.rs:189;crates/sdroxide-ui/src/app/settings/servers.rs:322;crates/sdroxide-ui/src/app/settings/servers.rs:443
settings.servers.reported_to_clients,reported to clients,向客户端报告,settings.servers,adapter-generated,crates/sdroxide-ui/src/app/settings/servers.rs:199;crates/sdroxide-ui/src/app/settings/servers.rs:452
settings.servers.rig_name,Rig name,电台名称,settings.servers,adapter-generated,crates/sdroxide-ui/src/app/settings/servers.rs:194
settings.servers.rigctld_has_no_authentication_on_0_0_0_0,"⚠ rigctld has no authentication. On 0.0.0.0, anyone who can reach this port can tune and key your transmitter.",⚠ rigctld 不提供身份验证。监听 0.0.0.0 时，任何能访问此端口的人都可以调谐并启动你的发射机。,settings.servers,adapter-generated,crates/sdroxide-ui/src/app/settings/servers.rs:219
settings.servers.send_to,Send to,发送目标,settings.servers,adapter-generated,crates/sdroxide-ui/src/app/settings/servers.rs:51;crates/sdroxide-ui/src/app/settings/servers.rs:104
settings.servers.sends_decodes_station_status_and_logged_qsos_the_way,"Sends decodes, station status and logged QSOs the way WSJT-X does, so GridTracker, JTAlert, N1MM+ and Log4OM work with sdroxide unchanged. Output only — nothing on this socket can touch the radio.",按 WSJT-X 的方式发送解码结果、电台状态和已记录的通联，使 GridTracker、JTAlert、N1MM+ 和 Log4OM 无需修改即可配合 SDRoxide 使用。此接口仅输出，不能通过此套接字控制电台。,settings.servers,adapter-generated,crates/sdroxide-ui/src/app/settings/servers.rs:40
settings.servers.station_name,Station name,本站名称,settings.servers,adapter-generated,crates/sdroxide-ui/src/app/settings/servers.rs:123
settings.servers.status_unknown_press_apply,Status unknown — press APPLY.,状态未知，请点击“应用”。,settings.servers,adapter-generated,crates/sdroxide-ui/src/app/settings/servers.rs:249;crates/sdroxide-ui/src/app/settings/servers.rs:387;crates/sdroxide-ui/src/app/settings/servers.rs:502
settings.servers.steps_smaller_than_this_are_not_sent_chasing_tenths,Steps smaller than this are not sent — chasing tenths of a degree wears motors for nothing,不发送小于此角度的调整指令，避免为十分之几度的变化反复磨损电机,settings.servers,adapter-generated,crates/sdroxide-ui/src/app/settings/servers.rs:343
settings.servers.tci_has_no_authentication_on_0_0_0_0,"⚠ TCI has no authentication. On 0.0.0.0, anyone who can reach this port can tune and key your transmitter.",⚠ TCI 不提供身份验证。监听 0.0.0.0 时，任何能访问此端口的人都可以调谐并启动你的发射机。,settings.servers,adapter-generated,crates/sdroxide-ui/src/app/settings/servers.rs:473
settings.servers.the_name_clients_see_some_loggers_only_accept_traffic,The name clients see. Some loggers only accept traffic identifying itself as WSJT-X.,客户端看到的名称。有些日志软件只接受标识为 WSJT-X 的数据。,settings.servers,adapter-generated,crates/sdroxide-ui/src/app/settings/servers.rs:72
settings.servers.the_same_news_in_n1mm_s_words_one_xml,"The same news in N1MM's words: one XML datagram per logged contact, for the loggers that listen for N1MM rather than for WSJT-X — the World Radio League's bridge takes either. Contacts only; there is no decode stream in this protocol. Its own switch and its own port, because a station may want both.",按 N1MM 协议发送同样的通联信息：每次记录通联时发送一个 XML 数据报，供监听 N1MM 而非 WSJT-X 的日志软件使用；World Radio League 的桥接器可接收任一格式。此协议只传送通联，没有解码数据流。采用独立开关和端口，便于同时启用两种广播。,settings.servers,adapter-generated,crates/sdroxide-ui/src/app/settings/servers.rs:92
settings.servers.waiting_for_the_station_s_rigctld_configuration,Waiting for the station's rigctld configuration…,正在等待本站的 rigctld 配置…,settings.servers,adapter-generated,crates/sdroxide-ui/src/app/settings/servers.rs:165
settings.servers.waiting_for_the_station_s_rotator_configuration,Waiting for the station's rotator configuration…,正在等待本站的旋转器配置…,settings.servers,adapter-generated,crates/sdroxide-ui/src/app/settings/servers.rs:296
settings.servers.waiting_for_the_station_s_tci_server_configuration,Waiting for the station's TCI server configuration…,正在等待本站的 TCI 服务器配置…,settings.servers,adapter-generated,crates/sdroxide-ui/src/app/settings/servers.rs:417
settings.servers.waiting_for_the_station_s_wsjt_x_broadcast_configuration,Waiting for the station's WSJT-X broadcast configuration…,正在等待本站的 WSJT-X 广播配置…,settings.servers,adapter-generated,crates/sdroxide-ui/src/app/settings/servers.rs:35
settings.servers.what_n1mm_calls_the_stationname_the_name_of_the,What N1MM calls the StationName: the name of the computer that sent the packet. Loggers show it to tell one operating position from another.,即 N1MM 的 StationName：发送数据包的计算机名称。日志软件用它区分各操作位置。,settings.servers,adapter-generated,crates/sdroxide-ui/src/app/settings/servers.rs:129
settings.servers.wsjt_x_udp_broadcast,WSJT-X UDP broadcast,WSJT-X UDP 广播,settings.servers,adapter-generated,crates/sdroxide-ui/src/app/settings/servers.rs:32
settings.text_1134_74a883,Settings,设置,settings,adapter-generated,crates/sdroxide-ui/src/app/settings/mod.rs:1134
settings.text_1890_e1894c,"430–440 MHz — so 446 is out of band, and 40 m stops at 7.200",430–440 MHz，因此 446 为带外，40 m 上限为 7.200,settings,adapter-generated,crates/sdroxide-ui/src/app/settings/mod.rs:1890
settings.text_1891_7c4e45,"420–450 MHz, and 40 m runs to 7.300",420–450 MHz，40 m 上限为 7.300,settings,adapter-generated,crates/sdroxide-ui/src/app/settings/mod.rs:1891
settings.text_1892_6150c7,"430–450 MHz, and 80 m stops at 3.900",430–450 MHz，80 m 上限为 3.900,settings,adapter-generated,crates/sdroxide-ui/src/app/settings/mod.rs:1892
settings.text_2233_702beb,"The antenna is somewhere else and no locator is set, so nothing this radio hears is reported to PSK Reporter, WSPRnet or FreeDV Reporter. Type the receiver's locator above to report from it.",天线位于其他地点，且未设置定位符，因此此电台接收的信号不会报告至 PSK Reporter、WSPRnet 或 FreeDV Reporter。请在上方填写接收机所在地定位符。,settings,adapter-generated,crates/sdroxide-ui/src/app/settings/mod.rs:2233
settings.text_2239_096af1,"Receptions through this radio are reported from {g}, not from your own locator.",此电台的接收报告使用 {g}，而非你的台站定位符。,settings,adapter-generated,crates/sdroxide-ui/src/app/settings/mod.rs:2239
settings.text_2244_156f35,"{g} is not a Maidenhead locator, so nothing this radio hears is reported. Four or six characters: two letters, two digits, and optionally two more letters.",{g} 不是有效的 Maidenhead 网格定位符，因此此电台接收的信号不会上报。需四位或六位：两个字母、两个数字，以及可选的两个字母。,settings,adapter-generated,crates/sdroxide-ui/src/app/settings/mod.rs:2244
settings.text_2594_0e939e,Pick a radio interface above (this configuration used the removed auto-detect mode).,请在上方选择电台接口，此配置使用了已移除的自动检测模式。,settings,adapter-generated,crates/sdroxide-ui/src/app/settings/mod.rs:2594
settings.text_2597_344ad0,This configuration used the removed auto-detect mode. Pick an interface above once the machine the radio is attached to has answered.,此配置使用了已移除的自动检测模式。连接电台的电脑响应后，请在上方选择接口。,settings,adapter-generated,crates/sdroxide-ui/src/app/settings/mod.rs:2597
settings.text_2609_eebcfb,This radio has no interface yet — pick one above and press Apply / reconnect.,此电台尚未设置接口，请在上方选择后点击“应用／重新连接”。,settings,adapter-generated,crates/sdroxide-ui/src/app/settings/mod.rs:2609
settings.text_2612_4e653d,This radio has no interface yet. One can be picked above once the machine the radio is attached to has answered.,此电台尚未设置接口。连接电台的电脑响应后，可在上方选择。,settings,adapter-generated,crates/sdroxide-ui/src/app/settings/mod.rs:2612
settings.text_2628_be1e06,Switch to this interface now — no restart needed,立即切换至此接口，无需重启,settings,adapter-generated,crates/sdroxide-ui/src/app/settings/mod.rs:2628
settings.text_2630_8c6a53,Switch the server's radio to this interface now — no restart needed. The old one keeps running if the new one cannot be opened.,立即切换服务器电台至此接口，无需重启。若无法打开新接口，原接口会继续运行。,settings,adapter-generated,crates/sdroxide-ui/src/app/settings/mod.rs:2630
settings.text_2642_eca26c,Switches the live radio without restarting.,切换正在运行的电台，无需重启。,settings,adapter-generated,crates/sdroxide-ui/src/app/settings/mod.rs:2642
settings.text_2644_91fc33,"Everything above is the server's own configuration, and changes are saved there. Most settings apply as you change them; the ones fixed when the device is opened — the sample rate, an address, the interface itself — need this button.",上方均为服务器自身配置，更改保存在服务器。大多数设置随修改立即生效；采样率、地址和接口类型等打开设备时固定的设置，需要点击此按钮。,settings,adapter-generated,crates/sdroxide-ui/src/app/settings/mod.rs:2644
settings.text_2688_72e9a5,Port,端口,settings,adapter-generated,crates/sdroxide-ui/src/app/settings/mod.rs:2688
settings.text_2693_b269dc,Commands,命令,settings,adapter-generated,crates/sdroxide-ui/src/app/settings/mod.rs:2693
settings.text_2713_72e9a5,Port,端口,settings,adapter-generated,crates/sdroxide-ui/src/app/settings/mod.rs:2713
settings.text_2719_b269dc,Commands,命令,settings,adapter-generated,crates/sdroxide-ui/src/app/settings/mod.rs:2719
settings.text_2749_95eab8,PSK Reporter (current band),PSK Reporter（当前波段）,settings,adapter-generated,crates/sdroxide-ui/src/app/settings/mod.rs:2749
settings.text_2754_b8e8f9,Upload my FT8/FT4/FT2/JS8 decodes,上传我的 FT8/FT4/FT2/JS8 解码报告,settings,adapter-generated,crates/sdroxide-ui/src/app/settings/mod.rs:2754
settings.text_2763_9d0081,Collector,收集服务器,settings,adapter-generated,crates/sdroxide-ui/src/app/settings/mod.rs:2763
settings.text_2774_282809,Max age (s),最长保留时间（秒）,settings,adapter-generated,crates/sdroxide-ui/src/app/settings/mod.rs:2774
settings.text_2791_05d2b0,Download who heard me,下载接收到我的台站记录,settings,adapter-generated,crates/sdroxide-ui/src/app/settings/mod.rs:2791
settings.text_2800_8e7e65,Ask every,查询间隔,settings,adapter-generated,crates/sdroxide-ui/src/app/settings/mod.rs:2800
settings.text_2806_693351,looking back,回溯时间,settings,adapter-generated,crates/sdroxide-ui/src/app/settings/mod.rs:2806
settings.text_2810_2e7573, min, 分钟,settings,adapter-generated,crates/sdroxide-ui/src/app/settings/mod.rs:2810
settings.text_2858_adc747,Route,路由,settings,adapter-generated,crates/sdroxide-ui/src/app/settings/mod.rs:2858
settings.text_2862_57e8a4,Internet,互联网,settings,adapter-generated,crates/sdroxide-ui/src/app/settings/mod.rs:2862
settings.text_2868_7eacb0,Radio (packet),电台（分组通信）,settings,adapter-generated,crates/sdroxide-ui/src/app/settings/mod.rs:2868
settings.text_2881_2ed8b8,Via,中继路径,settings,adapter-generated,crates/sdroxide-ui/src/app/settings/mod.rs:2881
settings.text_2907_c372fe,Speed,速率,settings,adapter-generated,crates/sdroxide-ui/src/app/settings/mod.rs:2907
settings.text_2928_16b666,Frequency,频率,settings,adapter-generated,crates/sdroxide-ui/src/app/settings/mod.rs:2928
settings.text_2987_d092f9,"{}{via} — {freq}, {} baud{}{}",{}{via} — {freq}，{} 波特{}{},settings,adapter-generated,crates/sdroxide-ui/src/app/settings/mod.rs:2987
settings.text_3040_905b9d,Connect on a timer,定时连接,settings,adapter-generated,crates/sdroxide-ui/src/app/settings/mod.rs:3040
settings.text_3043_9b8617,Every,间隔,settings,adapter-generated,crates/sdroxide-ui/src/app/settings/mod.rs:3043
settings.text_3047_2e7573, min, 分钟,settings,adapter-generated,crates/sdroxide-ui/src/app/settings/mod.rs:3047
settings.text_3077_472590,Provider,服务提供方,settings,adapter-generated,crates/sdroxide-ui/src/app/settings/mod.rs:3077
settings.text_3090_0525b9,Auto-fill name/QTH/grid on spot click & QSO,点击通报或通联时自动填写姓名、QTH 和网格定位符,settings,adapter-generated,crates/sdroxide-ui/src/app/settings/mod.rs:3090
settings.text_3126_a5f214,Auto-upload each new QSO,自动上传每条新通联,settings,adapter-generated,crates/sdroxide-ui/src/app/settings/mod.rs:3126
settings.text_3165_269f91,Auto-upload each new QSO to {},将每条新通联自动上传至 {},settings,adapter-generated,crates/sdroxide-ui/src/app/settings/mod.rs:3165
settings.text_3814_3b0fa4,This radio's settings are below. Drag to move it along the strip.,此电台的设置位于下方。拖动可调整其在标签栏中的位置。,settings,adapter-generated,crates/sdroxide-ui/src/app/settings/mod.rs:3814
settings.text_3816_919158,Switch to this radio (the dialog follows). Drag to move it along the strip.,切换至此电台，设置窗口随之切换。拖动可调整其在标签栏中的位置。,settings,adapter-generated,crates/sdroxide-ui/src/app/settings/mod.rs:3816
settings.text_3836_548c99,● TX,● 发射,settings,adapter-generated,crates/sdroxide-ui/src/app/settings/mod.rs:3836
settings.text_537_48536f,ADD TRANSVERTER,添加变频器,settings,adapter-generated,crates/sdroxide-ui/src/app/settings/mod.rs:537
settings.text_640_f97e9d,Other,其他,settings,adapter-generated,crates/sdroxide-ui/src/app/settings/mod.rs:640
settings.text_669_cc1d95,CLEAR ALL,全部清除,settings,adapter-generated,crates/sdroxide-ui/src/app/settings/mod.rs:669
settings.tle.header.downlink,DOWNLINK,下行,settings.tle.link_header,reviewed-display-resource,crates/sdroxide-ui/src/app/settings/tle.rs:416
settings.tle.header.link,LINK,链路,settings.tle.link_header,reviewed-display-resource,crates/sdroxide-ui/src/app/settings/tle.rs:416
settings.tle.header.mode,MODE,模式,settings.tle.link_header,reviewed-display-resource,crates/sdroxide-ui/src/app/settings/tle.rs:416
settings.tle.header.note,NOTE,备注,settings.tle.link_header,reviewed-display-resource,crates/sdroxide-ui/src/app/settings/tle.rs:416
settings.tle.header.uplink,UPLINK,上行,settings.tle.link_header,reviewed-display-resource,crates/sdroxide-ui/src/app/settings/tle.rs:416
settings.tle.new_subscription,New,新订阅,settings.tle,reviewed-display-resource,crates/sdroxide-ui/src/app/settings/tle.rs:178
settings.tle.text_107,"Which satellites in this listing get an orbit ring and a label. A whole group wants ""curated"": ninety rings at once is unreadable, and none at all leaves ninety anonymous dots.",选择列表中哪些卫星显示轨道环与标签。完整分组建议选择“精选”：同时显示九十条轨道难以阅读，全不显示则只剩无法识别的光点。,settings.tle,adapter-generated,crates/sdroxide-ui/src/app/settings/tle.rs:107
settings.tle.text_139,"Catalogue numbers to keep, comma separated. Empty tracks everything the listing carries.",要保留的卫星编号，以逗号分隔。留空则跟踪列表中的全部卫星。,settings.tle,adapter-generated,crates/sdroxide-ui/src/app/settings/tle.rs:139
settings.tle.text_216,"For a one-off. These do not update themselves, and SGP4 stops propagating an element set once it is a fortnight past its epoch — subscribe instead for anything you mean to keep.",用于一次性添加。粘贴的数据不会自动更新，SGP4 在轨道根数历元超过两周后停止传播；长期使用的卫星应改为订阅。,settings.tle,adapter-generated,crates/sdroxide-ui/src/app/settings/tle.rs:216
settings.tle.text_380,"Shown under the pass table in the solar window. An entry here replaces the built-in one for that catalogue number outright, so start from a copy of it unless you mean to drop the rest.",显示在太阳系窗口的过境表下方。此处条目会完整替换相同卫星编号的内置数据；除非要删除其余链路，建议从内置数据的副本开始编辑。,settings.tle,adapter-generated,crates/sdroxide-ui/src/app/settings/tle.rs:380
settings.tle.text_403,{} link(s),{} 条链路,settings.tle,adapter-generated,crates/sdroxide-ui/src/app/settings/tle.rs:403
settings.tle.text_425,FM repeater,FM 中继,settings.tle,adapter-generated,crates/sdroxide-ui/src/app/settings/tle.rs:425
settings.tle.text_45,"The tracker already fetches CelesTrak's amateur group on its own. This is for everything else: the NOAA weather birds, a cubesat too new to be in the group, or a fresher element set than the one that arrived. The listings are fetched — and kept — where the radio engine runs, so this is the same set of satellites wherever the app is open.",跟踪器已自动获取 CelesTrak 的业余卫星分组。此处可添加 NOAA 气象卫星、尚未收录的新立方星或更新的轨道根数。列表在电台引擎所在电脑下载并保存，因此所有客户端看到相同卫星数据。,settings.tle,adapter-generated,crates/sdroxide-ui/src/app/settings/tle.rs:45
settings.tle.text_459,Replace these links with the built-in ones for {},使用 {} 的内置链路替换当前链路,settings.tle,adapter-generated,crates/sdroxide-ui/src/app/settings/tle.rs:459
settings.tle.text_474,A frequency is either one number (145.800) or a transponder passband written 145.950-145.970. Leave a direction blank for a beacon.,频率可以是单个数值（145.800），或转发器通带（145.950-145.970）。信标可将某一方向留空。,settings.tle,adapter-generated,crates/sdroxide-ui/src/app/settings/tle.rs:474
settings.tle.text_77,"Listings fetched and kept current, on the same six-hourly cadence as the amateur set. Refreshed while the solar window is open, and by UPDATE NOW here.",按业余卫星数据相同的六小时间隔下载并更新。太阳系窗口打开时自动刷新，也可在此点击“立即更新”。,settings.tle,adapter-generated,crates/sdroxide-ui/src/app/settings/tle.rs:77
settings.ui.bandplan_color_value,Colour for {} allocations,{} 频段分配的颜色,settings.ui,adapter-generated,crates/sdroxide-ui/src/app/settings/ui_tab.rs:190
settings.ui.bandplan_colors,Band plan colours,频段规划颜色,settings.ui,adapter-generated,crates/sdroxide-ui/src/app/settings/ui_tab.rs:181
settings.ui.bandplan_colors_hint,"The shade each class of allocation is painted in on the band-plan strip along the bottom of the waterfall. The blocks are drawn semi-transparent over the waterfall, so they land darker there than in the swatch here.",瀑布图底部频段规划条中，各类频段分配的显示颜色。色块以半透明方式叠加在瀑布图上，因此实际效果比此处的色样更暗。,settings.ui,adapter-generated,crates/sdroxide-ui/src/app/settings/ui_tab.rs:182
settings.ui.button_style,Button style,按钮样式,settings.ui,adapter-generated,crates/sdroxide-ui/src/app/settings/ui_tab.rs:55
settings.ui.cloud_layered_option,Layered,分层渲染,settings.ui,adapter-generated,crates/sdroxide-ui/src/app/settings/ui_tab.rs:267
settings.ui.cloud_rendering,Cloud rendering,云层渲染,settings.ui,adapter-generated,crates/sdroxide-ui/src/app/settings/ui_tab.rs:263
settings.ui.cloud_rendering_hint,"How the CLOUDS layer in the 3D view draws the weather. Layered stacks slices through the troposphere and is the cheap option. Volumetric walks a ray through it instead, so the Sun casts the cloud tops onto the deck below and lightning glows out through the storm making it rather than only brightening its outside — at several times the cost per pixel.",设置三维视图中 CLOUDS（云层）的天气显示方式。分层渲染将对流层切片叠加，计算开销较低。体积渲染沿光线遍历云层，使云顶阴影落在下方云层上，闪电也从雷暴内部透出，而非仅照亮外表；每个像素的计算开销会增加数倍。,settings.ui,adapter-generated,crates/sdroxide-ui/src/app/settings/ui_tab.rs:275
settings.ui.cloud_volumetric,Volumetric,体积渲染,settings.ui,adapter-generated,crates/sdroxide-ui/src/app/settings/ui_tab.rs:265
settings.ui.cloud_volumetric_layered,Layered,分层渲染,settings.ui,adapter-generated,crates/sdroxide-ui/src/app/settings/ui_tab.rs:265
settings.ui.cloud_volumetric_option,Volumetric,体积渲染,settings.ui,adapter-generated,crates/sdroxide-ui/src/app/settings/ui_tab.rs:268
settings.ui.display,Display,显示,settings.ui,adapter-generated,crates/sdroxide-ui/src/app/settings/ui_tab.rs:31;crates/sdroxide-ui/src/solar3d/overlay.rs:524
settings.ui.display_controls_hint,"Panadapter detail, the spectrum's reaction and the waterfall's scroll speed are set from the SPEC button on the display strip — the DISP menu on a narrow window.",频谱显示精细度、频谱响应速度和瀑布图滚动速度，可通过显示栏中的 SPEC（频谱）按钮设置；窄窗口中请打开 DISP（显示）菜单。,settings.ui,adapter-generated,crates/sdroxide-ui/src/app/settings/ui_tab.rs:39
settings.ui.frame_rate,Screen update rate,画面刷新率,settings.ui,adapter-generated,crates/sdroxide-ui/src/app/settings/ui_tab.rs:75
settings.ui.frame_rate_option,{f} fps,{f} 帧/秒,settings.ui,reviewed-display-resource,crates/sdroxide-ui/src/app/settings/ui_tab.rs:80
settings.ui.frame_rate_value,{} fps,{} 帧/秒,settings.ui,reviewed-display-resource,crates/sdroxide-ui/src/app/settings/ui_tab.rs:77
settings.ui.gradient,Gradient,渐变,settings.ui,adapter-generated,crates/sdroxide-ui/src/app/settings/ui_tab.rs:138;crates/sdroxide-ui/src/app/panels/sstv.rs:1626
settings.ui.gradient_bottom,bottom,底部,settings.ui,adapter-generated,crates/sdroxide-ui/src/app/settings/ui_tab.rs:142
settings.ui.gradient_top,top,顶部,settings.ui,adapter-generated,crates/sdroxide-ui/src/app/settings/ui_tab.rs:140
settings.ui.interface_font_size,Interface font size,界面字号,settings.ui,adapter-generated,crates/sdroxide-ui/src/app/settings/ui_tab.rs:221
settings.ui.interface_font_size_hint,"Scales the whole interface — menus, dialogs, windows, the radio tabs, the top bar and its buttons. The two sizes above are relative to it.",缩放整个界面，包括菜单、对话框、窗口、电台标签页、顶栏及其按钮。上面的两项字号以此界面字号为基准。,settings.ui,adapter-generated,crates/sdroxide-ui/src/app/settings/ui_tab.rs:222
settings.ui.interpolate,Interpolate,插值,settings.ui,adapter-generated,crates/sdroxide-ui/src/app/settings/ui_tab.rs:126
settings.ui.interpolate_hint,"Blend each screen pixel with the bins and rows around it, so a signal looks continuous where the display is wider than the transform. Turn it off for a rectangular waterfall — one block per bin, one per row — which is what reading a signal's shape off the picture needs: an interpolated signal cannot be told apart from a genuinely wider one. A bigger FFT (the FFT chip) is the other half of that.",将屏幕像素与相邻频率格和时间行混合，使显示宽度超过变换分辨率时的信号看起来连续。关闭后，每个频率格、每个时间行显示为独立方块，便于观察信号形状；插值后的信号可能与实际较宽的信号难以区分。若需提高实际分辨率，也可通过 FFT 按钮增大 FFT。,settings.ui,adapter-generated,crates/sdroxide-ui/src/app/settings/ui_tab.rs:127
settings.ui.layout,Layout,布局,settings.ui,adapter-generated,crates/sdroxide-ui/src/app/settings/ui_tab.rs:47
settings.ui.map_cities,Cities on maps,地图城市,settings.ui,adapter-generated,crates/sdroxide-ui/src/app/settings/ui_tab.rs:229
settings.ui.map_cities_enable,show cities and their names,显示城市及其名称,settings.ui,adapter-generated,crates/sdroxide-ui/src/app/settings/ui_tab.rs:240
settings.ui.map_cities_hint,"Draw the world's cities — a dot per place, with its name beside it where there is room — on the flat maps: FT8/WSPR, APRS, ADS-B and AIS.

They are most of what says *where* a dot is on a map of the whole world, and they are also the busiest thing on it. Turn them off if the names are getting in the way of the stations you are reading. The 3D globe is unaffected — its cities are night-side lights rather than markers, and nothing there is written across a contact.","在 FT8/WSPR、APRS、ADS-B 和 AIS 平面地图上显示世界城市的位置点，并在空间允许时显示城市名称。

城市能帮助辨认地图上的位置，但也会增加显示密度。如果名称遮挡了要查看的电台，可以关闭。此设置不影响三维地球；三维视图中的城市显示为夜侧灯光，不会用名称覆盖通联标记。",settings.ui,adapter-generated,crates/sdroxide-ui/src/app/settings/ui_tab.rs:230
settings.ui.reset_bandplan_colors,Reset,重置,settings.ui,adapter-generated,crates/sdroxide-ui/src/app/settings/ui_tab.rs:201
settings.ui.reset_bandplan_colors_hint,Put every band-plan colour back to its default,将所有频段规划颜色恢复为默认值,settings.ui,adapter-generated,crates/sdroxide-ui/src/app/settings/ui_tab.rs:202
settings.ui.reset_spot_colors,Reset,重置,settings.ui,adapter-generated,crates/sdroxide-ui/src/app/settings/ui_tab.rs:169
settings.ui.reset_spot_colors_hint,Put every spot colour back to its default,将所有通报颜色恢复为默认值,settings.ui,adapter-generated,crates/sdroxide-ui/src/app/settings/ui_tab.rs:170
settings.ui.skimmer_font_size,Skimmer font size,CW 扫描解码器字号,settings.ui,adapter-generated,crates/sdroxide-ui/src/app/settings/ui_tab.rs:213
settings.ui.snap_to_step,First press snaps to the step,首次按下对齐步进,settings.ui,adapter-generated,crates/sdroxide-ui/src/app/settings/ui_tab.rs:114
settings.ui.snap_to_step_hint,"A dial left between two multiples of the step goes to the next one in the direction pressed — 7 074 300 goes up to 7 075 000 at a 1 kHz step, down to 7 074 000. After that the buttons move by the step as usual. Off, every press moves by exactly the step.",当前频率不在步进的整数倍位置时，首次按下会沿所选方向对齐到下一个步进点。例如步进为 1 kHz 时，7 074 300 Hz 向上对齐到 7 075 000 Hz，向下对齐到 7 074 000 Hz；之后按正常步进调谐。关闭后，每次均按完整步进增减。,settings.ui,adapter-generated,crates/sdroxide-ui/src/app/settings/ui_tab.rs:117
settings.ui.spectrum_background,Spectrum background,频谱背景,settings.ui,adapter-generated,crates/sdroxide-ui/src/app/settings/ui_tab.rs:136
settings.ui.speech.agc_gain,AGC and gain,AGC 与增益,settings.ui,adapter-generated,crates/sdroxide-ui/src/app/settings/ui_tab.rs:395
settings.ui.speech.band_edge,Leaving an amateur band,离开业余频段,settings.ui,adapter-generated,crates/sdroxide-ui/src/app/settings/ui_tab.rs:403
settings.ui.speech.best_match,Report the best match on release,松开后报告最佳匹配,settings.ui,adapter-generated,crates/sdroxide-ui/src/app/settings/ui_tab.rs:478
settings.ui.speech.callsign_style,Callsigns,呼号读法,settings.ui,adapter-generated,crates/sdroxide-ui/src/app/settings/ui_tab.rs:498
settings.ui.speech.categories,What to announce,播报内容,settings.ui,adapter-generated,crates/sdroxide-ui/src/app/settings/ui_tab.rs:388
settings.ui.speech.cw_locked_only,CW only while the decoder is locked,仅在解码器锁定时朗读 CW,settings.ui,adapter-generated,crates/sdroxide-ui/src/app/settings/ui_tab.rs:445
settings.ui.speech.cw_locked_only_hint,Reading an unlocked decoder's output is worse than silence,未锁定的解码器输出通常不可读，不宜播报,settings.ui,adapter-generated,crates/sdroxide-ui/src/app/settings/ui_tab.rs:447
settings.ui.speech.decoded_messages,Decoded messages,解码消息,settings.ui,adapter-generated,crates/sdroxide-ui/src/app/settings/ui_tab.rs:412
settings.ui.speech.detail,Detail,详细程度,settings.ui,adapter-generated,crates/sdroxide-ui/src/app/settings/ui_tab.rs:349
settings.ui.speech.drive_tune_mic,"Drive, tune and mic",驱动电平、调谐载波与麦克风电平,settings.ui,adapter-generated,crates/sdroxide-ui/src/app/settings/ui_tab.rs:397
settings.ui.speech.duck_receiver,Duck receiver,降低接收音量,settings.ui,adapter-generated,crates/sdroxide-ui/src/app/settings/ui_tab.rs:359
settings.ui.speech.enable,Speak changes to the radio,播报电台状态变化,settings.ui,adapter-generated,crates/sdroxide-ui/src/app/settings/ui_tab.rs:302
settings.ui.speech.enable_hint,"Reads out what changed, so the radio can be operated without seeing it",读出发生变化的状态，便于不看屏幕操作电台,settings.ui,adapter-generated,crates/sdroxide-ui/src/app/settings/ui_tab.rs:303
settings.ui.speech.filters,"Filters, squelch and noise reduction",滤波器、静噪与降噪,settings.ui,adapter-generated,crates/sdroxide-ui/src/app/settings/ui_tab.rs:406
settings.ui.speech.filters_hint,Off by default: these move constantly while chasing a signal,默认关闭：寻找信号时，这些设置会频繁变化,settings.ui,adapter-generated,crates/sdroxide-ui/src/app/settings/ui_tab.rs:407
settings.ui.speech.frequency,Frequency,频率,settings.ui,adapter-generated,crates/sdroxide-ui/src/app/settings/ui_tab.rs:391
settings.ui.speech.frequency_style,Frequencies,频率读法,settings.ui,adapter-generated,crates/sdroxide-ui/src/app/settings/ui_tab.rs:489
settings.ui.speech.fsq_to_me,FSQ messages to me,发给我的 FSQ 消息,settings.ui,adapter-generated,crates/sdroxide-ui/src/app/settings/ui_tab.rs:424
settings.ui.speech.ft8_cq,FT8 CQs I could answer,我可应答的 FT8 CQ,settings.ui,adapter-generated,crates/sdroxide-ui/src/app/settings/ui_tab.rs:416
settings.ui.speech.ft8_cq_hint,A busy evening on twenty metres is a hundred of these a minute,20 米波段繁忙的晚上，此类消息每分钟可达上百条,settings.ui,adapter-generated,crates/sdroxide-ui/src/app/settings/ui_tab.rs:418
settings.ui.speech.ft8_to_me,FT8 calls to me,呼叫我的 FT8 消息,settings.ui,adapter-generated,crates/sdroxide-ui/src/app/settings/ui_tab.rs:415
settings.ui.speech.high_swr,Warn about high SWR during any transmission,任何发射期间均警告高驻波比,settings.ui,adapter-generated,crates/sdroxide-ui/src/app/settings/ui_tab.rs:483
settings.ui.speech.include_report,Include the report,包含信号报告,settings.ui,adapter-generated,crates/sdroxide-ui/src/app/settings/ui_tab.rs:425
settings.ui.speech.include_report_hint,Only where the message carries none of its own — a decode that already reports a number does not also get ours,仅在消息本身没有信号报告时添加；若解码消息已有报告数值，不再追加本机报告,settings.ui,adapter-generated,crates/sdroxide-ui/src/app/settings/ui_tab.rs:427
settings.ui.speech.interval,Every,间隔,settings.ui,adapter-generated,crates/sdroxide-ui/src/app/settings/ui_tab.rs:466
settings.ui.speech.js8_allcall,JS8 @ALLCALL too,也播报 JS8 @ALLCALL,settings.ui,adapter-generated,crates/sdroxide-ui/src/app/settings/ui_tab.rs:422
settings.ui.speech.js8_to_me,JS8 messages to me,发给我的 JS8 消息,settings.ui,adapter-generated,crates/sdroxide-ui/src/app/settings/ui_tab.rs:421
settings.ui.speech.memories_scan,Memories and scanning,记忆信道与扫描,settings.ui,adapter-generated,crates/sdroxide-ui/src/app/settings/ui_tab.rs:401
settings.ui.speech.mode_band,Mode and band,模式与波段,settings.ui,adapter-generated,crates/sdroxide-ui/src/app/settings/ui_tab.rs:392
settings.ui.speech.notices,Warnings and messages,警告与消息,settings.ui,adapter-generated,crates/sdroxide-ui/src/app/settings/ui_tab.rs:404
settings.ui.speech.output,Output,输出设备,settings.ui,adapter-generated,crates/sdroxide-ui/src/app/settings/ui_tab.rs:342
settings.ui.speech.output_hint,"Announcements play on their own sound device, so they are never recorded and never sent to anyone listening remotely. Keys for speaking the status, repeating the last announcement and stopping mid-sentence are on the Controls tab.",播报使用独立音频设备，因此不会被录音，也不会传给远程收听者。在“控制”标签页可设置朗读状态、重复上次播报和立即停止播报的快捷键。,settings.ui,adapter-generated,crates/sdroxide-ui/src/app/settings/ui_tab.rs:521
settings.ui.speech.own_ft8,My own FT8 exchange,我的 FT8 通联过程,settings.ui,adapter-generated,crates/sdroxide-ui/src/app/settings/ui_tab.rs:431
settings.ui.speech.own_ft8_hint,"What the sequencer is about to send, and the contact ending",播报自动通联流程即将发送的消息，以及通联结束状态,settings.ui,adapter-generated,crates/sdroxide-ui/src/app/settings/ui_tab.rs:432
settings.ui.speech.quiet_on_tx,Stay quiet while transmitting,发射时暂停播报,settings.ui,adapter-generated,crates/sdroxide-ui/src/app/settings/ui_tab.rs:510
settings.ui.speech.quiet_on_tx_hint,"Speech goes to your speakers, and therefore into your microphone. High-SWR warnings still get through.",扬声器的播报声可能被麦克风拾取。高驻波比警告仍会播报。,settings.ui,adapter-generated,crates/sdroxide-ui/src/app/settings/ui_tab.rs:512
settings.ui.speech.read_decoded_text,Reading decoded text aloud,朗读解码文本,settings.ui,adapter-generated,crates/sdroxide-ui/src/app/settings/ui_tab.rs:437
settings.ui.speech.read_decoded_text_hint,"Both are off by default. A decoder produces text faster than speech reads it, so anything that falls too far behind the live audio is dropped rather than queued.",两项均默认关闭。解码文本产生速度快于语音朗读速度；严重滞后于实时音频的文本会被丢弃，而不会一直排队。,settings.ui,adapter-generated,crates/sdroxide-ui/src/app/settings/ui_tab.rs:450
settings.ui.speech.reading_style,How things are read,朗读方式,settings.ui,adapter-generated,crates/sdroxide-ui/src/app/settings/ui_tab.rs:487
settings.ui.speech.rit_xit,RIT and XIT,RIT 与 XIT,settings.ui,adapter-generated,crates/sdroxide-ui/src/app/settings/ui_tab.rs:400
settings.ui.speech.shipped_voice,Shipped voice,随附语音,settings.ui,adapter-generated,crates/sdroxide-ui/src/app/settings/ui_tab.rs:309
settings.ui.speech.shipped_voice_option,Shipped voice,随附语音,settings.ui,adapter-generated,crates/sdroxide-ui/src/app/settings/ui_tab.rs:313
settings.ui.speech.speed,Speed,语速,settings.ui,adapter-generated,crates/sdroxide-ui/src/app/settings/ui_tab.rs:325;crates/sdroxide-ui/src/app/morse.rs:604;crates/sdroxide-ui/src/app/panels/fsq.rs:55;crates/sdroxide-ui/src/app/panels/setup.rs:105
settings.ui.speech.speed_hint,"The voice stretches or compresses its own phrasing, so the pitch does not change. Past about 2× it stops getting shorter.",通过拉伸或压缩语句调整语速，不改变音调。超过约 2× 后，语句长度不再明显缩短。,settings.ui,adapter-generated,crates/sdroxide-ui/src/app/settings/ui_tab.rs:333
settings.ui.speech.swr_while_tuning,Read the SWR out while TUNE is held,按住 TUNE 时播报驻波比,settings.ui,adapter-generated,crates/sdroxide-ui/src/app/settings/ui_tab.rs:462
settings.ui.speech.test,Test,测试,settings.ui,adapter-generated,crates/sdroxide-ui/src/app/settings/ui_tab.rs:374
settings.ui.speech.title,Voice announcements,语音播报,settings.ui,adapter-generated,crates/sdroxide-ui/src/app/settings/ui_tab.rs:300
settings.ui.speech.tuning,Tuning up,调谐载波,settings.ui,adapter-generated,crates/sdroxide-ui/src/app/settings/ui_tab.rs:458
settings.ui.speech.tx_rx,Transmit and receive,发射与接收,settings.ui,adapter-generated,crates/sdroxide-ui/src/app/settings/ui_tab.rs:398
settings.ui.speech.vfo_split,VFO and split,VFO 与异频收发,settings.ui,adapter-generated,crates/sdroxide-ui/src/app/settings/ui_tab.rs:394
settings.ui.speech.voice,Voice,语音,settings.ui,adapter-generated,crates/sdroxide-ui/src/app/settings/ui_tab.rs:307
settings.ui.speech.volume,Volume,音量,settings.ui,adapter-generated,crates/sdroxide-ui/src/app/settings/ui_tab.rs:338
settings.ui.speech.while_speaking,While speaking,播报时,settings.ui,adapter-generated,crates/sdroxide-ui/src/app/settings/ui_tab.rs:361
settings.ui.spot_color_value,Colour for {} spots,{} 通报的颜色,settings.ui,adapter-generated,crates/sdroxide-ui/src/app/settings/ui_tab.rs:155
settings.ui.spot_colors,Spot label colours,通报标签颜色,settings.ui,adapter-generated,crates/sdroxide-ui/src/app/settings/ui_tab.rs:148
settings.ui.spot_colors_hint,"The tint each spot source wears: the boxes along the bottom of the waterfall, the badges in the SPOTS list and the dots on the world map.",各通报来源的显示颜色，应用于瀑布图底部的标签框、SPOTS（通报）列表中的标记和世界地图上的圆点。,settings.ui,adapter-generated,crates/sdroxide-ui/src/app/settings/ui_tab.rs:149
settings.ui.theme,Theme,主题,settings.ui,adapter-generated,crates/sdroxide-ui/src/app/settings/ui_tab.rs:51
settings.ui.touch_tuning_buttons,Show on phone and tablet,在手机和平板上显示,settings.ui,adapter-generated,crates/sdroxide-ui/src/app/settings/ui_tab.rs:97
settings.ui.touch_tuning_buttons_hint,"A row of step-down / step / step-up buttons under the control strip on a touched screen. There is no wheel to scroll a digit with and no dial, so without them the only way to move a known step is to type the whole frequency in. Never drawn on a desktop.",在触摸屏控制栏下方显示减小频率、步进和增大频率按钮。触摸屏没有用于调整频率数字的滚轮或旋钮；若不显示这些按钮，按固定步进调谐就需要输入完整频率。桌面布局中不显示此按钮组。,settings.ui,adapter-generated,crates/sdroxide-ui/src/app/settings/ui_tab.rs:99
settings.ui.tuning_buttons,Tuning buttons,调谐按钮,settings.ui,adapter-generated,crates/sdroxide-ui/src/app/settings/ui_tab.rs:95
settings.ui.tuning_step_value,Step: {},步进：{},settings.ui,adapter-generated,crates/sdroxide-ui/src/app/settings/ui_tab.rs:104
settings.ui.update_check,Check for updates at startup,启动时检查更新,settings.ui,adapter-generated,crates/sdroxide-ui/src/app/settings/ui_tab.rs:250
settings.ui.update_check_hint,"Asks sdroxide.com once per start whether a newer release has been published, and says so in a dismissable banner above the waterfall. Nothing is sent beyond the request itself.",每次启动时向 sdroxide.com 查询一次是否发布了新版；若有更新，将在瀑布图上方显示可关闭的提示条。除查询请求本身外，不发送其他信息。,settings.ui,adapter-generated,crates/sdroxide-ui/src/app/settings/ui_tab.rs:252
settings.ui.view_3d,3D view,三维视图,settings.ui,adapter-generated,crates/sdroxide-ui/src/app/settings/ui_tab.rs:260
settings.ui.waterfall_font_size,Waterfall / spectrum font size,瀑布图／频谱字号,settings.ui,adapter-generated,crates/sdroxide-ui/src/app/settings/ui_tab.rs:217
settings.ui.waterfall_palette,Waterfall palette,瀑布图配色,settings.ui,adapter-generated,crates/sdroxide-ui/src/app/settings/ui_tab.rs:85
settings.ui.waterfall_smoothing,Waterfall smoothing,瀑布图平滑,settings.ui,adapter-generated,crates/sdroxide-ui/src/app/settings/ui_tab.rs:125
settings.ui.window_style,Window style,窗口样式,settings.ui,adapter-generated,crates/sdroxide-ui/src/app/settings/ui_tab.rs:65
settings24.receiver.4e281285443a,radio {},电台 {},settings24.receiver,shared-ui-label-resource,crates/sdroxide-ui/src/app/mod.rs:1138
settings24.receiver.dc937b598926,None,无,settings24.receiver,shared-ui-label-resource,
settings24.text_2338_92e641,Low shelf,低频搁架,settings24,adapter-generated,crates/sdroxide-ui/src/app/settings/mod.rs:2338
settings24.text_2346_fdeea2,Mid peak,中频峰值,settings24,adapter-generated,crates/sdroxide-ui/src/app/settings/mod.rs:2346
settings24.text_2354_d8a838,High shelf,高频搁架,settings24,adapter-generated,crates/sdroxide-ui/src/app/settings/mod.rs:2354
settings24.text_2358_965067,Brightness/de-ess.,调节明亮度／消除齿音。,settings24,adapter-generated,crates/sdroxide-ui/src/app/settings/mod.rs:2358
settings24.text_2979_e9e18b,current dial,当前拨盘频率,settings24,adapter-generated,crates/sdroxide-ui/src/app/settings/mod.rs:2979
settings24.text_2984_4f2a18, via {}, 经由 {},settings24,adapter-generated,crates/sdroxide-ui/src/app/settings/mod.rs:2984
settings24.transverter.43b981c9c6d5,Transmit,发射,settings24.transverter,shared-ui-label-resource,
settings24.transverter.7950ffe5cef9,Band low,波段下限,settings24.transverter,shared-ui-label-resource,
settings24.transverter.986ad48f7e9b,Band high,波段上限,settings24.transverter,shared-ui-label-resource,
settings24.transverter.b1a1e8e3cf7c,Offset,频率偏移,settings24.transverter,shared-ui-label-resource,
settings24.transverter.d3808bbfeab7,Max drive,最大驱动,settings24.transverter,shared-ui-label-resource,
settings24.transverter.dcd1d5223f73,Name,名称,settings24.transverter,shared-ui-label-resource,
shell.app_panels_macros.text_65_a5cd03,F{}: sends “{}”,F{}：发送“{}”,shell.app_panels_macros,adapter-generated,crates/sdroxide-ui/src/app/panels/macros.rs:65
shell.app_panels_macros.text_67_f5bf8f,Sends “{}”,发送“{}”,shell.app_panels_macros,adapter-generated,crates/sdroxide-ui/src/app/panels/macros.rs:67
shell.app_panels_vdl2.text_125_c260a6,{} frames,{} 帧,shell.app_panels_vdl2,adapter-generated,crates/sdroxide-ui/src/app/panels/vdl2.rs:125
shell.app_panels_vdl2.text_126_79abfe,{} bursts,{} 突发,shell.app_panels_vdl2,adapter-generated,crates/sdroxide-ui/src/app/panels/vdl2.rs:126
shell.app_panels_vdl2.text_133_8d364e,{} sync,{} 同步,shell.app_panels_vdl2,adapter-generated,crates/sdroxide-ui/src/app/panels/vdl2.rs:133
shell.app_panels_vdl2.text_135_73cfb7,{} bad FCS,{} FCS 错误,shell.app_panels_vdl2,adapter-generated,crates/sdroxide-ui/src/app/panels/vdl2.rs:135
shell.help.text_596_0ed6af,no matches,无匹配结果,shell.help,adapter-generated,crates/sdroxide-ui/src/help.rs:596
shell.multi.text_723_29b3ec,Close this radio's split view,关闭此电台的分屏视图,shell.multi,adapter-generated,crates/sdroxide-ui/src/multi.rs:723
shell.multi.text_725_19cdf9,Open this radio in a split view of its own,在独立分屏中打开此电台,shell.multi,adapter-generated,crates/sdroxide-ui/src/multi.rs:725
shell.multi.text_754_24a6d7,Add a radio on this computer (Settings → Radio to add one at a                              station),在此电脑上添加电台（要在远程站添加，请打开“设置 → 电台”）,shell.multi,adapter-generated,crates/sdroxide-ui/src/multi.rs:754
shell.multi.text_756_fbf993,Add a radio,添加电台,shell.multi,adapter-generated,crates/sdroxide-ui/src/multi.rs:756
solar.overlay.dynamic.text_1085_ac6c84,MODE,模式,solar.overlay.dynamic,adapter-generated,crates/sdroxide-ui/src/solar3d/overlay.rs:1085
solar.overlay.dynamic.text_1088_d4db71,PATH,路径,solar.overlay.dynamic,adapter-generated,crates/sdroxide-ui/src/solar3d/overlay.rs:1088
solar.overlay.dynamic.text_1096_588867,TIME,时长,solar.overlay.dynamic,adapter-generated,crates/sdroxide-ui/src/solar3d/overlay.rs:1096
solar.overlay.dynamic.text_1102_608dbf,SENT,发出,solar.overlay.dynamic,adapter-generated,crates/sdroxide-ui/src/solar3d/overlay.rs:1102
solar.overlay.dynamic.text_1105_5d8ca2,RCVD,收到,solar.overlay.dynamic,adapter-generated,crates/sdroxide-ui/src/solar3d/overlay.rs:1105
solar.overlay.dynamic.text_1108_cc7109,SIG,信号,solar.overlay.dynamic,adapter-generated,crates/sdroxide-ui/src/solar3d/overlay.rs:1108
solar.overlay.dynamic.text_1111_e7404b,GRID,网格,solar.overlay.dynamic,adapter-generated,crates/sdroxide-ui/src/solar3d/overlay.rs:1111
solar.overlay.dynamic.text_1399_39f17e,START,开始,solar.overlay.dynamic,adapter-generated,crates/sdroxide-ui/src/solar3d/overlay.rs:1399
solar.overlay.dynamic.text_1399_3c4296,DUR,时长,solar.overlay.dynamic,adapter-generated,crates/sdroxide-ui/src/solar3d/overlay.rs:1399
solar.overlay.dynamic.text_1399_b891f9,END,结束,solar.overlay.dynamic,adapter-generated,crates/sdroxide-ui/src/solar3d/overlay.rs:1399
solar.overlay.dynamic.text_1399_c8967d,LOS,出境方位,solar.overlay.dynamic,adapter-generated,crates/sdroxide-ui/src/solar3d/overlay.rs:1399
solar.overlay.dynamic.text_1399_e337be,MAX EL,最大仰角,solar.overlay.dynamic,adapter-generated,crates/sdroxide-ui/src/solar3d/overlay.rs:1399
solar.overlay.dynamic.text_1399_f7c066,AOS,入境方位,solar.overlay.dynamic,adapter-generated,crates/sdroxide-ui/src/solar3d/overlay.rs:1399
solar.overlay.dynamic.text_1532_63e717,FREQUENCIES,频率,solar.overlay.dynamic,adapter-generated,crates/sdroxide-ui/src/solar3d/overlay.rs:1532
solar.overlay.dynamic.text_1532_69a25d,FREQUENCIES  ·  YOURS,频率 · 自定义,solar.overlay.dynamic,adapter-generated,crates/sdroxide-ui/src/solar3d/overlay.rs:1532
solar.overlay.dynamic.text_1547_6026f4,UPLINK (MHz),上行（MHz）,solar.overlay.dynamic,adapter-generated,crates/sdroxide-ui/src/solar3d/overlay.rs:1547
solar.overlay.dynamic.text_1547_ac6c84,MODE,模式,solar.overlay.dynamic,adapter-generated,crates/sdroxide-ui/src/solar3d/overlay.rs:1547
solar.overlay.dynamic.text_1547_d5abb6,DOWNLINK (MHz),下行（MHz）,solar.overlay.dynamic,adapter-generated,crates/sdroxide-ui/src/solar3d/overlay.rs:1547
solar.overlay.dynamic.text_1547_e26ef1,LINK,链路,solar.overlay.dynamic,adapter-generated,crates/sdroxide-ui/src/solar3d/overlay.rs:1547
solar.overlay.dynamic.text_1624_a2cda5,-- SIM,-- 模拟,solar.overlay.dynamic,adapter-generated,crates/sdroxide-ui/src/solar3d/overlay.rs:1624
solar.overlay.dynamic.text_1626_093cba,LOC,本地,solar.overlay.dynamic,adapter-generated,crates/sdroxide-ui/src/solar3d/overlay.rs:1626
solar.overlay.dynamic.text_1680_093cba,LOC,本地,solar.overlay.dynamic,adapter-generated,crates/sdroxide-ui/src/solar3d/overlay.rs:1680
solar.overlay.dynamic.text_1713_093cba,LOC,本地,solar.overlay.dynamic,adapter-generated,crates/sdroxide-ui/src/solar3d/overlay.rs:1713
solar.overlay.dynamic.text_1825_bbc248,"satellite, planet or comet",卫星、行星或彗星,solar.overlay.dynamic,adapter-generated,crates/sdroxide-ui/src/solar3d/overlay.rs:1825
solar.overlay.dynamic.text_1826_dc4b4e,satellite,卫星,solar.overlay.dynamic,adapter-generated,crates/sdroxide-ui/src/solar3d/overlay.rs:1826
solar.overlay.dynamic.text_1827_3bd1c8,"planet, asteroid or comet",行星、小行星或彗星,solar.overlay.dynamic,adapter-generated,crates/sdroxide-ui/src/solar3d/overlay.rs:1827
solar.overlay.dynamic.text_1876_9bc94a,no match,无匹配结果,solar.overlay.dynamic,adapter-generated,crates/sdroxide-ui/src/solar3d/overlay.rs:1876
solar.overlay.dynamic.text_1881_6ed3c8,{} — ↵ to fly there,{} — 按回车前往,solar.overlay.dynamic,adapter-generated,crates/sdroxide-ui/src/solar3d/overlay.rs:1881
solar.overlay.dynamic.text_1886_9fa117,{s} of {sat_total} tracked,已跟踪 {s} / {sat_total} 颗,solar.overlay.dynamic,adapter-generated,crates/sdroxide-ui/src/solar3d/overlay.rs:1886
solar.overlay.dynamic.text_1887_70eee6,{b} of {body_total} bodies,天体 {b} / {body_total} 个,solar.overlay.dynamic,adapter-generated,crates/sdroxide-ui/src/solar3d/overlay.rs:1887
solar.overlay.dynamic.text_1889_0345e6,{s} of {sat_total} tracked · {b} of {body_total} bodies,已跟踪 {s} / {sat_total} 颗 · 天体 {b} / {body_total} 个,solar.overlay.dynamic,adapter-generated,crates/sdroxide-ui/src/solar3d/overlay.rs:1889
solar.overlay.dynamic.text_1936_27d9c7,no sounder,无测高仪数据,solar.overlay.dynamic,adapter-generated,crates/sdroxide-ui/src/solar3d/overlay.rs:1936
solar.overlay.dynamic.text_1948_726dda,HEARD ≥,实测可通频率 ≥,solar.overlay.dynamic,adapter-generated,crates/sdroxide-ui/src/solar3d/overlay.rs:1948
solar.overlay.dynamic.text_1979_e0ab46,X-ray,X射线,solar.overlay.dynamic,adapter-generated,crates/sdroxide-ui/src/solar3d/overlay.rs:1979
solar.overlay.dynamic.text_2026_ccf138,{} on {},{} · {} 波段,solar.overlay.dynamic,adapter-generated,crates/sdroxide-ui/src/solar3d/overlay.rs:2026
solar.overlay.dynamic.text_2040_011b68,observed above the sounder — better than modelled,实测高于测高仪估计值 — 传播优于模型预测,solar.overlay.dynamic,adapter-generated,crates/sdroxide-ui/src/solar3d/overlay.rs:2040
solar.overlay.dynamic.text_2118_8c39ef,power N/S,北／南半球功率,solar.overlay.dynamic,adapter-generated,crates/sdroxide-ui/src/solar3d/overlay.rs:2118
solar.overlay.dynamic.text_2123_065186,activity,活动水平,solar.overlay.dynamic,adapter-generated,crates/sdroxide-ui/src/solar3d/overlay.rs:2123
solar.overlay.dynamic.text_2141_8b42c7,edge N/S,北／南侧边界,solar.overlay.dynamic,adapter-generated,crates/sdroxide-ui/src/solar3d/overlay.rs:2141
solar.overlay.dynamic.text_2160_6bd1e6,Kp peak 24 h,未来24小时 Kp 峰值,solar.overlay.dynamic,adapter-generated,crates/sdroxide-ui/src/solar3d/overlay.rs:2160
solar.overlay.dynamic.text_2162_c714e1,{:.1} now,{:.1}（现在）,solar.overlay.dynamic,adapter-generated,crates/sdroxide-ui/src/solar3d/overlay.rs:2162
solar.overlay.dynamic.text_2164_279d45,{:.1} in {in_h:.0} h,{:.1}（{in_h:.0} 小时后）,solar.overlay.dynamic,adapter-generated,crates/sdroxide-ui/src/solar3d/overlay.rs:2164
solar.overlay.dynamic.text_2169_2ca8e4,viewline,可见边界,solar.overlay.dynamic,adapter-generated,crates/sdroxide-ui/src/solar3d/overlay.rs:2169
solar.overlay.dynamic.text_2170_129c86,{:.0}° geomag,地磁纬度 {:.0}°,solar.overlay.dynamic,adapter-generated,crates/sdroxide-ui/src/solar3d/overlay.rs:2170
solar.overlay.dynamic.text_2216_cf2538,valid {} · {} old,有效时间 {} · 数据距今 {},solar.overlay.dynamic,adapter-generated,crates/sdroxide-ui/src/solar3d/overlay.rs:2216
solar.overlay.dynamic.text_2222_1e28b2,AURORA,极光,solar.overlay.dynamic,adapter-generated,crates/sdroxide-ui/src/solar3d/overlay.rs:2222
solar.overlay.dynamic.text_2317_03b9db,observed | forecast,观测 | 预报,solar.overlay.dynamic,adapter-generated,crates/sdroxide-ui/src/solar3d/overlay.rs:2317
solar.overlay.dynamic.text_2411_32f4cc,BANDS OPEN,开放波段,solar.overlay.dynamic,adapter-generated,crates/sdroxide-ui/src/solar3d/overlay.rs:2411
solar.overlay.dynamic.text_2413_a1b1ac,full bar = {} of the world,满格 = 全球的 {},solar.overlay.dynamic,adapter-generated,crates/sdroxide-ui/src/solar3d/overlay.rs:2413
solar.overlay.dynamic.text_2415_a07afb,where this station's own paths went · {:.0} min memory,本站实测传播路径 · {:.0} 分钟记忆时间,solar.overlay.dynamic,adapter-generated,crates/sdroxide-ui/src/solar3d/overlay.rs:2415
solar.overlay.dynamic.text_2495_ffa635,missing,未通联,solar.overlay.dynamic,adapter-generated,crates/sdroxide-ui/src/solar3d/overlay.rs:2495
solar.overlay.dynamic.text_2496_ba0f95,worked,已通联,solar.overlay.dynamic,adapter-generated,crates/sdroxide-ui/src/solar3d/overlay.rs:2496
solar.overlay.dynamic.text_2497_959991,confirmed,已确认,solar.overlay.dynamic,adapter-generated,crates/sdroxide-ui/src/solar3d/overlay.rs:2497
solar.overlay.dynamic.text_2507_cb1005,DXCC COVERAGE,DXCC 覆盖情况,solar.overlay.dynamic,adapter-generated,crates/sdroxide-ui/src/solar3d/overlay.rs:2507
solar.overlay.dynamic.text_2549_35ceb8,IR+VIS,红外+可见光,solar.overlay.dynamic,adapter-generated,crates/sdroxide-ui/src/solar3d/overlay.rs:2549
solar.overlay.dynamic.text_2549_48eebe,IR only,仅红外,solar.overlay.dynamic,adapter-generated,crates/sdroxide-ui/src/solar3d/overlay.rs:2549
solar.overlay.dynamic.text_2551_371d34,no deep convection,无深对流,solar.overlay.dynamic,adapter-generated,crates/sdroxide-ui/src/solar3d/overlay.rs:2551
solar.overlay.dynamic.text_2552_777001,1 storm,1 个风暴,solar.overlay.dynamic,adapter-generated,crates/sdroxide-ui/src/solar3d/overlay.rs:2552
solar.overlay.dynamic.text_2553_72f4a5,{n} storms,{n} 个风暴,solar.overlay.dynamic,adapter-generated,crates/sdroxide-ui/src/solar3d/overlay.rs:2553
solar.overlay.dynamic.text_2556_f28786,CLOUDS  {}  ·  {} old  ·  {channels}  ·  {storms}  ·  lightning simulated,云层 {} · 数据距今 {} · {channels} · {storms} · 闪电为模拟效果,solar.overlay.dynamic,adapter-generated,crates/sdroxide-ui/src/solar3d/overlay.rs:2556
solar.overlay.dynamic.text_2594_5d0b83,ETA {} (+{hours:.0} h),预计抵达 {}（+{hours:.0} 小时）,solar.overlay.dynamic,adapter-generated,crates/sdroxide-ui/src/solar3d/overlay.rs:2594
solar.overlay.dynamic.text_2596_221ca7,arrival was {} ({:.0} h ago),预计抵达时间为 {}（{:.0} 小时前）,solar.overlay.dynamic,adapter-generated,crates/sdroxide-ui/src/solar3d/overlay.rs:2596
solar.overlay.dynamic.text_2598_85096d, · glancing, · 擦边影响,solar.overlay.dynamic,adapter-generated,crates/sdroxide-ui/src/solar3d/overlay.rs:2598
solar.overlay.dynamic.text_2599_34e51b, · direction estimated, · 方向为估计值,solar.overlay.dynamic,adapter-generated,crates/sdroxide-ui/src/solar3d/overlay.rs:2599
solar.overlay.dynamic.text_2601_5ed73c,EARTH-DIRECTED CME  {}  ·  {:.0} km/s  ·  {when}{glancing}{estimated},朝向地球的 CME {} · {:.0} km/s · {when}{glancing}{estimated},solar.overlay.dynamic,adapter-generated,crates/sdroxide-ui/src/solar3d/overlay.rs:2601
solar.overlay.dynamic.text_384_407944,starting…,正在启动…,solar.overlay.dynamic,adapter-generated,crates/sdroxide-ui/src/solar3d/overlay.rs:384
solar.overlay.dynamic.text_390_b79dde,{} · offline,{} · 离线,solar.overlay.dynamic,adapter-generated,crates/sdroxide-ui/src/solar3d/overlay.rs:390
solar.overlay.dynamic.text_392_8e2c7a,offline,离线,solar.overlay.dynamic,adapter-generated,crates/sdroxide-ui/src/solar3d/overlay.rs:392
solar.overlay.dynamic.text_467_121c53,−1mo,−1个月,solar.overlay.dynamic,adapter-generated,crates/sdroxide-ui/src/solar3d/overlay.rs:467
solar.overlay.dynamic.text_468_2910b1,−24h,−24小时,solar.overlay.dynamic,adapter-generated,crates/sdroxide-ui/src/solar3d/overlay.rs:468
solar.overlay.dynamic.text_469_b8fe56,−1h,−1小时,solar.overlay.dynamic,adapter-generated,crates/sdroxide-ui/src/solar3d/overlay.rs:469
solar.overlay.dynamic.text_470_4e9e1f,+1h,+1小时,solar.overlay.dynamic,adapter-generated,crates/sdroxide-ui/src/solar3d/overlay.rs:470
solar.overlay.dynamic.text_471_679385,+24h,+24小时,solar.overlay.dynamic,adapter-generated,crates/sdroxide-ui/src/solar3d/overlay.rs:471
solar.overlay.dynamic.text_472_4551a6,+1mo,+1个月,solar.overlay.dynamic,adapter-generated,crates/sdroxide-ui/src/solar3d/overlay.rs:472
solar.overlay.dynamic.text_498_45ea7f,SHOW,显示,solar.overlay.dynamic,adapter-generated,crates/sdroxide-ui/src/solar3d/overlay.rs:498
solar.overlay.dynamic.text_632_2e7573, min, 分钟,solar.overlay.dynamic,adapter-generated,crates/sdroxide-ui/src/solar3d/overlay.rs:632
solar.overlay.dynamic.text_706_2e7573, min, 分钟,solar.overlay.dynamic,adapter-generated,crates/sdroxide-ui/src/solar3d/overlay.rs:706
solar.overlay.dynamic.text_721_b788c4,QSO layer off,通联图层已关闭,solar.overlay.dynamic,adapter-generated,crates/sdroxide-ui/src/solar3d/overlay.rs:721
solar.overlay.dynamic.text_723_59b20c,no decodes yet,尚无解码结果,solar.overlay.dynamic,adapter-generated,crates/sdroxide-ui/src/solar3d/overlay.rs:723
solar.overlay.dynamic.text_725_678daa,{hits} in the hour,一小时内 {hits} 条,solar.overlay.dynamic,adapter-generated,crates/sdroxide-ui/src/solar3d/overlay.rs:725
solar.overlay.dynamic.text_727_416f91,−{:.0} min,−{:.0} 分钟,solar.overlay.dynamic,adapter-generated,crates/sdroxide-ui/src/solar3d/overlay.rs:727
solar.overlay.dynamic.text_875_b49f98,QTH not set — enter your grid square in Settings,尚未设置台站位置 — 请在设置中填写网格定位,solar.overlay.dynamic,adapter-generated,crates/sdroxide-ui/src/solar3d/overlay.rs:875
solar.overlay.layers.text_21_8ccd1e,PROP,传播,solar.overlay.layers,display-helper-adapted,crates/sdroxide-ui/src/solar3d/overlay.rs:21
solar.overlay.layers.text_22_e6f80c,"Where signals are actually getting through, band by band. Every reception this station takes part in — WSPR, FT8/FT4, JS8, and the logbook — is placed at the midpoint of its path, which is the patch of ionosphere that bent it, rather than at the far station. So this is a map of the sky, not of where radio amateurs live.

It can only show paths this station has been one end of. Oceans light up because the midpoints of long paths fall there; Antarctica stays dark because nobody is transmitting from it. Off by default — it paints the whole planet.","按波段显示信号实际能够传播到哪些区域。本站参与的每次接收，包括 WSPR、FT8/FT4、JS8 和日志中的通联，均绘制在传播路径的中点，即使信号发生折射的电离层区域，而非对方台站所在地。因此，这是一张天空传播图。

只显示本站参与的路径。远距离路径的中点落在海洋上，因此海洋会亮起；南极区域较暗则表示缺少来自该地区的相关样本。默认关闭，启用后会覆盖整个地球表面。",solar.overlay.layers,display-helper-adapted,crates/sdroxide-ui/src/solar3d/overlay.rs:22
solar.overlay.layers.text_30_bdb833,ORBITS,轨道,solar.overlay.layers,display-helper-adapted,crates/sdroxide-ui/src/solar3d/overlay.rs:30
solar.overlay.layers.text_30_d22772,Orbital paths,天体运行轨道,solar.overlay.layers,display-helper-adapted,crates/sdroxide-ui/src/solar3d/overlay.rs:30
solar.overlay.layers.text_33_2064ad,CLOUDS,云层,solar.overlay.layers,display-helper-adapted,crates/sdroxide-ui/src/solar3d/overlay.rs:33
solar.overlay.layers.text_34_103a89,"Cloud cover from NOAA's global geostationary mosaic, drawn as a depth of air rather than a picture stuck on the surface: infrared says how cold each cloud top is, and that is how high it stands. Thunderstorms flash inside the towers they build.",根据 NOAA 全球地球同步卫星拼接图显示云层。云层具有高度，并非贴在地表的平面图像：红外观测反映云顶温度，据此估算云顶高度。雷暴云塔中会出现闪电光效，闪电为模拟效果。,solar.overlay.layers,display-helper-adapted,crates/sdroxide-ui/src/solar3d/overlay.rs:34
solar.overlay.layers.text_41_9241ab,PLANETS,行星,solar.overlay.layers,display-helper-adapted,crates/sdroxide-ui/src/solar3d/overlay.rs:41
solar.overlay.layers.text_42_e92c10,"The other seven planets, eighteen of their moons, and Saturn's and Uranus's rings. Planet positions come from JPL's Keplerian element set; the moons are circular orbits fitted to JPL Horizons.",其余七颗行星、它们的十八颗卫星，以及土星环和天王星环。行星位置采用 JPL 开普勒轨道根数；卫星采用根据 JPL Horizons 数据拟合的圆轨道。,solar.overlay.layers,display-helper-adapted,crates/sdroxide-ui/src/solar3d/overlay.rs:42
solar.overlay.layers.text_46_9c2e67,Coronal mass ejection trajectory cones,日冕物质抛射的轨迹锥体,solar.overlay.layers,display-helper-adapted,crates/sdroxide-ui/src/solar3d/overlay.rs:46
solar.overlay.layers.text_46_e0671b,CME,日冕抛射,solar.overlay.layers,display-helper-adapted,crates/sdroxide-ui/src/solar3d/overlay.rs:46
solar.overlay.layers.text_49_a94423,SUN OBS,太阳观测,solar.overlay.layers,display-helper-adapted,crates/sdroxide-ui/src/solar3d/overlay.rs:49
solar.overlay.layers.text_50_3ab8b2,"Solar observations on the Sun's disk: sunspot active regions, and where the flares came from",太阳圆面上的观测资料：太阳黑子活动区及耀斑发生位置,solar.overlay.layers,display-helper-adapted,crates/sdroxide-ui/src/solar3d/overlay.rs:50
solar.overlay.layers.text_53_47399b,LABELS,标签,solar.overlay.layers,display-helper-adapted,crates/sdroxide-ui/src/solar3d/overlay.rs:53
solar.overlay.layers.text_53_d62439,Body and region labels,天体和活动区标签,solar.overlay.layers,display-helper-adapted,crates/sdroxide-ui/src/solar3d/overlay.rs:53
solar.overlay.layers.text_56_72961b,SMALL BODIES,小天体,solar.overlay.layers,display-helper-adapted,crates/sdroxide-ui/src/solar3d/overlay.rs:56
solar.overlay.layers.text_57_ee0032,"Names on the asteroids and comets. They are drawn either way — this is only whether thirty-five designations are drawn with them. Whatever it is set to, the body the camera is on and anything the find box has matched stay named.",小行星和彗星的名称。无论此项是否开启，天体本身都会绘制；此项只控制是否附带名称。相机当前指向的天体及搜索框匹配的天体始终显示名称。,solar.overlay.layers,display-helper-adapted,crates/sdroxide-ui/src/solar3d/overlay.rs:57
solar.overlay.layers.text_61_da1a5f,QSO,通联,solar.overlay.layers,display-helper-adapted,crates/sdroxide-ui/src/solar3d/overlay.rs:61
solar.overlay.layers.text_61_ebcb85,Decoded FT8/FT4 stations and the path to the station being worked,已解码的 FT8/FT4 台站及与当前通联台站之间的路径,solar.overlay.layers,display-helper-adapted,crates/sdroxide-ui/src/solar3d/overlay.rs:61
solar.overlay.layers.text_62_0de534,SATS,卫星,solar.overlay.layers,display-helper-adapted,crates/sdroxide-ui/src/solar3d/overlay.rs:62
solar.overlay.layers.text_62_a499fd,"Amateur-radio satellites, their orbits and elevation from your QTH",业余无线电卫星、运行轨道及从本站位置观测的仰角,solar.overlay.layers,display-helper-adapted,crates/sdroxide-ui/src/solar3d/overlay.rs:62
solar.overlay.layers.text_65_1e28b2,AURORA,极光,solar.overlay.layers,display-helper-adapted,crates/sdroxide-ui/src/solar3d/overlay.rs:65
solar.overlay.layers.text_66_bff490,"The auroral oval from NOAA's OVATION model, drawn as emission shells at their real altitudes, with the equatorward edge of the 10 % contour marked on the surface",根据 NOAA OVATION 模型绘制极光椭圆，在实际高度显示发光层，并在地表标出 10% 等值线靠近赤道一侧的边界,solar.overlay.layers,display-helper-adapted,crates/sdroxide-ui/src/solar3d/overlay.rs:66
solar.overlay.layers.text_71_5f20ee,AWARDS,奖状,solar.overlay.layers,display-helper-adapted,crates/sdroxide-ui/src/solar3d/overlay.rs:71
solar.overlay.layers.text_72_87b0c2,"Award coverage: every DXCC entity painted by what your logbook is still missing. Orange burns where you have never worked the entity, amber where you have but it is unconfirmed, dim green where a QSL has come back. Follows the band filter in the AWARDS window.",奖状覆盖情况：按日志中仍缺少的通联或确认状态为每个 DXCC 实体着色。橙色表示从未通联，琥珀色表示已通联但未确认，暗绿色表示已收到 QSL 确认。使用奖状窗口中的波段筛选条件。,solar.overlay.layers,display-helper-adapted,crates/sdroxide-ui/src/solar3d/overlay.rs:72
solar.overlay.text_1355_8dfa71,{}  ·  PASSES FROM {},{} · 从 {} 可见的过境,solar.overlay,adapter-generated,crates/sdroxide-ui/src/solar3d/overlay.rs:1355
solar.overlay.text_1366_e43ee3,elements {} old · SGP4,轨道根数距今 {} · SGP4,solar.overlay,adapter-generated,crates/sdroxide-ui/src/solar3d/overlay.rs:1366
solar.overlay.text_1377_48668f,Geostationary — always above your horizon.,地球静止轨道；始终位于本站地平线以上。,solar.overlay,adapter-generated,crates/sdroxide-ui/src/solar3d/overlay.rs:1377
solar.overlay.text_1383_7c7a50,"Point at {azimuth:.0}° ({}), elevation {elevation:.0}°.",指向方位角 {azimuth:.0}°（{}），仰角 {elevation:.0}°。,solar.overlay,adapter-generated,crates/sdroxide-ui/src/solar3d/overlay.rs:1383
solar.overlay.text_1391_85f622,No passes in the next 48 hours from your QTH.,未来 48 小时内没有从本站可见的过境。,solar.overlay,adapter-generated,crates/sdroxide-ui/src/solar3d/overlay.rs:1391
solar.overlay.text_1419_e823f8,{} min,{} 分钟,solar.overlay,adapter-generated,crates/sdroxide-ui/src/solar3d/overlay.rs:1419
solar.overlay.text_1452_b7e662,AOS/LOS are azimuths at the horizon. Times are UTC.,AOS／LOS 表示地平线处的方位角。时间使用 UTC。,solar.overlay,adapter-generated,crates/sdroxide-ui/src/solar3d/overlay.rs:1452
solar.overlay.text_1469_7f927b, ● LOCKED — UNLOCK , ● 已锁定 · 解除锁定 ,solar.overlay,adapter-generated,crates/sdroxide-ui/src/solar3d/overlay.rs:1469
solar.overlay.text_1473_1da197,Release the satellite lock,解除卫星锁定,solar.overlay,adapter-generated,crates/sdroxide-ui/src/solar3d/overlay.rs:1473
solar.overlay.text_1481_82a522, LOCK ON , 开启锁定 ,solar.overlay,adapter-generated,crates/sdroxide-ui/src/solar3d/overlay.rs:1481
solar.overlay.text_1486_d5f95c,"Track this satellite in the main window: Doppler-corrected RX and TX, transponder-mapped uplink, rotator steering",在主窗口跟踪此卫星：接收和发射多普勒校正、按转发器映射上行频率，以及天线旋转器控制,solar.overlay,adapter-generated,crates/sdroxide-ui/src/solar3d/overlay.rs:1486
solar.overlay.text_1522_fbb098,No frequencies on file for this one — add them in Settings ▸ TLE.,此卫星尚无频率记录；可在“设置 ▸ TLE”中添加。,solar.overlay,adapter-generated,crates/sdroxide-ui/src/solar3d/overlay.rs:1522
solar.overlay.text_1539_453bd6,published as {},公布的名称为 {},solar.overlay,adapter-generated,crates/sdroxide-ui/src/solar3d/overlay.rs:1539
solar.overlay.text_1583_ee4580,Doppler shifts these by a few kHz across a LEO pass.,低轨卫星过境期间，多普勒效应会使这些频率偏移数 kHz。,solar.overlay,adapter-generated,crates/sdroxide-ui/src/solar3d/overlay.rs:1583
solar.overlay.text_1869_155b1a,Clear the search,清除搜索条件,solar.overlay,adapter-generated,crates/sdroxide-ui/src/solar3d/overlay.rs:1869
solar.overlay.text_209_28baeb,VIEW,视图,solar.overlay,adapter-generated,crates/sdroxide-ui/src/solar3d/overlay.rs:209
solar.overlay.text_210_f5a1f7,"Which body the camera orbits, and the animated tour",选择相机环绕的天体，并控制动画漫游,solar.overlay,adapter-generated,crates/sdroxide-ui/src/solar3d/overlay.rs:210
solar.overlay.text_213_394772,LAYERS,图层,solar.overlay,adapter-generated,crates/sdroxide-ui/src/solar3d/overlay.rs:213
solar.overlay.text_214_417ae4,"What is drawn: orbits, clouds, CMEs, labels, QSOs, aurora",选择绘制的内容：轨道、云层、日冕物质抛射、标签、通联及极光,solar.overlay,adapter-generated,crates/sdroxide-ui/src/solar3d/overlay.rs:214
solar.overlay.text_216_0bcd66,Layers,图层,solar.overlay,adapter-generated,crates/sdroxide-ui/src/solar3d/overlay.rs:216
solar.overlay.text_220_d44fa9,SUN,太阳,solar.overlay,adapter-generated,crates/sdroxide-ui/src/solar3d/overlay.rs:220
solar.overlay.text_221_e53e11,"Which SDO channel wraps the Sun, and how old it is",选择太阳表面使用的 SDO 通道，并查看数据更新时间,solar.overlay,adapter-generated,crates/sdroxide-ui/src/solar3d/overlay.rs:221
solar.overlay.text_223_db18f1,Sun,太阳,solar.overlay,adapter-generated,crates/sdroxide-ui/src/solar3d/overlay.rs:223
solar.overlay.text_231_0a2441,WEATHER,空间天气,solar.overlay,adapter-generated,crates/sdroxide-ui/src/solar3d/overlay.rs:231
solar.overlay.text_232_0e1a02,"The aurora, the propagation numbers and which bands are open",极光、传播指标及开通波段,solar.overlay,adapter-generated,crates/sdroxide-ui/src/solar3d/overlay.rs:232
solar.overlay.text_235_47d32b,Space weather,空间天气,solar.overlay,adapter-generated,crates/sdroxide-ui/src/solar3d/overlay.rs:235
solar.overlay.text_241_5f4e5b,nothing measured yet,尚无测量数据,solar.overlay,adapter-generated,crates/sdroxide-ui/src/solar3d/overlay.rs:241
solar.overlay.text_249_ea4bee,SCALE,比例,solar.overlay,adapter-generated,crates/sdroxide-ui/src/solar3d/overlay.rs:249
solar.overlay.text_250_d536ff,Body and Moon-orbit exaggeration,天体尺寸及月球轨道的放大比例,solar.overlay,adapter-generated,crates/sdroxide-ui/src/solar3d/overlay.rs:250
solar.overlay.text_252_f10298,Scale,比例,solar.overlay,adapter-generated,crates/sdroxide-ui/src/solar3d/overlay.rs:252
solar.overlay.text_256_588867,TIME,时间,solar.overlay,adapter-generated,crates/sdroxide-ui/src/solar3d/overlay.rs:256
solar.overlay.text_257_f4c503,Scrub the whole scene forward and back,向前或向后拖动整个场景的时间,solar.overlay,adapter-generated,crates/sdroxide-ui/src/solar3d/overlay.rs:257
solar.overlay.text_263_2d0cb0,ACTIVITY,活动,solar.overlay,adapter-generated,crates/sdroxide-ui/src/solar3d/overlay.rs:263
solar.overlay.text_264_2142cc,Replay the last hour of decodes on the globe,在地球上回放最近一小时的解码记录,solar.overlay,adapter-generated,crates/sdroxide-ui/src/solar3d/overlay.rs:264
solar.overlay.text_266_38da15,Activity,活动,solar.overlay,adapter-generated,crates/sdroxide-ui/src/solar3d/overlay.rs:266
solar.overlay.text_271_8ccd1e,PROP,传播,solar.overlay,adapter-generated,crates/sdroxide-ui/src/solar3d/overlay.rs:271
solar.overlay.text_272_00c783,What the propagation heat map is showing,选择传播热力图显示的内容,solar.overlay,adapter-generated,crates/sdroxide-ui/src/solar3d/overlay.rs:272
solar.overlay.text_274_70723a,Propagation,传播,solar.overlay,adapter-generated,crates/sdroxide-ui/src/solar3d/overlay.rs:274
solar.overlay.text_286_dcc839,View,视图,solar.overlay,adapter-generated,crates/sdroxide-ui/src/solar3d/overlay.rs:286
solar.overlay.text_287_5d3afe,▶ AUTO,▶ 自动漫游,solar.overlay,adapter-generated,crates/sdroxide-ui/src/solar3d/overlay.rs:287
solar.overlay.text_289_286f2d,Fly a spline through a set of framed viewpoints. Any mouse input cancels it.,沿样条曲线穿过一组预设视点。任何鼠标操作都会取消漫游。,solar.overlay,adapter-generated,crates/sdroxide-ui/src/solar3d/overlay.rs:289
solar.overlay.text_320_020ffe,"Moons ride circular orbits fitted to JPL Horizons: within a degree or two of where they really are, and up to six for Miranda, whose orbit plane swings too fast for a circle to follow.",卫星采用拟合 JPL Horizons 数据的圆轨道，位置通常与实际相差一到两度；天卫五可相差六度，因为其轨道平面的变化过快，圆轨道无法准确跟随。,solar.overlay,adapter-generated,crates/sdroxide-ui/src/solar3d/overlay.rs:320
solar.overlay.text_368_c61c12,Fetch everything again now,立即重新获取全部数据,solar.overlay,adapter-generated,crates/sdroxide-ui/src/solar3d/overlay.rs:368
solar.overlay.text_371_ce9fc9,ALL SATS,全部卫星,solar.overlay,adapter-generated,crates/sdroxide-ui/src/solar3d/overlay.rs:371
solar.overlay.text_373_347545,"Show every satellite in the element set, not just the popular ones. Orbit rings stay on the curated few — ninety at once is unreadable.",显示轨道根数集中的所有卫星，而非仅显示热门卫星。轨道环仍只为精选卫星绘制，因为同时显示九十条轨道难以辨认。,solar.overlay,adapter-generated,crates/sdroxide-ui/src/solar3d/overlay.rs:373
solar.overlay.text_415_20d164,body ,天体 ,solar.overlay,adapter-generated,crates/sdroxide-ui/src/solar3d/overlay.rs:415
solar.overlay.text_419_55b0c8,Earth/Moon radius exaggeration (max {max_body:.0}× at this moon-orbit scale),地球／月球半径放大比例；在当前月球轨道比例下，最大为 {max_body:.0}×,solar.overlay,adapter-generated,crates/sdroxide-ui/src/solar3d/overlay.rs:419
solar.overlay.text_425_f524bb,moon orbit ,月球轨道 ,solar.overlay,adapter-generated,crates/sdroxide-ui/src/solar3d/overlay.rs:425
solar.overlay.text_428_699fd5,Stretch the Earth→Moon distance so the pair can be seen apart,拉大地球与月球的距离，使两者可分别看清,solar.overlay,adapter-generated,crates/sdroxide-ui/src/solar3d/overlay.rs:428
solar.overlay.text_433_7ee8bb,sun ,太阳 ,solar.overlay,adapter-generated,crates/sdroxide-ui/src/solar3d/overlay.rs:433
solar.overlay.text_437_e5dd3d,Sun radius exaggeration. Leave at 1× to keep the CME geometry readable — a swollen Sun swallows the base of every cone.,太阳半径放大比例。保留 1× 可看清日冕物质抛射的几何形状；放大太阳会遮住每个锥体的底部。,solar.overlay,adapter-generated,crates/sdroxide-ui/src/solar3d/overlay.rs:437
solar.overlay.text_463_97bfc0,NOW,当前时间,solar.overlay,adapter-generated,crates/sdroxide-ui/src/solar3d/overlay.rs:463
solar.overlay.text_499_6acd98,Paint the globe by what is getting through,按实际传播情况为地球着色,solar.overlay,adapter-generated,crates/sdroxide-ui/src/solar3d/overlay.rs:499
solar.overlay.text_513_8d03cb,"Paints the globe by what is getting through, on each band. Every reception is placed at the midpoint of its path — where the ionosphere did the work — rather than at the far station. Built from what this station hears, plus the world's skimmers when the Reverse Beacon Network is switched on.",按各波段的实际传播情况为地球着色。每次接收标在路径中点，即电离层起作用的位置，而非远端台站。数据来自本站接收结果；开启反向信标网络后，还会加入全球自动监听站的数据。,solar.overlay,adapter-generated,crates/sdroxide-ui/src/solar3d/overlay.rs:513
solar.overlay.text_527_1eb5e7,ALL BANDS,全部波段,solar.overlay,adapter-generated,crates/sdroxide-ui/src/solar3d/overlay.rs:527
solar.overlay.text_529_72a34e,"Every band at once, one hue each, mixing where two overlap. The view for 'what are conditions like' rather than 'is twenty open'.",同时显示所有波段，每个波段使用一种色调，重叠处混色。用于查看整体传播状况，而非仅判断 20 米波段是否开通。,solar.overlay,adapter-generated,crates/sdroxide-ui/src/solar3d/overlay.rs:529
solar.overlay.text_536_e3ea18,ONE BAND,单一波段,solar.overlay,adapter-generated,crates/sdroxide-ui/src/solar3d/overlay.rs:536
solar.overlay.text_537_c3f4ed,"One band, cold to hot: blue, green, yellow, red.",显示一个波段，由冷到热依次为蓝、绿、黄、红。,solar.overlay,adapter-generated,crates/sdroxide-ui/src/solar3d/overlay.rs:537
solar.overlay.text_549_63ee8f,nothing heard yet,尚未收到信号,solar.overlay,adapter-generated,crates/sdroxide-ui/src/solar3d/overlay.rs:549
solar.overlay.text_568_bf5f54,Bands,波段,solar.overlay,adapter-generated,crates/sdroxide-ui/src/solar3d/overlay.rs:568
solar.overlay.text_571_63ee8f,nothing heard yet,尚未收到信号,solar.overlay,adapter-generated,crates/sdroxide-ui/src/solar3d/overlay.rs:571
solar.overlay.text_590_caf85b,Sources,数据来源,solar.overlay,adapter-generated,crates/sdroxide-ui/src/solar3d/overlay.rs:590
solar.overlay.text_597_3dac97,"Contacts in the logbook. A path that was open, with no signal report worth the name — an RST is not an SNR, so these count towards how busy a cell is and never towards its margin.",日志中的通联记录。这表示路径曾经开通，但没有可用于余量计算的信号报告：RST 不是信噪比，因此此类记录只计入网格活动量，不计入余量。,solar.overlay,adapter-generated,crates/sdroxide-ui/src/solar3d/overlay.rs:597
solar.overlay.text_602_3901a6,"Stations that reported hearing this one, downloaded from WSPRnet. The only feedback a transmitting beacon ever gets.",从 WSPRnet 下载的接收报告，表示哪些台站收到了本站；这是发射信标获得反馈的唯一方式。,solar.overlay,adapter-generated,crates/sdroxide-ui/src/solar3d/overlay.rs:602
solar.overlay.text_606_f9a519,"Reverse Beacon Network skimmers: what everyone else is hearing, on every band, including the ones this radio is not on. Coarser than the rest — an RBN line carries no locators, so both ends are placed at their country's centre, which is close for a small country and badly out for a large one. Switch on under Settings → Spots.",反向信标网络自动监听站的数据：其他台站在各波段接收的信号，包括本电台当前未监听的波段。精度低于其他来源，因为 RBN 记录没有网格定位，路径两端均置于各自国家的中心；小国家的误差较小，大国家则可能偏差很大。在“设置 → 接收报告”中开启。,solar.overlay,adapter-generated,crates/sdroxide-ui/src/solar3d/overlay.rs:606
solar.overlay.text_613_6796c9,"Decodes this station made. Each is measured against its own mode's floor, so a WSPR report and an FT4 one are comparable.",本站的解码结果。每条记录都按自身模式的接收门限衡量，因此 WSPR 和 FT4 的信号报告可以比较。,solar.overlay,adapter-generated,crates/sdroxide-ui/src/solar3d/overlay.rs:613
solar.overlay.text_625_c3963a,Memory,历史权重,solar.overlay,adapter-generated,crates/sdroxide-ui/src/solar3d/overlay.rs:625
solar.overlay.text_631_c33175,half-life ,半衰期 ,solar.overlay,adapter-generated,crates/sdroxide-ui/src/solar3d/overlay.rs:631
solar.overlay.text_635_ca7006,How long a reception takes to count for half as much. The ionosphere's own memory is short — an opening two hours old should not be arguing with one from two minutes ago.,一条接收记录的权重降至一半所需的时间。电离层状态变化快，两小时前的开通记录不应与两分钟前的记录具有同样的影响。,solar.overlay,adapter-generated,crates/sdroxide-ui/src/solar3d/overlay.rs:635
solar.overlay.text_648_b81794,brightest cell ≈ {peak:.0} paths · {} band{},最亮网格约有 {peak:.0} 条路径 · {} 个波段{},solar.overlay,adapter-generated,crates/sdroxide-ui/src/solar3d/overlay.rs:648
solar.overlay.text_661_35e0d0,LIVE,实时,solar.overlay,adapter-generated,crates/sdroxide-ui/src/solar3d/overlay.rs:661
solar.overlay.text_662_b241f4,Follow the band as it happens,跟随波段当前的传播情况,solar.overlay,adapter-generated,crates/sdroxide-ui/src/solar3d/overlay.rs:662
solar.overlay.text_671_630126,▶ REPLAY,▶ 回放,solar.overlay,adapter-generated,crates/sdroxide-ui/src/solar3d/overlay.rs:671
solar.overlay.text_671_c22e87,⏸ REPLAY,⏸ 回放,solar.overlay,adapter-generated,crates/sdroxide-ui/src/solar3d/overlay.rs:671
solar.overlay.text_675_8080d4,"Replay the last hour of decodes, over and over",循环回放最近一小时的解码记录,solar.overlay,adapter-generated,crates/sdroxide-ui/src/solar3d/overlay.rs:675
solar.overlay.text_693_c5fad2, min ago, 分钟前,solar.overlay,adapter-generated,crates/sdroxide-ui/src/solar3d/overlay.rs:693
solar.overlay.text_695_2ef74c,Where in the last hour the globe is showing,地球上显示最近一小时中的哪个时刻,solar.overlay,adapter-generated,crates/sdroxide-ui/src/solar3d/overlay.rs:695
solar.overlay.text_705_59413e,trail ,轨迹 ,solar.overlay,adapter-generated,crates/sdroxide-ui/src/solar3d/overlay.rs:705
solar.overlay.text_708_5fbc40,How long a decode's arc stays on the globe behind the head,解码路径在前端之后继续保留于地球上的时间,solar.overlay,adapter-generated,crates/sdroxide-ui/src/solar3d/overlay.rs:708
solar.overlay.text_714_8bbd47,speed ,速度 ,solar.overlay,adapter-generated,crates/sdroxide-ui/src/solar3d/overlay.rs:714
solar.overlay.text_717_3d41e0,How much faster than real time the replay runs,回放相对于实际时间的加速倍数,solar.overlay,adapter-generated,crates/sdroxide-ui/src/solar3d/overlay.rs:717
spectrum.painter.text_1269_6e0edd,waiting for spectrum…,正在等待频谱…,spectrum.painter,adapter-generated,crates/sdroxide-ui/src/widgets/spectrum_view.rs:1269
topbar.0_rows_a_second_0_seconds_of_band,{:.0} rows a second — {:.0} seconds of band,每秒 {:.0} 行，覆盖 {:.0} 秒的波段活动,topbar,adapter-generated,crates/sdroxide-ui/src/app/top_bar.rs:5111
topbar.1750_hz_burst,1750 Hz burst,1750 Hz 音频脉冲,topbar,adapter-generated,crates/sdroxide-ui/src/app/top_bar.rs:2232
topbar.adapt,Adapt,自适应,topbar,adapter-generated,crates/sdroxide-ui/src/app/top_bar.rs:4060;crates/sdroxide-ui/src/app/top_bar.rs:7439
topbar.agc_hang_time_click_to_cycle_off_slow_med_fast,AGC hang time — click to cycle: Off / Slow / Med / Fast,AGC 保持时间，点击循环选择：关闭／慢／中／快,topbar,adapter-generated,crates/sdroxide-ui/src/app/top_bar.rs:2712
topbar.any_dcs,ANY DCS,任意 DCS,topbar,adapter-generated,crates/sdroxide-ui/src/app/top_bar.rs:3721
topbar.auto,AUTO,自动,topbar,adapter-generated,crates/sdroxide-ui/src/app/top_bar.rs:2025;crates/sdroxide-ui/src/app/qo100.rs:726
topbar.auto_notch,auto-notch,自动陷波,topbar,adapter-generated,crates/sdroxide-ui/src/app/top_bar.rs:2875
topbar.auto_notch_cancel_constant_tone_elements_heterodynes,Auto-notch: cancel constant tone elements (heterodynes),自动陷波：消除持续音调（拍频干扰）,topbar,adapter-generated,crates/sdroxide-ui/src/app/top_bar.rs:2924
topbar.award_tracking_dxcc_was_waz_grids,Award tracking — DXCC / WAS / WAZ / grids,奖项跟踪：DXCC／WAS／WAZ／网格定位符,topbar,adapter-generated,crates/sdroxide-ui/src/app/top_bar.rs:5380
topbar.band,Band,波段,topbar,adapter-generated,crates/sdroxide-ui/src/app/top_bar.rs:6569
topbar.band_conditions_the_published_forecast_beside_what_has_actually_been,Band conditions — the published forecast beside what has actually been heard on each band,波段状况：对照公开预报与各波段实际收到的电台,topbar,adapter-generated,crates/sdroxide-ui/src/app/top_bar.rs:5387
topbar.band_mode,BAND & MODE,波段与模式,topbar,adapter-generated,crates/sdroxide-ui/src/app/top_bar.rs:2410
topbar.binaural,binaural,双耳音频,topbar,adapter-generated,crates/sdroxide-ui/src/app/top_bar.rs:2881
topbar.binaural_audio_not_while_the_sub_receiver_has_the_right,Binaural audio — not while the sub receiver has the right ear,双耳音频，副接收机占用右耳时不可用,topbar,adapter-generated,crates/sdroxide-ui/src/app/top_bar.rs:2979
topbar.c_columns_whatever_auto_would_have_picked_here,"{c} columns, whatever Auto would have picked here",固定 {c} 列，不采用自动选择的精细度,topbar,adapter-generated,crates/sdroxide-ui/src/app/top_bar.rs:5153
topbar.carrier_squelch_open_on_any_signal,Carrier squelch: open on any signal,载波静噪：收到任意信号即可开启,topbar,adapter-generated,crates/sdroxide-ui/src/app/top_bar.rs:3688
topbar.ceil,ceil ,上限 ,topbar,adapter-generated,crates/sdroxide-ui/src/app/top_bar.rs:5315
topbar.chips.3d,☀ 3D,☀ 三维,topbar.chips,display-helper-adapted,
topbar.chips.awards,AWARDS,奖项,topbar.chips,display-helper-adapted,
topbar.chips.bands,BANDS,波段,topbar.chips,display-helper-adapted,
topbar.chips.ctr,CTR,居中,topbar.chips,display-helper-adapted,
topbar.chips.disp,DISP,显示,topbar.chips,display-helper-adapted,
topbar.chips.div,DIV,分集,topbar.chips,display-helper-adapted,
topbar.chips.fft,FFT,FFT,topbar.chips,display-helper-adapted,
topbar.chips.fit,FIT,适配,topbar.chips,display-helper-adapted,
topbar.chips.grid,GRID,网格,topbar.chips,display-helper-adapted,
topbar.chips.help,? HELP,? 帮助,topbar.chips,display-helper-adapted,
topbar.chips.hfdl,HFDL,HFDL,topbar.chips,display-helper-adapted,
topbar.chips.ism,ISM,ISM,topbar.chips,display-helper-adapted,
topbar.chips.log,LOG,日志,topbar.chips,display-helper-adapted,
topbar.chips.mail,MAIL,邮件,topbar.chips,display-helper-adapted,
topbar.chips.mem,MEM,记忆,topbar.chips,display-helper-adapted,
topbar.chips.public_sdr,PUBLIC SDR,公共 SDR,topbar.chips,display-helper-adapted,
topbar.chips.rig,RIG,电台,topbar.chips,display-helper-adapted,
topbar.chips.rx,RX,接收,topbar.chips,display-helper-adapted,
topbar.chips.sat,SAT,卫星,topbar.chips,display-helper-adapted,
topbar.chips.scan,SCAN,扫描,topbar.chips,display-helper-adapted,
topbar.chips.settings,⚙ SETTINGS,⚙ 设置,topbar.chips,display-helper-adapted,
topbar.chips.skim,SKIM,扫描解码,topbar.chips,display-helper-adapted,
topbar.chips.spec,SPEC,频谱,topbar.chips,display-helper-adapted,
topbar.chips.spots,SPOTS,通报,topbar.chips,display-helper-adapted,
topbar.chips.sub,SUB,副接收,topbar.chips,display-helper-adapted,
topbar.chips.sys,SYS,系统,topbar.chips,display-helper-adapted,
topbar.chips.tx,TX,发射,topbar.chips,display-helper-adapted,
topbar.chips.vfo,VFO,VFO,topbar.chips,display-helper-adapted,
topbar.chips.wide,WIDE,宽带,topbar.chips,display-helper-adapted,
topbar.clipping_press_again_to_start_it_over,Clipping {} — press again to start it over,正在录制 {}，再次按下从头开始,topbar,adapter-generated,crates/sdroxide-ui/src/app/top_bar.rs:3429
topbar.columns,{} columns,{} 列,topbar,adapter-generated,crates/sdroxide-ui/src/app/top_bar.rs:5161
topbar.copy_a_to_b,Copy A to B,将 A 复制到 B,topbar,adapter-generated,crates/sdroxide-ui/src/app/top_bar.rs:1876
topbar.ctcss_dcs_no_sub_audible_tone_on_this_signal,CTCSS / DCS — no sub-audible tone on this signal,CTCSS／DCS：当前信号没有亚音,topbar,adapter-generated,crates/sdroxide-ui/src/app/top_bar.rs:3638
topbar.cw_decoder,CW decoder,CW 解码器,topbar,adapter-generated,crates/sdroxide-ui/src/app/top_bar.rs:4788
topbar.cw_psk_rtty_skimmers_decode_signals_across_the_band_and,CW / PSK / RTTY skimmers — decode signals across the band and mark them on the waterfall,CW／PSK／RTTY 扫描解码器：解码整个波段内的信号，并在瀑布图上标记,topbar,adapter-generated,crates/sdroxide-ui/src/app/top_bar.rs:4702
topbar.dec_now,DEC /{now},抽取 /{now},topbar,adapter-generated,crates/sdroxide-ui/src/app/top_bar.rs:2557
topbar.decode_labels,DECODE LABELS,解码标签,topbar,adapter-generated,crates/sdroxide-ui/src/app/top_bar.rs:5013
topbar.detail,detail,精细度,topbar,adapter-generated,crates/sdroxide-ui/src/app/top_bar.rs:5129
topbar.digital,Digital,数字通信,topbar,adapter-generated,crates/sdroxide-ui/src/app/top_bar.rs:6681
topbar.display,Display,显示,topbar,adapter-generated,crates/sdroxide-ui/src/app/top_bar.rs:1333
topbar.diversity,Diversity,分集接收,topbar,adapter-generated,crates/sdroxide-ui/src/app/top_bar.rs:1280
topbar.dock,DOCK,固定,topbar,adapter-generated,crates/sdroxide-ui/src/app/top_bar.rs:2368
topbar.down_label,Down {label},向下 {label},topbar,adapter-generated,crates/sdroxide-ui/src/app/top_bar.rs:1148
topbar.draw_the_scrolling_waterfall_below_the_spectrum_switched_off_the,"Draw the scrolling waterfall below the spectrum. Switched off, the spectrum line takes the whole height.",在频谱下方绘制滚动瀑布图。关闭后，频谱线占满显示区域。,topbar,adapter-generated,crates/sdroxide-ui/src/app/top_bar.rs:4992
topbar.draw_the_spectrum_line_across_the_top_of_the_panadapter,"Draw the spectrum line across the top of the panadapter. Switched off, the waterfall takes the whole height.",在频谱显示器顶部绘制频谱线。关闭后，瀑布图占满显示区域。,topbar,adapter-generated,crates/sdroxide-ui/src/app/top_bar.rs:4942
topbar.drive,Drive,驱动,topbar,adapter-generated,crates/sdroxide-ui/src/app/top_bar.rs:4314;crates/sdroxide-ui/src/app/top_bar.rs:7577
topbar.drm_click_for_the_broadcast_s_details,DRM: {}. Click for the broadcast's details,DRM：{}，点击查看广播详情,topbar,adapter-generated,crates/sdroxide-ui/src/app/top_bar.rs:3082
topbar.drm_click_for_the_decoder_s_state,DRM: {} — click for the decoder's state,DRM：{}，点击查看解码器状态,topbar,adapter-generated,crates/sdroxide-ui/src/app/top_bar.rs:3094;crates/sdroxide-ui/src/app/top_bar.rs:3096
topbar.drm_click_for_the_decoder_s_state_3097,DRM — click for the decoder's state,DRM，点击查看解码器状态,topbar,adapter-generated,crates/sdroxide-ui/src/app/top_bar.rs:3097
topbar.drm_is_decoding_click_for_the_details,DRM is decoding — click for the details,正在解码 DRM，点击查看详情,topbar,adapter-generated,crates/sdroxide-ui/src/app/top_bar.rs:3084
topbar.edges,Edges,通带边界,topbar,adapter-generated,crates/sdroxide-ui/src/app/top_bar.rs:3251
topbar.engine,Engine,引擎,topbar,adapter-generated,crates/sdroxide-ui/src/app/top_bar.rs:3578
topbar.every_over,EVERY OVER,每次发射,topbar,adapter-generated,crates/sdroxide-ui/src/app/top_bar.rs:2234
topbar.fft_size,FFT size,FFT 大小,topbar,adapter-generated,crates/sdroxide-ui/src/app/top_bar.rs:5329
topbar.filter,Filter,滤波器,topbar,adapter-generated,crates/sdroxide-ui/src/app/top_bar.rs:4147
topbar.flip,FLIP,反向,topbar,adapter-generated,crates/sdroxide-ui/src/app/top_bar.rs:5355
topbar.floor,floor,下限,topbar,adapter-generated,crates/sdroxide-ui/src/app/top_bar.rs:5302
topbar.flow,flow,流动速度,topbar,adapter-generated,crates/sdroxide-ui/src/app/top_bar.rs:5093
topbar.gain,Gain,增益,topbar,adapter-generated,crates/sdroxide-ui/src/app/top_bar.rs:2643;crates/sdroxide-ui/src/app/top_bar.rs:8509
topbar.grid_tracker_worked_maidenhead_squares_on_a_map_with_what,"Grid tracker — worked Maidenhead squares on a map, with what is heard",网格跟踪：在地图上显示已通联的 Maidenhead 网格及收到的电台,topbar,adapter-generated,crates/sdroxide-ui/src/app/top_bar.rs:5557
topbar.hd_radio_click_for_the_broadcast_s_details,HD Radio: {}. Click for the broadcast's details,HD Radio：{}，点击查看广播详情,topbar,adapter-generated,crates/sdroxide-ui/src/app/top_bar.rs:3113
topbar.hd_radio_click_for_the_decoder_s_state,HD Radio: {} — click for the decoder's state,HD Radio：{}，点击查看解码器状态,topbar,adapter-generated,crates/sdroxide-ui/src/app/top_bar.rs:3118
topbar.hd_radio_click_for_the_decoder_s_state_3119,HD Radio — click for the decoder's state,HD Radio，点击查看解码器状态,topbar,adapter-generated,crates/sdroxide-ui/src/app/top_bar.rs:3119
topbar.hd_radio_is_decoding_click_for_the_details,HD Radio is decoding — click for the details,正在解码 HD Radio，点击查看详情,topbar,adapter-generated,crates/sdroxide-ui/src/app/top_bar.rs:3116
topbar.hfdl_ground_network_decoding_now_open_the_panel,HFDL ground network — decoding now. Open the panel.,HFDL 地面网络：正在解码，点击打开面板。,topbar,adapter-generated,crates/sdroxide-ui/src/app/top_bar.rs:5539
topbar.hfdl_ground_network_the_aircraft_shortwave_data_link_one_listening,"HFDL ground network — the aircraft shortwave data link, one listening channel at a time",HFDL 地面网络：飞机短波数据链，每次监听一个信道,topbar,adapter-generated,crates/sdroxide-ui/src/app/top_bar.rs:5541
topbar.hfdl_ground_network_the_decode_log_and_aircraft_map_below,"HFDL ground network — the decode log and aircraft map, below the waterfall. Switch the decoder on with LISTEN inside the panel.",HFDL 地面网络：瀑布图下方的解码日志与飞机地图。可通过面板内“监听”开关启用解码器。,topbar,adapter-generated,crates/sdroxide-ui/src/app/top_bar.rs:5536
topbar.hide_the_band_chip_brings_it_back,Hide — the band chip brings it back,隐藏，可通过波段按钮重新打开,topbar,adapter-generated,crates/sdroxide-ui/src/app/top_bar.rs:2417
topbar.hide_the_docked_band_selector_click_again_to_bring_it,Hide the docked band selector — click again to bring it back,隐藏固定的波段选择器，再次点击可显示,topbar,adapter-generated,crates/sdroxide-ui/src/app/top_bar.rs:2346
topbar.high_edge_in_hz_from_the_carrier,"High edge, in Hz from the carrier",通带上边界，相对载波的偏移，单位为 Hz,topbar,adapter-generated,crates/sdroxide-ui/src/app/top_bar.rs:3261
topbar.hold,HOLD,保持,topbar,adapter-generated,crates/sdroxide-ui/src/app/top_bar.rs:4042
topbar.hold_to_transmit_a_click_latches_it_on_and_the,"Hold to transmit — a click latches it on, and the next press lets go",按住时发射；单击可锁定发射，再次按下停止发射,topbar,display-helper-adapted,crates/sdroxide-ui/src/app/top_bar.rs:188
topbar.how_many_signals_the_model_reads_at_once_the_rest,How many signals the model reads at once. The rest keep their marker but carry no text.,模型同时读取的信号数量。其余信号保留标记，但不显示文本。,topbar,adapter-generated,crates/sdroxide-ui/src/app/top_bar.rs:4809
topbar.impulse_noise_blanker,Impulse noise blanker,脉冲噪声消隐,topbar,adapter-generated,crates/sdroxide-ui/src/app/top_bar.rs:2914
topbar.ism_band_devices_decoding_now_whether_or_not_this_window,"ISM-band devices — decoding now, whether or not this window is open. Switch it off with DECODING inside the window.",ISM 频段设备：正在解码，关闭此窗口不会停止。可通过窗口内“解码”开关停止。,topbar,adapter-generated,crates/sdroxide-ui/src/app/top_bar.rs:5447
topbar.ism_band_devices_weather_sensors_meters_and_home_automation_heard,"ISM-band devices — weather sensors, meters and home automation heard around you",ISM 频段设备：接收周围的气象传感器、仪表及家庭自动化设备,topbar,adapter-generated,crates/sdroxide-ui/src/app/top_bar.rs:5450
topbar.keep_the_band_and_mode_selector_open_beside_the_waterfall,Keep the band and mode selector open beside the waterfall instead of closing this popup every time,将波段与模式选择器固定在瀑布图旁，避免每次选择后关闭弹出菜单,topbar,adapter-generated,crates/sdroxide-ui/src/app/top_bar.rs:2370
topbar.lines,LINES,线框,topbar,adapter-generated,crates/sdroxide-ui/src/app/top_bar.rs:5056
topbar.linked,Linked,已连接,topbar,adapter-generated,crates/sdroxide-ui/src/app/top_bar.rs:1653
topbar.live_spots_dx_cluster_pota_sota_psk_reporter,"Live spots — DX cluster, POTA, SOTA, PSK Reporter",实时通报：DX 集群、POTA、SOTA、PSK Reporter,topbar,adapter-generated,crates/sdroxide-ui/src/app/top_bar.rs:5374
topbar.logbook_all_qsos_digital_manual,Logbook — all QSOs (digital + manual),通联日志：所有数字及手动通联,topbar,adapter-generated,crates/sdroxide-ui/src/app/top_bar.rs:5368
topbar.logbook_spots_awards_memories_the_scanner_settings_and_the_manual,"Logbook, spots, awards, memories, the scanner, settings and the manual",通联日志、通报、奖项、记忆信道、扫描器、设置和手册,topbar,adapter-generated,crates/sdroxide-ui/src/app/top_bar.rs:1341
topbar.low_edge_in_hz_from_the_carrier,"Low edge, in Hz from the carrier",通带下边界，相对载波的偏移，单位为 Hz,topbar,adapter-generated,crates/sdroxide-ui/src/app/top_bar.rs:3257
topbar.man,Man,手动,topbar,adapter-generated,crates/sdroxide-ui/src/app/top_bar.rs:2725;crates/sdroxide-ui/src/app/top_bar.rs:8531
topbar.manual_audio_gain_used_while_the_agc_is_off_seeded,"Manual audio gain, used while the AGC is off. Seeded from the level the AGC was holding when it was switched off.",AGC 关闭时使用的手动音频增益。初始值取自关闭 AGC 时的控制电平。,topbar,adapter-generated,crates/sdroxide-ui/src/app/top_bar.rs:2741
topbar.manual_gain,manual gain,手动增益,topbar,adapter-generated,crates/sdroxide-ui/src/app/top_bar.rs:2866
topbar.match_tx,MATCH TX ({}),匹配发射（{}）,topbar,adapter-generated,crates/sdroxide-ui/src/app/top_bar.rs:2287
topbar.max_gain,max gain,最大增益,topbar,adapter-generated,crates/sdroxide-ui/src/app/top_bar.rs:2863
topbar.memory_channels,Memory channels,记忆信道,topbar,adapter-generated,crates/sdroxide-ui/src/app/top_bar.rs:5484
topbar.mic,Mic,麦克风,topbar,adapter-generated,crates/sdroxide-ui/src/app/top_bar.rs:4349;crates/sdroxide-ui/src/app/top_bar.rs:4452;crates/sdroxide-ui/src/app/top_bar.rs:7614
topbar.microphone_gain,Microphone gain,麦克风增益,topbar,adapter-generated,crates/sdroxide-ui/src/app/top_bar.rs:4460
topbar.minimum_snr_a_decoded_signal_needs_to_be_spotted,Minimum SNR a decoded signal needs to be spotted,生成通报所需的最低解码信噪比,topbar,adapter-generated,crates/sdroxide-ui/src/app/top_bar.rs:4767
topbar.minutes_min,{minutes} min,{minutes} 分钟,topbar,adapter-generated,crates/sdroxide-ui/src/app/top_bar.rs:3480
topbar.mixed_to_one_channel_click_for_two,Mixed to one channel — click for two,已混合为单声道，点击切换为双声道,topbar,adapter-generated,crates/sdroxide-ui/src/app/top_bar.rs:3402
topbar.mode,Mode,模式,topbar,adapter-generated,crates/sdroxide-ui/src/app/top_bar.rs:6641
topbar.mono,MONO,单声道,topbar,adapter-generated,crates/sdroxide-ui/src/app/top_bar.rs:3399
topbar.move_the_main_dial_to_the_sub_receiver,Move the main dial to the sub receiver,将主频率移到副接收机频率,topbar,adapter-generated,crates/sdroxide-ui/src/app/top_bar.rs:4137
topbar.move_the_sub_receiver_to_the_main_dial,Move the sub receiver to the main dial,将副接收机移到主频率,topbar,adapter-generated,crates/sdroxide-ui/src/app/top_bar.rs:4131
topbar.mute,MUTE,静音,topbar,adapter-generated,crates/sdroxide-ui/src/app/top_bar.rs:3005;crates/sdroxide-ui/src/app/top_bar.rs:4187
topbar.n_bins_across_the_whole_stream_one_per_column_or,"{n} bins across the whole stream — one per column, or finer",整个数据流包含 {n} 个频率格；每列一个，或更精细,topbar,adapter-generated,crates/sdroxide-ui/src/app/top_bar.rs:5339
topbar.n_bins_pooled_into_the_panadapter_s_cols_columns_sharper,"{n} bins pooled into the panadapter's {cols} columns: sharper signals, not more of them",将 {n} 个频率格合并到频谱显示器的 {cols} 列中，信号更清晰，但不会增加信号数量,topbar,adapter-generated,crates/sdroxide-ui/src/app/top_bar.rs:5342
topbar.needs_a_wideband_iq_source,needs a wideband IQ source,需要宽带 I/Q 信号源,topbar,adapter-generated,crates/sdroxide-ui/src/app/top_bar.rs:4778
topbar.nfm_only_the_burst_is_an_fm_repeater_s_door,NFM only: the burst is an FM repeater's door-opener,仅适用于 NFM：音频脉冲用于开启调频中继台,topbar,adapter-generated,crates/sdroxide-ui/src/app/top_bar.rs:2267
topbar.no_noise_reduction_the_decoders_never_saw_it_anyway,No noise reduction — the decoders never saw it anyway,不降噪，解码器原本就不接收降噪后的数据,topbar,adapter-generated,crates/sdroxide-ui/src/app/top_bar.rs:3581
topbar.no_stop,no stop,不自动停止,topbar,adapter-generated,crates/sdroxide-ui/src/app/top_bar.rs:3488
topbar.noise_reduction,noise reduction,降噪,topbar,adapter-generated,crates/sdroxide-ui/src/app/top_bar.rs:2872
topbar.noise_reduction_off_click_to_switch_it_on_or_pick,"Noise reduction, off — click to switch it on, or pick an engine in the rows below",降噪已关闭，点击启用，或在下方选择降噪引擎,topbar,adapter-generated,crates/sdroxide-ui/src/app/top_bar.rs:2951
topbar.noise_reduction_voice_off_click_to_pick_an_engine,"Noise reduction (voice), off — click to pick an engine",话音降噪已关闭，点击选择引擎,topbar,adapter-generated,crates/sdroxide-ui/src/app/top_bar.rs:3289
topbar.offset,Offset,偏移,topbar,adapter-generated,crates/sdroxide-ui/src/app/top_bar.rs:2038
topbar.open,open,已开启,topbar,adapter-generated,crates/sdroxide-ui/src/app/top_bar.rs:2771
topbar.open_with_the_burst_every_time_the_transmitter_keys,Open with the burst every time the transmitter keys,每次启动发射时先发送音频脉冲,topbar,adapter-generated,crates/sdroxide-ui/src/app/top_bar.rs:2235
topbar.passband_width_in_hertz_type_it_or_drag_click_into,"Passband width in hertz — type it, or drag. Click into the field to enter an exact figure.",通带宽度，单位为 Hz；可以输入或拖动调整。点击输入框可输入精确数值。,topbar,adapter-generated,crates/sdroxide-ui/src/app/top_bar.rs:3242
topbar.peak_hold,PEAK HOLD,峰值保持,topbar,adapter-generated,crates/sdroxide-ui/src/app/top_bar.rs:4949
topbar.presets,Presets,预设,topbar,adapter-generated,crates/sdroxide-ui/src/app/top_bar.rs:3213
topbar.public_sdrs_on_the_internet_browse_the_kiwisdr_and_spyserver,Public SDRs on the internet — browse the KiwiSDR and SpyServer directories and open one as a radio,互联网公共 SDR：浏览 KiwiSDR 和 SpyServer 目录，并作为电台打开,topbar,adapter-generated,crates/sdroxide-ui/src/app/top_bar.rs:5465
topbar.quick_clip,Quick clip,快速录音片段,topbar,adapter-generated,crates/sdroxide-ui/src/app/top_bar.rs:3421
topbar.radio,Radio,电台,topbar,adapter-generated,crates/sdroxide-ui/src/app/top_bar.rs:1299;crates/sdroxide-ui/src/app/top_bar.rs:1649
topbar.rds_data_is_arriving_click_to_see_it,RDS data is arriving — click to see it,正在接收 RDS 数据，点击查看,topbar,adapter-generated,crates/sdroxide-ui/src/app/top_bar.rs:3064
topbar.rds_no_data_on_this_station_click_anyway_for_the,RDS — no data on this station. Click anyway for the decoder's diagnostics,此电台没有 RDS 数据，仍可点击查看解码器诊断信息,topbar,adapter-generated,crates/sdroxide-ui/src/app/top_bar.rs:3065
topbar.rds_ps_click_for_the_station_s_data,RDS: {ps}. Click for the station's data,RDS：{ps}，点击查看电台信息,topbar,adapter-generated,crates/sdroxide-ui/src/app/top_bar.rs:3063
topbar.reaction,reaction,响应速度,topbar,adapter-generated,crates/sdroxide-ui/src/app/top_bar.rs:4976
topbar.read_this_machine_and_this_screen_take_the_most_they,"Read this machine and this screen, take the most they can carry, and follow them if they change",按当前机器和屏幕的能力选择最高可用精细度，并随其变化自动调整,topbar,adapter-generated,crates/sdroxide-ui/src/app/top_bar.rs:5150
topbar.receive_tone_squelch,Receive tone squelch,接收亚音静噪,topbar,adapter-generated,crates/sdroxide-ui/src/app/top_bar.rs:2275
topbar.receiver,Receiver,接收机,topbar,adapter-generated,crates/sdroxide-ui/src/app/top_bar.rs:1234
topbar.receiver.dynamic.text_1653_1e31d9,Not linked,未连接,topbar.receiver.dynamic,adapter-generated,crates/sdroxide-ui/src/app/top_bar.rs:1653
topbar.receiver.dynamic.text_1834_687071,"{}

Click to cycle meter face: {}","{}

点击切换仪表样式：{}",topbar.receiver.dynamic,adapter-generated,crates/sdroxide-ui/src/app/top_bar.rs:1834
topbar.receiver.dynamic.text_1836_6a23b4,bar / trace,条形／曲线,topbar.receiver.dynamic,adapter-generated,crates/sdroxide-ui/src/app/top_bar.rs:1836
topbar.receiver.dynamic.text_1836_8e6ea2,needle / bar / trace,指针／条形／曲线,topbar.receiver.dynamic,adapter-generated,crates/sdroxide-ui/src/app/top_bar.rs:1836
topbar.receiver.dynamic.text_2557_b7ae9f,DEC off,抽取关闭,topbar.receiver.dynamic,adapter-generated,crates/sdroxide-ui/src/app/top_bar.rs:2557
topbar.receiver.dynamic.text_2566_7ef486,Front-end decimation: the receiver is being given the middle 1/{now} of the {:.3} Msps this radio streams — {span} — and the rest is thrown away before any of it reaches the receiver.,前端抽取：接收机只接收数据流中心的 1/{now}。电台输出 {:.3} Msps，抽取后保留 {span}；其余部分在进入接收机之前被丢弃。,topbar.receiver.dynamic,adapter-generated,crates/sdroxide-ui/src/app/top_bar.rs:2566
topbar.receiver.dynamic.text_2573_5bbed2,"Front-end decimation, off: the receiver sees the whole {span} this radio streams.",前端抽取已关闭：接收机接收电台数据流的全部 {span} 带宽。,topbar.receiver.dynamic,adapter-generated,crates/sdroxide-ui/src/app/top_bar.rs:2573
topbar.receiver.dynamic.text_2578_4bec40,"{what}

A narrower span means finer waterfall resolution, a quieter noise floor (3 dB per halving) and less CPU — at the cost of the band either side of it. The dial still tunes anywhere; the radio moves its LO to follow.

Click to cycle: off / 2 / 4 … {max}.","{what}

缩小带宽可提高瀑布图的频率分辨率、降低噪底（带宽每减半降低 3 dB）并减少 CPU 占用，但会舍弃两侧的频段。仍可调谐任意频率，电台会调整本振跟随。

点击循环切换：关闭／2／4 … {max}。",topbar.receiver.dynamic,adapter-generated,crates/sdroxide-ui/src/app/top_bar.rs:2578
topbar.receiver.dynamic.text_2618_dab5cc,Front-end RX gain ({}). Too much clips the receiver's ADC and smears spurious signals across the band; too little and it goes deaf.,接收前端增益（{}）。过高会使接收机的 ADC 削波，并在频段内产生杂散信号；过低则会降低接收灵敏度。,topbar.receiver.dynamic,adapter-generated,crates/sdroxide-ui/src/app/top_bar.rs:2618
topbar.receiver.dynamic.text_2631_0b9ab2,"

Counted in steps, not decibels: what one step is worth is the receiver's own business, and on an SDRplay it depends on the band as well. Right is still more gain.","

此值按档位计数，单位并非分贝：每档的增益由接收机决定，SDRplay 的每档增益还随波段变化。向右调整仍表示增加增益。",topbar.receiver.dynamic,adapter-generated,crates/sdroxide-ui/src/app/top_bar.rs:2631
topbar.receiver.dynamic.text_2659_0f21b7,"

The PlutoSDR's own AGC is setting this gain, so moving the slider does nothing. Set Settings → Radio → AGC to Manual to control it here.","

PlutoSDR 自身的 AGC 正在控制此增益，因此移动滑条不会生效。请在“设置 → 电台 → AGC”中选择“手动”，再在此调整。",topbar.receiver.dynamic,adapter-generated,crates/sdroxide-ui/src/app/top_bar.rs:2659
topbar.receiver.dynamic.text_2794_b95d9b,"

The passband is at {p:.0} dBFS now.","

当前通带电平为 {p:.0} dBFS。",topbar.receiver.dynamic,adapter-generated,crates/sdroxide-ui/src/app/top_bar.rs:2794
topbar.receiver.dynamic.text_2807_b4dc66,off,关闭,topbar.receiver.dynamic,adapter-generated,crates/sdroxide-ui/src/app/top_bar.rs:2807
topbar.receiver.dynamic.text_3219_afd841,"{label} in each ear — {plo:.0} … {phi:.0} Hz, both sidebands",每只耳朵的带宽为 {label} — {plo:.0} … {phi:.0} Hz，覆盖两个边带,topbar.receiver.dynamic,adapter-generated,crates/sdroxide-ui/src/app/top_bar.rs:3219
topbar.receiver.dynamic.text_4979_5c8454,"How quickly the spectrum line follows the band. Slower averages more frames into each other: a steadier line, and a weak carrier that stands still long enough to read. The waterfall is not touched by it — those rows get every frame either way.",频谱线跟随信号变化的速度。较慢时会对更多帧求平均，曲线更稳定，也更容易读取保持在同一频率的微弱载波。此项不影响瀑布图；瀑布图仍使用每一帧。,topbar.receiver.dynamic,adapter-generated,crates/sdroxide-ui/src/app/top_bar.rs:4979
topbar.receiver.dynamic.text_5005_c22cba,"How fast the waterfall scrolls, in lines a second: Slow 5, Medium 28, Fast 56, Faster 112, Fastest 224. The engine clocks these itself, so the two fastest are real detail rather than the same line drawn twice — as far as the receiver can feed them: a line can never show more than one transform, and a narrow front end makes only a few dozen a second. They cost history, since the waterfall keeps a fixed number of lines — 73 seconds at Medium, 9 at Fastest.",瀑布图滚动速度，单位为行／秒：慢 5、中 28、快 56、更快 112、最快 224。引擎自行控制绘制时序，最高两档显示新的频谱细节，但受接收机的数据供给限制；每行最多对应一次变换，窄带前端每秒只能提供数十次变换。瀑布图保存的行数固定，提高速度会缩短历史时长：中速约 73 秒，最快约 9 秒。,topbar.receiver.dynamic,adapter-generated,crates/sdroxide-ui/src/app/top_bar.rs:5005
topbar.receiver.dynamic.text_5057_e0df35,"One trace per remembered spectrum, in the flat line's own colour, each hiding the ones behind it. The shape without the levels, and the reading to pick when the shape is what you are after — it costs a little more than the solid one rather than less, because it draws the same surface and then strokes every crest on top of it.",每帧历史频谱绘制一条曲线，颜色与平面频谱线相同，并遮挡后方曲线。侧重显示形状，电平不通过颜色表示。此样式先绘制表面再描绘各条波峰，因此开销略高于实体样式。,topbar.receiver.dynamic,adapter-generated,crates/sdroxide-ui/src/app/top_bar.rs:5057
topbar.receiver.dynamic.text_5066_9d640c,"A filled surface coloured by the waterfall's palette, so the level is in the colour as well as in the height and the two halves of the panadapter agree about what a strong signal looks like. Change the palette in Settings › Display.",填充表面采用瀑布图配色，颜色和高度共同表示电平，使频谱与瀑布图对强信号的表现一致。可在“设置 › 显示”中更改配色。,topbar.receiver.dynamic,adapter-generated,crates/sdroxide-ui/src/app/top_bar.rs:5066
topbar.receiver.dynamic.text_5813_127483,{secs} s,{secs} 秒,topbar.receiver.dynamic,adapter-generated,crates/sdroxide-ui/src/app/top_bar.rs:5813
topbar.receiver.dynamic.text_5813_e823f8,{} min,{} 分钟,topbar.receiver.dynamic,adapter-generated,crates/sdroxide-ui/src/app/top_bar.rs:5813
topbar.receiver.dynamic.text_6079_aec221,BW {:.1}M,带宽 {:.1}M,topbar.receiver.dynamic,adapter-generated,crates/sdroxide-ui/src/app/top_bar.rs:6079
topbar.receiver.dynamic.text_6081_c47449,BW {:.0}k,带宽 {:.0}k,topbar.receiver.dynamic,adapter-generated,crates/sdroxide-ui/src/app/top_bar.rs:6081
topbar.receiver.dynamic.text_6083_cbef28,BW {:.1}k,带宽 {:.1}k,topbar.receiver.dynamic,adapter-generated,crates/sdroxide-ui/src/app/top_bar.rs:6083
topbar.receiver.dynamic.text_6085_91f7f6,BW {w:.0},带宽 {w:.0},topbar.receiver.dynamic,adapter-generated,crates/sdroxide-ui/src/app/top_bar.rs:6085
topbar.receiver.dynamic.text_6090_0d5388,{lo:.0} … {hi:.0} Hz from the carrier,相对载波 {lo:.0} … {hi:.0} Hz,topbar.receiver.dynamic,adapter-generated,crates/sdroxide-ui/src/app/top_bar.rs:6090
topbar.receiver.dynamic.text_6093_27966d,"Receive filter: {:.0} Hz in each ear ({edges}). ISB's two sidebands are separate transmissions, so the width is the width of one of them.",接收滤波器：每只耳朵 {:.0} Hz（{edges}）。ISB 的两个边带承载各自独立的信号，因此此处带宽指单个边带的宽度。,topbar.receiver.dynamic,adapter-generated,crates/sdroxide-ui/src/app/top_bar.rs:6093
topbar.receiver.dynamic.text_6098_530a88,Receive filter: {:.0} Hz wide ({edges}).,接收滤波器：带宽 {:.0} Hz（{edges}）。,topbar.receiver.dynamic,adapter-generated,crates/sdroxide-ui/src/app/top_bar.rs:6098
topbar.receiver.dynamic.text_6101_e3d2ef,"{what}

Click for the width, the two edges and this mode's presets, as numbers — the panadapter's grips place a passband by eye, this is where an exact figure is typed.","{what}

点击查看带宽、两个边缘及当前模式的预设数值。频谱显示器上的拖拽手柄可目视调整通带；此处可输入精确数值。",topbar.receiver.dynamic,adapter-generated,crates/sdroxide-ui/src/app/top_bar.rs:6101
topbar.receiver.dynamic.text_6484_1785cf,nothing,无可用频率范围,topbar.receiver.dynamic,adapter-generated,crates/sdroxide-ui/src/app/top_bar.rs:6484
topbar.receiver.dynamic.text_6486_1de4a3,"{} is outside what this radio receives ({ranges} MHz).

{}","{} 超出此电台的接收范围（{ranges} MHz）。

{}",topbar.receiver.dynamic,adapter-generated,crates/sdroxide-ui/src/app/top_bar.rs:6486
topbar.receiver.dynamic.text_6489_e37fb1,"That range was typed in Settings ▸ Radio ▸ RX range, not reported by the radio. Widen it, or empty the box to use whatever the device says about itself.",此范围来自“设置 ▸ 电台 ▸ 接收范围”中的手动输入，并非电台报告。可扩大范围，或清空输入框以采用设备报告的范围。,topbar.receiver.dynamic,adapter-generated,crates/sdroxide-ui/src/app/top_bar.rs:6489
topbar.receiver.dynamic.text_6492_a2142c,"That is what the device reports about itself. If the radio does cover this band, state its real range in Settings ▸ Radio ▸ RX range.",此范围由设备报告。如果电台实际支持此波段，请在“设置 ▸ 电台 ▸ 接收范围”中填写实际范围。,topbar.receiver.dynamic,adapter-generated,crates/sdroxide-ui/src/app/top_bar.rs:6492
topbar.receiver.dynamic.text_995_655e6b,"{}

Click to cycle meter face: bar / trace","{}

点击切换仪表样式：条形／曲线",topbar.receiver.dynamic,adapter-generated,crates/sdroxide-ui/src/app/top_bar.rs:995
topbar.receiving_but_the_tone_squelch_wants_audio_stays_closed,"Receiving {}, but the tone squelch wants {} — audio stays closed",正在接收 {}，但亚音静噪要求 {}，音频保持关闭,topbar,adapter-generated,crates/sdroxide-ui/src/app/top_bar.rs:3630
topbar.receiving_ctcss_dcs,Receiving CTCSS/DCS {},正在接收 CTCSS/DCS {},topbar,adapter-generated,crates/sdroxide-ui/src/app/top_bar.rs:3634
topbar.receiving_which_is_the_tone_squelch_audio_open,"Receiving {}, which is the tone squelch — audio open",正在接收 {}，与亚音静噪要求一致，音频已开启,topbar,adapter-generated,crates/sdroxide-ui/src/app/top_bar.rs:3627
topbar.record_and_stop_a_clip_to_attach_to_a_reception,Record {} and stop — a clip to attach to a reception report,录制 {} 后停止，生成可附在收听报告中的片段,topbar,adapter-generated,crates/sdroxide-ui/src/app/top_bar.rs:3432
topbar.record_audio,Record audio,录制音频,topbar,adapter-generated,crates/sdroxide-ui/src/app/top_bar.rs:3378
topbar.record_spectrum,Record spectrum,录制频谱,topbar,adapter-generated,crates/sdroxide-ui/src/app/top_bar.rs:3516
topbar.record_the_audio_the_raw_i_q_or_both,"Record the audio, the raw I/Q, or both",录制音频、原始 I/Q，或同时录制两者,topbar,adapter-generated,crates/sdroxide-ui/src/app/top_bar.rs:3034
topbar.recording_a_and_q,Recording {a} and {q},正在录制 {a} 和 {q},topbar,adapter-generated,crates/sdroxide-ui/src/app/top_bar.rs:3031
topbar.recording_audio_to_a,Recording audio to {a},正在将音频录制到 {a},topbar,adapter-generated,crates/sdroxide-ui/src/app/top_bar.rs:3032
topbar.recording_i_q_to_q,Recording I/Q to {q},正在将 I/Q 录制到 {q},topbar,adapter-generated,crates/sdroxide-ui/src/app/top_bar.rs:3033
topbar.repeater_shift,Repeater shift,中继频差,topbar,adapter-generated,crates/sdroxide-ui/src/app/top_bar.rs:2013
topbar.repeater_shift_following_the_band_plan_which_has_no_shift,"Repeater shift: following the band plan, which has no shift for this frequency — simplex",中继频差：按频段规划设置；当前频率未指定频差，采用同频收发,topbar,adapter-generated,crates/sdroxide-ui/src/app/top_bar.rs:1966
topbar.repeater_shift_transmit_above_or_below_the_dial_to_work,"Repeater shift: transmit above or below the dial, to work a repeater. Simplex now",中继频差：在调谐频率上方或下方发射，以使用中继台。当前为同频收发,topbar,adapter-generated,crates/sdroxide-ui/src/app/top_bar.rs:1970
topbar.require_on_receive_what_this_station_transmits,Require on receive what this station transmits,仅接收与本站发射亚音一致的信号,topbar,adapter-generated,crates/sdroxide-ui/src/app/top_bar.rs:2288
topbar.require_the_tone_currently_being_received,Require the tone currently being received,要求当前正在接收的亚音,topbar,adapter-generated,crates/sdroxide-ui/src/app/top_bar.rs:3698
topbar.restart,RESTART,重新开始,topbar,adapter-generated,crates/sdroxide-ui/src/app/top_bar.rs:4052
topbar.return_the_selector_to_the_top_bar_popup,Return the selector to the top-bar popup,将选择器恢复为顶栏弹出菜单,topbar,adapter-generated,crates/sdroxide-ui/src/app/top_bar.rs:2423
topbar.run_this_skimmer,Run this skimmer,运行此扫描解码器,topbar,adapter-generated,crates/sdroxide-ui/src/app/top_bar.rs:4751
topbar.satellite_doppler_tracking_and_the_qo_100_beacon_calibration,"Satellite — Doppler tracking, and the QO-100 beacon calibration",卫星：多普勒跟踪与 QO-100 信标校准,topbar,adapter-generated,crates/sdroxide-ui/src/app/top_bar.rs:5417
topbar.satellite_locked_on,Satellite — locked on {},卫星：已锁定 {},topbar,adapter-generated,crates/sdroxide-ui/src/app/top_bar.rs:5414
topbar.satellite_the_qo_100_beacon_calibration_is_running,Satellite — the QO-100 beacon calibration is running,卫星：正在校准 QO-100 信标,topbar,adapter-generated,crates/sdroxide-ui/src/app/top_bar.rs:5415
topbar.save_the_skimmer_s_spot_list_to_a_file,Save the skimmer's spot list to a file,将扫描解码器通报列表保存到文件,topbar,adapter-generated,crates/sdroxide-ui/src/app/top_bar.rs:4827
topbar.scan_memory_channels_or_a_frequency_range,Scan memory channels or a frequency range,扫描记忆信道或指定频率范围,topbar,adapter-generated,crates/sdroxide-ui/src/app/top_bar.rs:5510
topbar.scanner_running,Scanner — running,扫描器：正在运行,topbar,adapter-generated,crates/sdroxide-ui/src/app/top_bar.rs:5508
topbar.scanner_stopped_on_a_signal,Scanner — stopped on a signal,扫描器：已停留在信号上,topbar,adapter-generated,crates/sdroxide-ui/src/app/top_bar.rs:5506
topbar.scroll,scroll,滚动速度,topbar,adapter-generated,crates/sdroxide-ui/src/app/top_bar.rs:5002
topbar.scroll_the_waterfall_upwards_newest_row_at_the_bottom_v,Scroll the waterfall upwards — newest row at the bottom (V),使瀑布图向上滚动，最新一行位于底部（V）,topbar,adapter-generated,crates/sdroxide-ui/src/app/top_bar.rs:5356
topbar.send,SEND,发送,topbar,adapter-generated,crates/sdroxide-ui/src/app/top_bar.rs:2258;crates/sdroxide-ui/src/app/panels/decodes.rs:1592
topbar.send_the_burst_now_keying_the_transmitter_for_its_length,Send the burst now — keying the transmitter for its length if it is not already keyed,立即发送音频脉冲；若当前未发射，将启动发射并持续至脉冲结束,topbar,adapter-generated,crates/sdroxide-ui/src/app/top_bar.rs:2264
topbar.set_here_sent_on_nfm_sub_audible_signalling_is_an,"set here, sent on NFM — sub-audible signalling is an FM channel's",在此设置，仅在 NFM 模式下发送；亚音信令用于调频信道,topbar,adapter-generated,crates/sdroxide-ui/src/app/top_bar.rs:2160
topbar.settings_device_gains_antennas_audio_devices,"Settings — device gains, antennas, audio devices",设置：设备增益、天线与音频设备,topbar,adapter-generated,crates/sdroxide-ui/src/app/top_bar.rs:5563
topbar.show_hide_the_full_band_waterfall_strip_above_the_panadapter,Show/hide the full-band waterfall strip above the panadapter — everything this receiver can see at once,显示／隐藏频谱显示器上方的全带宽瀑布图条，可一次查看本接收机的全部带宽,topbar,adapter-generated,crates/sdroxide-ui/src/app/top_bar.rs:4865
topbar.show_spectrum,SHOW SPECTRUM,显示频谱,topbar,adapter-generated,crates/sdroxide-ui/src/app/top_bar.rs:4940
topbar.show_the_docked_band_selector,Show the docked band selector,显示固定的波段选择器,topbar,adapter-generated,crates/sdroxide-ui/src/app/top_bar.rs:2348
topbar.show_waterfall,SHOW WATERFALL,显示瀑布图,topbar,adapter-generated,crates/sdroxide-ui/src/app/top_bar.rs:4990
topbar.skimmers,Skimmers,扫描解码器,topbar,adapter-generated,crates/sdroxide-ui/src/app/top_bar.rs:4715;crates/sdroxide-ui/src/app/top_bar.rs:5256
topbar.sockets,Sockets: {},接口：{},topbar,adapter-generated,crates/sdroxide-ui/src/app/top_bar.rs:3869
topbar.solid,SOLID,实体,topbar,adapter-generated,crates/sdroxide-ui/src/app/top_bar.rs:5065
topbar.spectrum,Spectrum,频谱,topbar,adapter-generated,crates/sdroxide-ui/src/app/top_bar.rs:4937;crates/sdroxide-ui/src/app/top_bar.rs:5294
topbar.spectrum_and_waterfall_either_layer_both_or_neither_lit_while,"Spectrum and waterfall — either layer, both, or neither. Lit while both are shown.",显示频谱或瀑布图、同时显示两者，或全部隐藏。两层均显示时按钮亮起。,topbar,adapter-generated,crates/sdroxide-ui/src/app/top_bar.rs:4884
topbar.spectrum_floor_ceiling_and_fft_size,Spectrum floor / ceiling and FFT size,频谱下限／上限与 FFT 大小,topbar,adapter-generated,crates/sdroxide-ui/src/app/top_bar.rs:5221
topbar.spots,Spots,通报,topbar,adapter-generated,crates/sdroxide-ui/src/app/top_bar.rs:4822
topbar.squelch,squelch,静噪,topbar,adapter-generated,crates/sdroxide-ui/src/app/top_bar.rs:2869
topbar.starting_a_clip,starting a {} clip…,正在开始 {} 录音片段…,topbar,adapter-generated,crates/sdroxide-ui/src/app/top_bar.rs:3454
topbar.states.dynamic.text_1959_c934ea,"Repeater shift {} — receiving on {:.6}, transmitting on {:.6} MHz{}",中继频差 {} — 接收频率 {:.6}，发射频率 {:.6} MHz{},topbar.states.dynamic,adapter-generated,crates/sdroxide-ui/src/app/top_bar.rs:1959
topbar.states.dynamic.text_1963_6be52f,", from the band plan",，按频段规划设置,topbar.states.dynamic,adapter-generated,crates/sdroxide-ui/src/app/top_bar.rs:1963
topbar.states.dynamic.text_2094_8e9bae,"Transmitting {} under the voice, and a {} ms 1750 Hz burst at the start of every over",语音中叠加 {}，且每次发射开始时发送 {} ms 的 1750 Hz 音频脉冲,topbar.states.dynamic,adapter-generated,crates/sdroxide-ui/src/app/top_bar.rs:2094
topbar.states.dynamic.text_2101_3ac5bb,A {} ms 1750 Hz burst at the start of every over,每次发射开始时发送 {} ms 的 1750 Hz 音频脉冲,topbar.states.dynamic,adapter-generated,crates/sdroxide-ui/src/app/top_bar.rs:2101
topbar.states.dynamic.text_2103_bd6fcb,"Repeater tone: the CTCSS/DCS that goes out under the voice, the 1750 Hz burst, and the receive tone squelch",中继信令：语音中叠加的 CTCSS／DCS、1750 Hz 音频脉冲，以及接收亚音静噪,topbar.states.dynamic,adapter-generated,crates/sdroxide-ui/src/app/top_bar.rs:2103
topbar.states.dynamic.text_2198_9a2b24,INVERT,反向,topbar.states.dynamic,adapter-generated,crates/sdroxide-ui/src/app/top_bar.rs:2198
topbar.states.dynamic.text_2198_db2cb3,NORMAL,正向,topbar.states.dynamic,adapter-generated,crates/sdroxide-ui/src/app/top_bar.rs:2198
topbar.states.dynamic.text_2888_61eebe,"Back to {0}'s defaults. Changed from them: {1}.

Click to put them back. {0}'s own values return, and what you set here is forgotten.","恢复 {0} 的默认设置。已修改：{1}。

点击恢复此模式的默认值；{0} 当前的自定义设置将被清除。",topbar.states.dynamic,adapter-generated,crates/sdroxide-ui/src/app/top_bar.rs:2888
topbar.states.dynamic.text_2946_60ddee,"Noise reduction: {} — {}

Click to cycle the strength: Low / Med / High / Off. The engine is in the rows below.","降噪：{} — {}

点击循环切换强度：低／中／高／关闭。算法可在下方选择。",topbar.states.dynamic,adapter-generated,crates/sdroxide-ui/src/app/top_bar.rs:2946
topbar.states.dynamic.text_2981_545642,"Binaural audio: the passband is spread across the two ears, so signals at different pitches come from different directions and the one you tune floats across. Click to go back to mono",双耳音频：通带分布到两只耳朵，不同音调的信号来自不同方向；调谐时，目标信号会在声场中移动。点击恢复单声道,topbar.states.dynamic,adapter-generated,crates/sdroxide-ui/src/app/top_bar.rs:2981
topbar.states.dynamic.text_2985_b4115e,"Binaural CW: spread the passband across the two ears, so that signals at different pitches come from different directions — a pile-up becomes several places instead of one crowded note, and tuning a station floats it across. Best on headphones",双耳 CW：将通带分布到两只耳朵，不同音调的信号来自不同方向，使拥挤呼叫中的信号更容易从空间位置区分；调谐台站时，信号在声场中移动。建议使用耳机,topbar.states.dynamic,adapter-generated,crates/sdroxide-ui/src/app/top_bar.rs:2985
topbar.states.dynamic.text_2990_d3407a,"Binaural audio: spread the passband across the two ears. On voice the noise spreads over the whole image while the station stays in the middle of it, which is easier to listen to for an hour — at the cost of the voice itself being spread out. Best on headphones",双耳音频：将通带分布到两只耳朵。语音接收时，噪声分散在整个声场，台站处于声场中央，可减轻长时间收听的疲劳；语音本身也会有所扩展。建议使用耳机,topbar.states.dynamic,adapter-generated,crates/sdroxide-ui/src/app/top_bar.rs:2990
topbar.states.dynamic.text_3089_d2a108,"DRM: {} — locked, but its {} audio cannot be decoded here. Click for what is missing",DRM：{} — 已锁定，但此处无法解码其 {} 音频。点击查看缺少的组件,topbar.states.dynamic,adapter-generated,crates/sdroxide-ui/src/app/top_bar.rs:3089
topbar.states.dynamic.text_3285_950f7f,"Noise reduction: {} — {}

Click to change engine or strength","降噪：{} — {}

点击更改算法或强度",topbar.states.dynamic,adapter-generated,crates/sdroxide-ui/src/app/top_bar.rs:3285
topbar.states.dynamic.text_3535_dd6de3,"The raw spectrum the receiver is delivering, as a stereo 32-bit float WAV (RF64 past 4 GB) that SDR#, SDRuno, HDSDR and SDRangel open — and that sdroxide itself plays back with --file. Large: 8 bytes a sample.",接收机输出的原始频谱，保存为立体声 32 位浮点 WAV（超过 4 GB 时采用 RF64），可用 SDR#、SDRuno、HDSDR 和 SDRangel 打开；SDRoxide 也可通过 --file 回放。文件较大，每个采样占 8 字节。,topbar.states.dynamic,adapter-generated,crates/sdroxide-ui/src/app/top_bar.rs:3535
topbar.states.dynamic.text_4130_f3da2f,←DIAL,←主频率,topbar.states.dynamic,adapter-generated,crates/sdroxide-ui/src/app/top_bar.rs:4130
topbar.states.dynamic.text_4136_d31f94,DIAL←,主频率←,topbar.states.dynamic,adapter-generated,crates/sdroxide-ui/src/app/top_bar.rs:4136
topbar.states.dynamic.text_4287_b889c5,"This frequency, which is on no amateur band,",此频率不属于业余波段，,topbar.states.dynamic,adapter-generated,crates/sdroxide-ui/src/app/top_bar.rs:4287
topbar.states.dynamic.text_4289_cfa8bf,{} is,{} 波段,topbar.states.dynamic,adapter-generated,crates/sdroxide-ui/src/app/top_bar.rs:4289
topbar.states.dynamic.text_4293_242dd5,"{name} not calibrated, so the setting reaches the transmitter whole.",{name}未进行驱动校准，当前设置将完整应用于发射机。,topbar.states.dynamic,adapter-generated,crates/sdroxide-ui/src/app/top_bar.rs:4293
topbar.states.dynamic.text_4296_fcf440,"{name} calibrated {db:+.1} dB, so the same setting puts {:.1} dB {} on the air here than on an uncalibrated band.",{name}已校准 {db:+.1} dB；相同设置下，此处的输出功率相较未校准波段会有 {:.1} dB 的{}。,topbar.states.dynamic,adapter-generated,crates/sdroxide-ui/src/app/top_bar.rs:4296
topbar.states.dynamic.text_4299_187897,more,增加,topbar.states.dynamic,adapter-generated,crates/sdroxide-ui/src/app/top_bar.rs:4299
topbar.states.dynamic.text_4299_4fdd3b,less,降低,topbar.states.dynamic,adapter-generated,crates/sdroxide-ui/src/app/top_bar.rs:4299
topbar.states.dynamic.text_4303_ac2510,"How hard the transmitter is driven. On a radio sdroxide modulates itself it scales the modulated samples; on a rig with its own power control it is the fraction of rated power the rig is asked for.

{trim}

Settings → Radio → Transmit drive by band.","发射驱动电平。由 SDRoxide 自行调制的电台，此项缩放调制后的采样；具有自身功率控制的电台，此项表示向电台请求的额定功率比例。

{trim}

设置 → 电台 → 各波段发射驱动。",topbar.states.dynamic,adapter-generated,crates/sdroxide-ui/src/app/top_bar.rs:4303
topbar.states.dynamic.text_4381_88bdd7,"Controlled-envelope SSB: more average power for the same peak, without splatter — three or four decibels of apparent loudness at the far end. How many decibels the voice is driven into the processor; 0 is off, 6 is a sensible first try. It does not touch Drive.

Now: {}","受控包络 SSB：在相同峰值下提高平均功率并抑制杂散展宽，对端感受到的响度可提高约三至四分贝。此值表示语音送入处理器时的驱动量，单位为分贝；0 表示关闭，可先尝试 6。此项不改变发射驱动设置。

当前：{}",topbar.states.dynamic,adapter-generated,crates/sdroxide-ui/src/app/top_bar.rs:4381
topbar.states.dynamic.text_4512_005e9b,"Deviation: how far this mode's burst swings a radio that modulates it itself. An FM transmitter turns audio level into frequency swing and has no ALC to catch it, so full scale into a data input set for voice over-deviates — which sounds completely normal to a listener and decodes for nobody.

Kept per mode, so a deviation set for 1200 baud packet never lands on FT8.","频偏：对自行调制所接收音频的电台，此值控制当前模式的突发信号所产生的频率摆幅。FM 发射机把音频电平转换为频偏，且没有 ALC 进行限制；若数据输入按语音设置，满量程音频会产生过大频偏，听起来可能正常，却无法被正确解码。

按模式分别保存，因此 1200 波特分组通信的频偏设置不会应用于 FT8。",topbar.states.dynamic,adapter-generated,crates/sdroxide-ui/src/app/top_bar.rs:4512
topbar.states.dynamic.text_4519_137ead,"Transmit audio: how hard this mode drives the modulator of a radio that modulates what we send it — a CAT rig on its sound card, a FLEX, an Icom on its network port. Bring it down until the rig's ALC is barely moving and set the power at the radio; ALC riding on a constant-envelope digital mode is what splatters.

Drive is not this control: on these radios Drive reaches the rig's power register and never touches its audio.

Kept per mode — FT8, RTTY, PSK and MCW each keep their own.","发射音频：当前模式送入电台调制器的音频电平，适用于通过声卡连接的 CAT 电台、FLEX 及通过网络端口连接的 Icom 等。降低此值，直到电台的 ALC 几乎不动作，再在电台端设定功率；恒包络数字模式若持续触发 ALC，会产生频谱展宽。

此项与发射驱动分开：对这些电台，发射驱动控制电台的功率寄存器，不改变音频电平。

按模式分别保存，FT8、RTTY、PSK 和 MCW 各有独立设置。",topbar.states.dynamic,adapter-generated,crates/sdroxide-ui/src/app/top_bar.rs:4519
topbar.states.dynamic.text_5775_b4dc66,off,关闭,topbar.states.dynamic,adapter-generated,crates/sdroxide-ui/src/app/top_bar.rs:5775
topbar.stations,stations,电台数,topbar,adapter-generated,crates/sdroxide-ui/src/app/top_bar.rs:4802
topbar.stereo,stereo,立体声,topbar,adapter-generated,crates/sdroxide-ui/src/app/top_bar.rs:2878
topbar.stop_after,Stop after,自动停止时间,topbar,adapter-generated,crates/sdroxide-ui/src/app/top_bar.rs:3466
topbar.stop_the_mp3_recording_after_minutes_minutes,Stop the MP3 recording after {minutes} minutes,在 {minutes} 分钟后停止 MP3 录音,topbar,adapter-generated,crates/sdroxide-ui/src/app/top_bar.rs:3481
topbar.stops_in_02,stops in {}:{:02},将在 {}:{:02} 后停止,topbar,adapter-generated,crates/sdroxide-ui/src/app/top_bar.rs:3505
topbar.strength,Strength,强度,topbar,adapter-generated,crates/sdroxide-ui/src/app/top_bar.rs:3596
topbar.sub_mode,sub-mode,子模式,topbar,adapter-generated,crates/sdroxide-ui/src/app/panels/mod.rs:1390
topbar.sub_receiver,Sub receiver,副接收机,topbar,adapter-generated,crates/sdroxide-ui/src/app/top_bar.rs:1289
topbar.surface,surface,表面,topbar,adapter-generated,crates/sdroxide-ui/src/app/top_bar.rs:5047
topbar.swap_vfos,Swap VFOs,交换 VFO,topbar,adapter-generated,crates/sdroxide-ui/src/app/top_bar.rs:1873
topbar.switch_3d_on_to_set_this,Switch 3D on to set this,启用三维显示后可设置此项,topbar,adapter-generated,crates/sdroxide-ui/src/app/top_bar.rs:5045
topbar.switch_the_radio_off_the_audio_and_the_meters_stop,Switch the radio off. The audio and the meters stop with it.,关闭电台电源，音频和仪表也随之停止。,topbar,adapter-generated,crates/sdroxide-ui/src/app/top_bar.rs:3917
topbar.switch_the_radio_on,Switch the radio on,开启电台电源,topbar,adapter-generated,crates/sdroxide-ui/src/app/top_bar.rs:3911
topbar.system,System,系统,topbar,adapter-generated,crates/sdroxide-ui/src/app/top_bar.rs:1344
topbar.text_1155_59f0a0,"How far one press moves the dial. Tap to take the next step: 10 Hz, 100 Hz, 500 Hz, 1, 2.5, 5, 9, 10 and 25 kHz. Turn the row off in Settings › UI.",每次操作改变的调谐步长。点击依次切换：10 Hz、100 Hz、500 Hz、1、2.5、5、9、10 和 25 kHz。可在设置 › 界面中关闭此行。,topbar,adapter-generated,crates/sdroxide-ui/src/app/top_bar.rs:1155
topbar.text_1315_fabb75, TUNE , 调谐 ,topbar,adapter-generated,crates/sdroxide-ui/src/app/top_bar.rs:1315
topbar.text_1884_8ba4cb,"Second receiver, in the right ear. It tunes independently of A/B — its controls appear in the SUB module, and its passband on the waterfall.",第二接收机，音频播放在右耳。可独立于 A/B 调谐，控件位于 SUB 模块，通带显示在瀑布图上。,topbar,adapter-generated,crates/sdroxide-ui/src/app/top_bar.rs:1884
topbar.text_2027_69db7e,"Take the shift from the band plan as the dial moves. It only speaks inside a repeater output sub-band — everywhere else it leaves the radio simplex, so the calling channels stay simplex.",调谐时按波段规划设置频移。仅在中继输出子频段内生效，其他频率保持单工，因此呼叫频率仍为单工。,topbar,adapter-generated,crates/sdroxide-ui/src/app/top_bar.rs:2027
topbar.text_2062_24fa7d,RX {:.6}   TX {:.6} MHz,接收 {:.6}   发射 {:.6} MHz,topbar,adapter-generated,crates/sdroxide-ui/src/app/top_bar.rs:2062
topbar.text_2099_0c7b61,Transmitting {} under the voice,在语音下叠加发射 {},topbar,adapter-generated,crates/sdroxide-ui/src/app/top_bar.rs:2099
topbar.text_2207_39ab5f,"the bit order DCS is encoded with here is transcribed from the standard and has never been checked against a repeater — if it will not open, try CTCSS",此处 DCS 编码位序依据标准录入，尚未经中继台验证；若无法开启中继，请尝试 CTCSS。,topbar,adapter-generated,crates/sdroxide-ui/src/app/top_bar.rs:2207
topbar.text_2775_6a6309,"The radio's own squelch, sent over the control link. This is the gate the audio actually passes through — the software one would only close further on what the rig already let by.",通过控制链路设置电台自身静噪。音频实际经过的是此静噪门，软件静噪只能进一步限制电台已放行的音频。,topbar,adapter-generated,crates/sdroxide-ui/src/app/top_bar.rs:2775
topbar.text_2814_e5271e,"Gate the audio below this power in the receive passband, in dBFS. Left is open.{level} Set it above the noise and below the signal.

A stream that arrives with the radio's own AGC already in it — an Icom's 12 kHz IF, for one — sits far higher on this scale than an SDR's raw baseband does, which is why the rail reaches full scale.","接收通带内功率低于此值时关闭音频，单位为 dBFS。最左端为开放。{level}请设在噪声之上、信号之下。

若数据流已经过电台自身 AGC（例如 Icom 的 12 kHz IF），其电平会远高于 SDR 原始基带，因此滑轨范围延伸至满量程。",topbar,adapter-generated,crates/sdroxide-ui/src/app/top_bar.rs:2814
topbar.text_3230_301994,Width,宽度,topbar,adapter-generated,crates/sdroxide-ui/src/app/top_bar.rs:3230
topbar.text_3580_38cca6,OFF,关闭,topbar,adapter-generated,crates/sdroxide-ui/src/app/top_bar.rs:3580
topbar.text_3623_43c973,TONE,音调,topbar,adapter-generated,crates/sdroxide-ui/src/app/top_bar.rs:3623
topbar.text_3687_38cca6,OFF,关闭,topbar,adapter-generated,crates/sdroxide-ui/src/app/top_bar.rs:3687
topbar.text_3723_151dd4,"Open on any DCS-coded signal. Which of the 104 codes it carries cannot be read reliably here, so there is nothing finer to choose",任何携带 DCS 编码的信号均可开启静噪。此处无法可靠读取其使用的 104 种编码中的具体一种，因此不能进一步细选。,topbar,adapter-generated,crates/sdroxide-ui/src/app/top_bar.rs:3723
topbar.text_3849_8d5f9e,"Which socket on the back the radio is receiving on — its own ANT command, the same setting as the ANT button on the front panel. Click to step to the next one.

The choice is remembered per band, and put back the next time the dial crosses into that band.","电台后面板的接收天线接口，对应电台自身 ANT 命令，与前面板 ANT 按钮控制同一设置。点击切换至下一个接口。

选择按波段保存，下次调谐进入该波段时恢复。",topbar,adapter-generated,crates/sdroxide-ui/src/app/top_bar.rs:3849
topbar.text_3885_2c7195,"The radio's separate receiving antenna, switched into the receive path or out of it — its own RX ANT setting. The aerial on the main socket stays on transmit either way.

The radio remembers this per band itself, so sdroxide reads it back after every band change rather than putting back what it last saw: clicking here is the only thing that moves it.","电台独立接收天线接入或移出接收路径，对应电台自身 RX ANT 设置。无论如何选择，主接口天线仍用于发射。

电台自行按波段保存此项，因此 sdroxide 在每次换波段后读回，而不恢复软件上次看到的值；只有点击此处才会更改。",topbar,adapter-generated,crates/sdroxide-ui/src/app/top_bar.rs:3885
topbar.text_3903_fc381a,"The radio's own power switch, over the control link, and the one true on/off in the program — not sdroxide's LINK switch, which closes sdroxide's end and leaves the radio running.

For ON to reach anything the radio's control end has to stay awake while it is off: Network Control over the LAN, or a CI-V port still fed from the mains on a set switched off at the front.","通过控制链路操作电台自身电源开关，是程序中真正控制电台开关机的功能。sdroxide 的 LINK 开关只关闭软件端连接，电台仍在运行。

要远程开机，电台关机时控制端仍需待机，例如局域网 Network Control，或前面板关机后仍由电源供电的 CI-V 端口。",topbar,adapter-generated,crates/sdroxide-ui/src/app/top_bar.rs:3903
topbar.text_3910_e8a011,ON,开启,topbar,adapter-generated,crates/sdroxide-ui/src/app/top_bar.rs:3910
topbar.text_3916_38cca6,OFF,关闭,topbar,adapter-generated,crates/sdroxide-ui/src/app/top_bar.rs:3916
topbar.text_4031_cd2d50,"What the second aerial is for — click to swap.

CANCEL subtracts it from the first, in the gain, phase and delay that make a local noise source line up on both: the DSP form of a noise-cancelling phaser. COMBINE adds the two in the phase that reinforces, weighted by how well each hears — diversity reception, which fills in fades.","第二副天线的用途，点击切换。

抵消模式调整增益、相位和延迟，使本地噪声源在两副天线上的信号对齐，再从第一副中减去第二副，是噪声抵消移相器的 DSP 实现。合成模式按各自接收效果加权，将两路同相增强相加，实现分集接收并减轻衰落。",topbar,adapter-generated,crates/sdroxide-ui/src/app/top_bar.rs:4031
topbar.text_4044_c966ca,"Stop the filter moving. Reach for this the moment a null appears: a filter left adapting will re-aim itself at whatever becomes loudest, which on a quiet band is the station you are listening to.",停止滤波器调整。零陷出现后应立即使用：持续自适应的滤波器会转向当前最强的信号，在安静波段上可能就是正在收听的电台。,topbar,adapter-generated,crates/sdroxide-ui/src/app/top_bar.rs:4044
topbar.text_4061_3b8e80,"How fast the filter chases: slow and steady at the left, converging inside a fraction of a second and visibly hunting at the right. Start fast to find the null, then HOLD it.",滤波器的跟踪速度：左端缓慢稳定，右端可在不到一秒内收敛，但会明显来回调整。先用高速寻找零陷，再启用保持。,topbar,adapter-generated,crates/sdroxide-ui/src/app/top_bar.rs:4061
topbar.text_4147_65a461,"Sub receiver passband edges, in Hz",副接收机通带边界，单位为 Hz,topbar,adapter-generated,crates/sdroxide-ui/src/app/top_bar.rs:4147
topbar.text_4172_6224aa,Sub receiver level (it plays in the right ear),副接收机音量，播放在右耳,topbar,adapter-generated,crates/sdroxide-ui/src/app/top_bar.rs:4172
topbar.text_4230_fabb75, TUNE , 调谐 ,topbar,adapter-generated,crates/sdroxide-ui/src/app/top_bar.rs:4230
topbar.text_4951_d55ed4,"Trace the highest level each column has reached over the live line, decaying back down — what the band did while you were looking elsewhere",在实时频谱线上叠加每列达到过的最高电平，并逐渐衰减，显示你未关注时波段上的活动。,topbar,adapter-generated,crates/sdroxide-ui/src/app/top_bar.rs:4951
topbar.text_4961_555c9d,"Draw the spectrum as a receding surface instead of a flat line: the newest spectrum across the front, the ones before it flowing away from you. The last couple of seconds of the band as a landscape — a carrier that comes and goes is a ridge rather than a line that twitches. The grid and the peak hold belong to the flat line and are not drawn on it.",以向远处延伸的曲面显示频谱：最新频谱位于前端，较早频谱向后流动，将最近几秒的波段活动呈现为地形。时有时无的载波形成山脊，而非一条跳动的线。网格与峰值保持属于平面频谱，此视图不显示。,topbar,adapter-generated,crates/sdroxide-ui/src/app/top_bar.rs:4961
topbar.text_5015_c079e2,"Mark every decoded station on the waterfall with its callsign, at the frequency it was heard on — FT8, FT4 and the other slotted modes. A good opening puts thirty of them across the span twice a minute, over the traces you are reading; switch them off and the waterfall is just the band. The decode list beside it still has every callsign.",在瀑布图上，于接收到的频率标出 FT8、FT4 及其他时隙模式解码电台的呼号。传播良好时，每分钟两次、每次约三十个呼号可能覆盖正在观察的轨迹；关闭标注后瀑布图只显示波段，旁边解码列表仍保留全部呼号。,topbar,adapter-generated,crates/sdroxide-ui/src/app/top_bar.rs:5015
topbar.text_5049_f89f17,"How the 3D spectrum is drawn. Only the shape differs — both renderings show the same spectra, and both hide what is behind them, so a strong signal in front stands over the band it is covering.",3D 频谱的绘制方式。两种方式显示相同频谱，仅形状不同，都会遮挡后方内容，因此前方强信号会覆盖后面的波段。,topbar,adapter-generated,crates/sdroxide-ui/src/app/top_bar.rs:5049
topbar.text_5095_91d099,"How fast the 3D spectrum flows away from you, in rows a second: Slow 6, Medium 12, Fast 24, Faster 48. The surface is a fixed number of rows deep, so this is also how much time it holds. Slower is a longer memory and a surface that crawls; faster is a shorter one that moves. The waterfall keeps its own scroll rate, below.",3D 频谱向远处流动的速度，单位为每秒行数：慢 6、中 12、快 24、更快 48。曲面深度为固定行数，因此速度也决定保存的时间范围。较慢时历史更长、移动更缓；较快时历史更短、移动更快。瀑布图使用下方独立的滚动速度。,topbar,adapter-generated,crates/sdroxide-ui/src/app/top_bar.rs:5095
topbar.text_5131_67ea42,"How many columns the panadapter and its waterfall are drawn with. Auto reads this machine's renderer and the size of the panadapter and picks the most it can carry — a 4K screen wants 4096. Every column is a byte in every frame, so a client connected to a remote station pays for the detail on its link: 4096 columns at 60 fps is about a quarter of a megabyte a second, twice the standard width.",全景频谱及瀑布图的绘制列数。自动模式根据本机渲染能力和全景频谱大小，选择可承载的最大列数；4K 屏幕通常需要 4096。每列在每帧占一个字节，因此连接远程台站时，更精细的显示也增加链路流量：4096 列、60 fps 约为每秒四分之一 MB，是标准宽度的两倍。,topbar,adapter-generated,crates/sdroxide-ui/src/app/top_bar.rs:5131
topbar.text_5184_29c16e,"Keep the floor/ceiling set for best waterfall contrast — eased back into place on a band change, after a pan or zoom, and when the levels drift. Switch it on to fit at once; switch it off to keep the levels where you set them.",持续调整电平上下限，保持瀑布图最佳对比度。在换波段、平移、缩放或电平漂移后，平滑恢复合适设置。启用时立即适配；关闭后保持手动设置的电平。,topbar,adapter-generated,crates/sdroxide-ui/src/app/top_bar.rs:5184
topbar.text_5203_d99c4e,Keep the tuned frequency in the middle of the panadapter: the window slides under the dial instead of the picture jumping a whole span when you tune off the edge. Switch it on to centre at once; switch it off to pan and zoom wherever you like.,将调谐频率保持在全景频谱中心，窗口随频率平滑移动，避免调谐越过边缘时整个频宽突然跳动。启用时立即居中；关闭后可自由平移和缩放。,topbar,adapter-generated,crates/sdroxide-ui/src/app/top_bar.rs:5203
topbar.text_5743_6312b4,Drive,驱动,topbar,adapter-generated,crates/sdroxide-ui/src/app/top_bar.rs:5743
topbar.text_5744_22c58d,Tune,调谐,topbar,adapter-generated,crates/sdroxide-ui/src/app/top_bar.rs:5744
topbar.text_6200_06ada9,Vol,音量,topbar,adapter-generated,crates/sdroxide-ui/src/app/top_bar.rs:6200
topbar.text_6202_4e125a,Gain,增益,topbar,adapter-generated,crates/sdroxide-ui/src/app/top_bar.rs:6202
topbar.text_6208_997678,DEC /64,抽取 /64,topbar,adapter-generated,crates/sdroxide-ui/src/app/top_bar.rs:6208
topbar.text_6208_b7ae9f,DEC off,抽取关闭,topbar,adapter-generated,crates/sdroxide-ui/src/app/top_bar.rs:6208
topbar.text_6220_20fe1b,Man,手动,topbar,adapter-generated,crates/sdroxide-ui/src/app/top_bar.rs:6220
topbar.text_6616_44d24a,"{}: {v} ({}) — forecast by HAMQSL.com from the solar indices, not a measurement of your own path.",{}：{v}（{}）——由 HAMQSL.com 根据太阳活动指数预测，并非对你的实际传播路径进行测量。,topbar,adapter-generated,crates/sdroxide-ui/src/app/top_bar.rs:6616
topbar.text_6619_176473,night,夜间,topbar,adapter-generated,crates/sdroxide-ui/src/app/top_bar.rs:6619
topbar.text_6619_49df1e,daytime,白天,topbar,adapter-generated,crates/sdroxide-ui/src/app/top_bar.rs:6619
topbar.the_diversity_filter_which_way_it_combines_the_two_aerials,"The diversity filter: which way it combines the two aerials, how fast it adapts, and holding it where it is",分集滤波器：两副天线信号的合成方式、自适应速度及保持当前参数,topbar,adapter-generated,crates/sdroxide-ui/src/app/top_bar.rs:1276
topbar.the_level_drawn_at_the_bottom_of_the_spectrum_and,The level drawn at the bottom of the spectrum and as the darkest waterfall                  colour. Bring it up until the noise floor just darkens.,对应频谱底部及瀑布图最暗颜色的电平。调高至噪声底刚好变暗。,topbar,adapter-generated,crates/sdroxide-ui/src/app/top_bar.rs:5311
topbar.the_level_drawn_at_the_top_bring_it_down_until,The level drawn at the top. Bring it down until the strongest signal you                  care about reaches full colour.,对应频谱顶部的电平。调低至所关心的最强信号达到最亮颜色。,topbar,adapter-generated,crates/sdroxide-ui/src/app/top_bar.rs:5324
topbar.the_panadapter_its_two_layers_their_speeds_and_detail_peak,"The panadapter — its two layers, their speeds and detail, peak hold — plus waterfall contrast, FFT size and the skimmers",频谱显示：频谱与瀑布图两层的速度和精细度、峰值保持，以及瀑布图对比度、FFT 大小和扫描解码器,topbar,adapter-generated,crates/sdroxide-ui/src/app/top_bar.rs:1329
topbar.the_second_receiver_s_frequency_mode_filter_and_level,"The second receiver's frequency, mode, filter and level",副接收机的频率、模式、滤波器和音量,topbar,adapter-generated,crates/sdroxide-ui/src/app/top_bar.rs:1287
topbar.the_transceiver_s_own_aerial_socket_and_its_power_switch,"The transceiver's own aerial socket, and its power switch",收发机的天线接口及电源开关,topbar,adapter-generated,crates/sdroxide-ui/src/app/top_bar.rs:1297
topbar.the_width_in_force_right_now_whatever_the_row_above,"The width in force right now, whatever the row above asks for",当前实际使用的显示宽度，与上方选择值可能不同,topbar,adapter-generated,crates/sdroxide-ui/src/app/top_bar.rs:5165
topbar.this_radio_hands_over_demodulated_audio_so_there_is_no,"This radio hands over demodulated audio, so there is no I/Q to record.",此电台提供解调后的音频，没有可录制的 I/Q 数据。,topbar,adapter-generated,crates/sdroxide-ui/src/app/top_bar.rs:3539
topbar.this_rig_has_rx_gain_stages_the_rest_are_in,"

This rig has {} RX gain stages — the rest are in Settings → Device.","

此电台有 {} 级接收增益，其余增益设置位于“设置 → 设备”。",topbar,adapter-generated,crates/sdroxide-ui/src/app/top_bar.rs:2638
topbar.tone_squelch,Tone squelch,亚音静噪,topbar,adapter-generated,crates/sdroxide-ui/src/app/top_bar.rs:3665
topbar.tone_squelch_nothing_matching_it_is_being_received,Tone squelch {}: nothing matching it is being received,亚音静噪要求 {}，尚未收到匹配亚音,topbar,adapter-generated,crates/sdroxide-ui/src/app/top_bar.rs:3636
topbar.transmit,Transmit,发射,topbar,adapter-generated,crates/sdroxide-ui/src/app/top_bar.rs:1308
topbar.transmit_tone,Transmit tone,发射亚音,topbar,adapter-generated,crates/sdroxide-ui/src/app/top_bar.rs:2153
topbar.transmitting_click_to_open_the_voice_keyer,Transmitting {} — click to open the voice keyer,正在发送 {}，点击打开语音存储键控器,topbar,adapter-generated,crates/sdroxide-ui/src/app/top_bar.rs:4252
topbar.tune,Tune,调谐,topbar,adapter-generated,crates/sdroxide-ui/src/app/top_bar.rs:4332;crates/sdroxide-ui/src/app/top_bar.rs:7599
topbar.tune_the_voice_keyer_and_the_drive_and_mic_levels,"Tune, the voice keyer, and the drive and mic levels",调谐载波、语音存储键控器、驱动电平与麦克风电平,topbar,adapter-generated,crates/sdroxide-ui/src/app/top_bar.rs:1306
topbar.tuning,Tuning,调谐,topbar,adapter-generated,crates/sdroxide-ui/src/app/top_bar.rs:1268
topbar.two_channels_rx_left_tx_right_click_for_one_mixed,"Two channels: RX left, TX right — click for one mixed channel",双声道：左侧接收，右侧发射；点击混合为单声道,topbar,adapter-generated,crates/sdroxide-ui/src/app/top_bar.rs:3404
topbar.tx_audio,TX audio,发射音频,topbar,adapter-generated,crates/sdroxide-ui/src/app/top_bar.rs:4533;crates/sdroxide-ui/src/app/panels/setup.rs:885
topbar.undock,UNDOCK,取消固定,topbar,adapter-generated,crates/sdroxide-ui/src/app/top_bar.rs:2422
topbar.up_label,Up {label},向上 {label},topbar,adapter-generated,crates/sdroxide-ui/src/app/top_bar.rs:1164
topbar.use,USE {},使用 {},topbar,adapter-generated,crates/sdroxide-ui/src/app/top_bar.rs:3697
topbar.user_manual_f1,User manual (F1),用户手册（F1）,topbar,adapter-generated,crates/sdroxide-ui/src/app/top_bar.rs:5569
topbar.vfo_a_b_split_and_the_rit_xit_offsets,"VFO A/B, split, and the RIT/XIT offsets",VFO A/B、异频收发及 RIT/XIT 偏移,topbar,adapter-generated,crates/sdroxide-ui/src/app/top_bar.rs:1252
topbar.voice_keyer_record_and_transmit_stored_messages,Voice keyer: record and transmit stored messages,语音存储键控器：录制并发送保存的消息,topbar,adapter-generated,crates/sdroxide-ui/src/app/top_bar.rs:4255
topbar.vol,Vol,音量,topbar,adapter-generated,crates/sdroxide-ui/src/app/top_bar.rs:2609;crates/sdroxide-ui/src/app/top_bar.rs:4172;crates/sdroxide-ui/src/app/top_bar.rs:8503
topbar.volume_gain_agc_squelch_the_noise_controls_and_the_rds,"Volume, gain, AGC, squelch, the noise controls, and the RDS readout on FM broadcast",音量、增益、AGC、静噪、噪声处理，以及调频广播的 RDS 信息,topbar,adapter-generated,crates/sdroxide-ui/src/app/top_bar.rs:1230
topbar.waterfall,Waterfall,瀑布图,topbar,adapter-generated,crates/sdroxide-ui/src/app/top_bar.rs:4987;crates/sdroxide-ui/src/app/top_bar.rs:5354
topbar.wfm_stereo_automatic_no_pilot_on_this_station,"WFM stereo: automatic, no pilot on this station",WFM 使用自动立体声，当前电台没有导频,topbar,adapter-generated,crates/sdroxide-ui/src/app/top_bar.rs:3049
topbar.wfm_stereo_forced_off_click_for_automatic_stereo,WFM stereo forced off — click for automatic stereo,WFM 立体声已强制关闭，点击恢复自动立体声,topbar,adapter-generated,crates/sdroxide-ui/src/app/top_bar.rs:3045
topbar.wfm_stereo_pilot_locked_click_to_force_mono,WFM stereo: pilot locked. Click to force mono,WFM 立体声导频已锁定，点击强制使用单声道,topbar,adapter-generated,crates/sdroxide-ui/src/app/top_bar.rs:3047
topbar.what_a_capture_costs_at_this_sample_rate,What a capture costs at this sample rate,当前采样率下录制所需的写入速度,topbar,adapter-generated,crates/sdroxide-ui/src/app/top_bar.rs:3561
topbar.what_you_hear_as_an_mp3_the_receiver_in_one,"What you hear, as an MP3: the receiver in one channel and your own transmit in the other. This is the recording of a QSO.",将听到的音频录制为 MP3：一侧声道为接收音频，另一侧为本机发射音频，用于记录通联。,topbar,adapter-generated,crates/sdroxide-ui/src/app/top_bar.rs:3388
topbar.where_the_sub_receiver_listens_shift_click_the_waterfall_or,"Where the sub receiver listens. Shift-click the waterfall, or drag inside the sub's passband, to move it.",副接收机的接收频率。按住 Shift 点击瀑布图，或在副接收机通带内拖动，可移动频率。,topbar,adapter-generated,crates/sdroxide-ui/src/app/top_bar.rs:4120
topbar.width_per_sideband,Width per sideband,每侧边带宽度,topbar,adapter-generated,crates/sdroxide-ui/src/app/top_bar.rs:3230
topbar.winlink_radio_email,Winlink radio email,Winlink 无线电邮件,topbar,adapter-generated,crates/sdroxide-ui/src/app/top_bar.rs:5478
topbar.zero_the_filter_and_find_the_null_again,Zero the filter and find the null again.,将滤波器归零，重新寻找消零点。,topbar,adapter-generated,crates/sdroxide-ui/src/app/top_bar.rs:4053
web.audio.insecure_context,"No audio: {} is not a secure origin, so this browser withholds audio playback and microphone access. Use HTTPS or an SSH tunnel to localhost. (Click to dismiss.)",无音频：{} 不是安全来源，浏览器无法提供音频播放和麦克风访问。请使用 HTTPS，或通过 SSH 隧道访问 localhost。（点击关闭提示。）,web.audio,shared-ui-label-resource,
widget.frequency.text_228_3327e4,Tap to type a frequency,点击输入频率,widget.frequency,adapter-generated,crates/sdroxide-ui/src/widgets/freq_display.rs:228
widget.frequency.text_94_d246cc,Double-click to type a frequency,双击输入频率,widget.frequency,adapter-generated,crates/sdroxide-ui/src/widgets/freq_display.rs:94
widgets.smeter.dynamic.text_177_9d842b,"ALC — how hard the transmitter is being driven, as a percentage of the most it can put out. 100 % is full scale, not full power in watts: what that is worth at the antenna depends on the radio and on Drive.",ALC — 发射驱动电平，按满量程百分比显示。100 % 表示满量程，并非以瓦为单位的最大功率；天线端的实际功率取决于电台和驱动设置。,widgets.smeter.dynamic,adapter-generated,crates/sdroxide-ui/src/widgets/smeter.rs:177
widgets.smeter.dynamic.text_183_c12fd5,"

Forward power — {w:.1} W, measured by the radio's own sensor.","

正向功率 — {w:.1} W，由电台自身的传感器测得。",widgets.smeter.dynamic,adapter-generated,crates/sdroxide-ui/src/widgets/smeter.rs:183
widgets.smeter.dynamic.text_186_32b131,"

This radio reports no forward power, so the figure beside ALC is the ALC reading again rather than watts.","

此电台不报告正向功率，因此 ALC 旁的数字仍是 ALC 读数，单位并非瓦。",widgets.smeter.dynamic,adapter-generated,crates/sdroxide-ui/src/widgets/smeter.rs:186
widgets.smeter.dynamic.text_192_d232e9,"

PO — the radio's own power-output meter, at {:.0} % of its full scale. A needle position as the radio reports it, not a calibrated wattage; what to watch is whether it falls while Drive stays put.","

PO — 电台自身的输出功率表，当前为满量程的 {:.0} %。这是电台报告的表针位置，并非经过校准的瓦数；请留意驱动设置不变时，此读数是否下降。",widgets.smeter.dynamic,adapter-generated,crates/sdroxide-ui/src/widgets/smeter.rs:192
widgets.smeter.dynamic.text_200_f945e4,"

SWR — {swr:.1}:1, the match the antenna is presenting, as the radio measures it. Under 2:1 is unremarkable; past 3:1 the scale turns red.","

SWR — {swr:.1}:1，由电台测量的天线驻波比。低于 2:1 通常无异常；超过 3:1 时刻度变红。",widgets.smeter.dynamic,adapter-generated,crates/sdroxide-ui/src/widgets/smeter.rs:200
widgets.smeter.dynamic.text_204_b57219,"

No SWR: this radio has no bridge to measure it with, and sdroxide will not invent one — it can only show what the radio itself reports. A rig with an SWR meter (over CAT, TCI or a LAN link) and an HPSDR board both fill this in; a plain SDR transmitter cannot.","

无驻波比读数：此电台没有用于测量的电桥，SDRoxide 只能显示电台实际报告的数据。带驻波比表并通过 CAT、TCI 或局域网报告的电台，以及 HPSDR 板卡可提供此项数据；普通 SDR 发射机无法提供。",widgets.smeter.dynamic,adapter-generated,crates/sdroxide-ui/src/widgets/smeter.rs:204
widgets.smeter.dynamic.text_214_f966d5,No signal report yet — the receiver has not delivered a meter reading.,尚无信号报告 — 接收机尚未提供仪表读数。,widgets.smeter.dynamic,adapter-generated,crates/sdroxide-ui/src/widgets/smeter.rs:214
widgets.smeter.dynamic.text_219_f249da,Received signal strength: S9 + {over:.0} dB ({:.0} dBm in the passband).,接收信号强度：S9 + {over:.0} dB（通带内 {:.0} dBm）。,widgets.smeter.dynamic,adapter-generated,crates/sdroxide-ui/src/widgets/smeter.rs:219
widgets.smeter.dynamic.text_224_ca70d7,Received signal strength: S{s} ({:.0} dBm in the passband).,接收信号强度：S{s}（通带内 {:.0} dBm）。,widgets.smeter.dynamic,adapter-generated,crates/sdroxide-ui/src/widgets/smeter.rs:224
widgets.smeter.dynamic.text_229_fbf3ce,"

S9 is −73 dBm and each S-unit below it is 6 dB. The dBm figure is only as honest as the front end's calibration — an uncalibrated receiver reports dBFS with a dBm label.","

S9 对应 −73 dBm，S9 以下每个 S 单位相差 6 dB。dBm 读数的准确性取决于前端校准；未经校准的接收机可能把 dBFS 读数标为 dBm。",widgets.smeter.dynamic,adapter-generated,crates/sdroxide-ui/src/widgets/smeter.rs:229
widgets.smeter.dynamic.text_235_1c3ae5,"

OVLD: the converter is into its rails, so the level shown understates the signal. Wind the front-end gain back.","

OVLD：模数转换器已过载削波，因此显示电平低于实际信号电平。请减小前端增益。",widgets.smeter.dynamic,adapter-generated,crates/sdroxide-ui/src/widgets/smeter.rs:235
widgets.smeter.dynamic.text_240_a9f2a0,"

The radio reports {t:.0} °C.","

电台报告的温度为 {t:.0} °C。",widgets.smeter.dynamic,adapter-generated,crates/sdroxide-ui/src/widgets/smeter.rs:240
widgets.smeter.dynamic.text_245_39edb4,"

PS — PureSignal is correcting {:.1} dB of compression{} (the feedback matched the transmission at {:.2}).","

PS — PureSignal 正在校正 {:.1} dB 的压缩失真{}（反馈与发射信号的匹配度为 {:.2}）。",widgets.smeter.dynamic,adapter-generated,crates/sdroxide-ui/src/widgets/smeter.rs:245
widgets.smeter.dynamic.text_248_dcba38,", table held",，校正表已冻结,widgets.smeter.dynamic,adapter-generated,crates/sdroxide-ui/src/widgets/smeter.rs:248
widgets.smeter.dynamic.text_253_7b85e1,"

PS −− — PureSignal is switched on but has not found the transmission in the feedback path (best match {:.2}), so the transmitter is going out uncorrected. Check that a sample of the amplifier's output really reaches a receive input the T/R switch does not take away on transmit, and that its attenuator is not swallowing it. The loop listens on this receiver only — a coupler wired to a second receiver (RX2, ADC2) is never read as the feedback.","

PS −− — PureSignal 已开启，但尚未在反馈通道中找到发射信号（最佳匹配度 {:.2}），因此发射输出尚未校正。请确认功放输出取样确实送达接收输入，发射时收发切换开关不会切断该输入，且衰减器未使取样电平过低。此环路只监听当前接收机；接到第二接收机（RX2、ADC2）的耦合器取样不会被用作反馈。",widgets.smeter.dynamic,adapter-generated,crates/sdroxide-ui/src/widgets/smeter.rs:253
window.awards.text_108_5f20ee,AWARDS,奖状统计,window.awards,adapter-generated,crates/sdroxide-ui/src/app/awards.rs:108
window.awards.text_129_158ab1,WAZ,网格定位,window.awards,adapter-generated,crates/sdroxide-ui/src/app/awards.rs:129
window.awards.text_137_0b6209,Worked All States,美国各州通联（WAS）,window.awards,adapter-generated,crates/sdroxide-ui/src/app/awards.rs:137
window.awards.text_152_d072ea,CQ Zones (WAZ),CQ 分区（WAZ）,window.awards,adapter-generated,crates/sdroxide-ui/src/app/awards.rs:152
window.awards.text_167_5e4ab2,DXCC entities,DXCC 实体,window.awards,adapter-generated,crates/sdroxide-ui/src/app/awards.rs:167
window.awards.text_26_45ee6d,{w} worked,已通联 {w} 个,window.awards,adapter-generated,crates/sdroxide-ui/src/app/awards.rs:26
window.awards.text_27_d31643,{c} confirmed,已确认 {c} 个,window.awards,adapter-generated,crates/sdroxide-ui/src/app/awards.rs:27
window.bands.text_101_8195b4,· no forecast yet — fetching from HAMQSL.com,· 尚无预报，正在从 HAMQSL.com 获取,window.bands,adapter-generated,crates/sdroxide-ui/src/app/bands.rs:101
window.bands.text_111_52f1b5,BAND,波段,window.bands,adapter-generated,crates/sdroxide-ui/src/app/bands.rs:111
window.bands.text_112_588595,CONDX,传播预报,window.bands,adapter-generated,crates/sdroxide-ui/src/app/bands.rs:112
window.bands.text_113_0c34a0,PATHS,路径数,window.bands,adapter-generated,crates/sdroxide-ui/src/app/bands.rs:113
window.bands.text_114_48cef9,REACH,覆盖范围,window.bands,adapter-generated,crates/sdroxide-ui/src/app/bands.rs:114
window.bands.text_115_16b794,BEST,最佳余量,window.bands,adapter-generated,crates/sdroxide-ui/src/app/bands.rs:115
window.bands.text_180_baf17e,"CONDX is a global forecast; the rest is what has actually been heard. An empty row means nothing was decoded — which may mean the band was shut, or only that nobody was on it.",传播状况来自全球预报；其他列显示实际接收到的信号。空行表示没有解码结果，可能是波段关闭，也可能只是没有台站活动。,window.bands,adapter-generated,crates/sdroxide-ui/src/app/bands.rs:180
window.bands.text_199_e3d250,IBP BEACONS,国际信标计划（IBP）,window.bands,adapter-generated,crates/sdroxide-ui/src/app/bands.rs:199
window.bands.text_202_6329c0,NCDXF/IARU · next beacon in {} s,NCDXF/IARU · 距下一个信标 {} 秒,window.bands,adapter-generated,crates/sdroxide-ui/src/app/bands.rs:202
window.bands.text_222_45f514,"{} at {} — hearing it means the {} path is open. Each beacon steps up a band every 10 s, so this row changes every slot.",{} 位于 {}；收到它说明 {} 的传播路径已开通。每个信标每 10 秒移至下一个波段，因此此行在每个时隙都会变化。,window.bands,adapter-generated,crates/sdroxide-ui/src/app/bands.rs:222
window.bands.text_248_3facc2,METEOR SHOWERS,流星雨,window.bands,adapter-generated,crates/sdroxide-ui/src/app/bands.rs:248
window.bands.text_251_f8d02e,"radiants placed for {lat:.0}°, {lon:.0}°",按纬度 {lat:.0}°、经度 {lon:.0}° 计算辐射点,window.bands,adapter-generated,crates/sdroxide-ui/src/app/bands.rs:251
window.bands.text_258_9f216b,ZHR {},天顶每小时出现率（ZHR）{},window.bands,adapter-generated,crates/sdroxide-ui/src/app/bands.rs:258
window.bands.text_260_c797f4,PEAK,极大期,window.bands,adapter-generated,crates/sdroxide-ui/src/app/bands.rs:260
window.bands.text_265_4db28a,radiant {:.0}° {},辐射点高度 {:.0}°，方位 {},window.bands,adapter-generated,crates/sdroxide-ui/src/app/bands.rs:265
window.bands.text_273_392da8,radiant down ({:.0}°),辐射点在地平线以下（{:.0}°）,window.bands,adapter-generated,crates/sdroxide-ui/src/app/bands.rs:273
window.bands.text_281_63c8cc,"{} ({}) — {} km/s, parent {}. Peak rate ZHR {} around {}.

A radiant above the horizon means the trails can reach you; a fast shower leaves longer-lived ionised trails for meteor scatter on 6 m and 2 m, and the brief 10 m openings.","{}（{}）· 速度 {} km/s，母体 {}。峰值天顶每小时出现率为 {}，极大期约在 {}。

辐射点位于地平线以上，意味着流星尾迹可能为本站提供散射路径。高速流星雨留下的电离尾迹持续更久，可用于 6 米和 2 米波段的流星散射，也可带来 10 米波段的短暂开通。",window.bands,adapter-generated,crates/sdroxide-ui/src/app/bands.rs:281
window.bands.text_64_c41902,BANDS,波段状况,window.bands,adapter-generated,crates/sdroxide-ui/src/app/bands.rs:64
window.bands.text_92_12d2da,☀ DAYLIGHT,☀ 日间,window.bands,adapter-generated,crates/sdroxide-ui/src/app/bands.rs:92
window.bands.text_92_cebbad,☾ NIGHT,☾ 夜间,window.bands,adapter-generated,crates/sdroxide-ui/src/app/bands.rs:92
window.bands.text_98_ad3a41,"· forecast from HAMQSL.com, {a} old",· HAMQSL.com 预报，距今 {a},window.bands,adapter-generated,crates/sdroxide-ui/src/app/bands.rs:98
window.drm.text_133_128cfd,waiting for the receiver…,正在等待接收机…,window.drm,adapter-generated,crates/sdroxide-ui/src/app/drm.rs:133
window.drm.text_139_bda0d4,"Not in DRM. Set the mode to DRM on a digital shortwave broadcast — the dial goes on the channel centre, not on a sideband.",当前不是 DRM 模式。请在数字短波广播频率上选择 DRM，并将频率设在信道中心，而非边带上。,window.drm,adapter-generated,crates/sdroxide-ui/src/app/drm.rs:139
window.drm.text_150_bb8e4e,No DRM signal locked. The decoder needs a few seconds on a clean carrier: DRM interleaves over 400 ms or 2 s before any of it can be read.,尚未锁定 DRM 信号。解码器需要在清晰载波上等待数秒；DRM 使用 400 ms 或 2 s 交织，必须先接收足够数据才能读取内容。,window.drm,adapter-generated,crates/sdroxide-ui/src/app/drm.rs:150
window.drm.text_162_a9c430,"This station's audio codec is not decoding here. xHE-AAC needs libfdk-aac on the system — it cannot be built in, because its licence and this program's are incompatible. Install it (Debian/Ubuntu: libfdk-aac2, Arch: libfdk-aac, macOS: brew install fdk-aac, Windows: libfdk-aac-2.dll beside sdroxide.exe) and restart. Everything else on this screen is decoding normally.",无法在此处解码该电台的音频编码。xHE-AAC 需要系统安装 libfdk-aac；由于其许可证与本程序不兼容，无法内置。请安装后重新启动：Debian/Ubuntu 使用 libfdk-aac2，Arch 使用 libfdk-aac，macOS 执行 brew install fdk-aac，Windows 将 libfdk-aac-2.dll 放在 sdroxide.exe 旁。此界面的其他内容均在正常解码。,window.drm,adapter-generated,crates/sdroxide-ui/src/app/drm.rs:162
window.drm.text_192_272776,QUALITY,信号质量,window.drm,adapter-generated,crates/sdroxide-ui/src/app/drm.rs:192
window.drm.text_195_503737,last minute,最近一分钟,window.drm,adapter-generated,crates/sdroxide-ui/src/app/drm.rs:195
window.drm.text_210_052eb4,waiting for a locked signal,正在等待信号锁定,window.drm,adapter-generated,crates/sdroxide-ui/src/app/drm.rs:210
window.drm.text_268_9b42e9,Audio frames decoding — but this station's codec cannot be decoded here,正在解码音频帧，但此处不支持该电台的音频编码,window.drm,adapter-generated,crates/sdroxide-ui/src/app/drm.rs:268
window.drm.text_270_6d8b28,Audio frames decoding,正在解码音频帧,window.drm,adapter-generated,crates/sdroxide-ui/src/app/drm.rs:270
window.drm.text_273_84ce25,Samples reaching the decoder,采样数据已到达解码器,window.drm,adapter-generated,crates/sdroxide-ui/src/app/drm.rs:273
window.drm.text_274_588867,TIME,定时,window.drm,adapter-generated,crates/sdroxide-ui/src/app/drm.rs:274
window.drm.text_274_6eaa0e,Symbol timing recovered,已恢复符号定时,window.drm,adapter-generated,crates/sdroxide-ui/src/app/drm.rs:274
window.drm.text_275_72a6cf,Transmission frames found,已找到传输帧,window.drm,adapter-generated,crates/sdroxide-ui/src/app/drm.rs:275
window.drm.text_275_c0fcf1,FRAME,帧,window.drm,adapter-generated,crates/sdroxide-ui/src/app/drm.rs:275
window.drm.text_276_85ee3a,Fast Access Channel — what the transmission is,快速接入信道：描述传输参数,window.drm,adapter-generated,crates/sdroxide-ui/src/app/drm.rs:276
window.drm.text_277_e1d2dc,Service Description Channel — what the services are,业务描述信道：描述各项业务,window.drm,adapter-generated,crates/sdroxide-ui/src/app/drm.rs:277
window.drm.text_278_859e89,AUDIO,音频,window.drm,adapter-generated,crates/sdroxide-ui/src/app/drm.rs:278
window.drm.text_316_8863c3,CONSTELLATION,星座图,window.drm,adapter-generated,crates/sdroxide-ui/src/app/drm.rs:316
window.drm.text_345_248c48,waiting for decoded symbols,正在等待解码符号,window.drm,adapter-generated,crates/sdroxide-ui/src/app/drm.rs:345
window.drm.text_355_a14713,{} not decoding,{} 尚未解码,window.drm,adapter-generated,crates/sdroxide-ui/src/app/drm.rs:355
window.drm.text_423_18b8b3,{} symbols · {},{} 个符号 · {},window.drm,adapter-generated,crates/sdroxide-ui/src/app/drm.rs:423
window.drm.text_425_72985f,sampled across the frame,跨帧采样,window.drm,adapter-generated,crates/sdroxide-ui/src/app/drm.rs:425
window.drm.text_425_b4d622,whole frame,整帧,window.drm,adapter-generated,crates/sdroxide-ui/src/app/drm.rs:425
window.drm.text_440_ac6c84,MODE,模式,window.drm,adapter-generated,crates/sdroxide-ui/src/app/drm.rs:440
window.drm.text_447_3d1c20,Robustness mode and channel width. A is for a ground-wave path and carries the most; D is for a badly scattered sky-wave one and carries the least.,抗衰落模式与信道宽度。A 适用于地波传播，容量最高；D 适用于散射严重的天波传播，容量最低。,window.drm,adapter-generated,crates/sdroxide-ui/src/app/drm.rs:447
window.drm.text_451_e0345f,INTERLEAVE,交织,window.drm,adapter-generated,crates/sdroxide-ui/src/app/drm.rs:451
window.drm.text_454_7586f4,How far the transmission spreads each frame in time. Long rides out deeper fades and takes correspondingly longer to acquire.,每帧数据在时间上的交织跨度。长交织可抵御更深的衰落，但同步捕获所需时间也更长。,window.drm,adapter-generated,crates/sdroxide-ui/src/app/drm.rs:454
window.drm.text_459_e3364b,PROTECTION,保护等级,window.drm,adapter-generated,crates/sdroxide-ui/src/app/drm.rs:459
window.drm.text_461_82047f,OFFSET,偏移,window.drm,adapter-generated,crates/sdroxide-ui/src/app/drm.rs:461
window.drm.text_463_d89c9c,"Residual sample-clock error against the transmitter. Large and steady means the receiver's reference is off, not the broadcast.",相对于发射端的残余采样时钟误差。误差较大且稳定时，说明接收机的参考时钟存在偏差，而非广播信号的问题。,window.drm,adapter-generated,crates/sdroxide-ui/src/app/drm.rs:463
window.drm.text_469_791bca,DOPPLER,多普勒,window.drm,adapter-generated,crates/sdroxide-ui/src/app/drm.rs:469
window.drm.text_471_85135a,DELAY,时延,window.drm,adapter-generated,crates/sdroxide-ui/src/app/drm.rs:471
window.drm.text_473_f69fd5,Doppler and delay spread of the path — how fast it is moving and how far apart its echoes arrive.,传播路径的多普勒扩展与时延扩展，分别反映路径变化的速度及各回波到达时间的差异。,window.drm,adapter-generated,crates/sdroxide-ui/src/app/drm.rs:473
window.drm.text_499_1dacfe,{} — not decodable,{} — 无法解码,window.drm,adapter-generated,crates/sdroxide-ui/src/app/drm.rs:499
window.drm.text_505_b526ae,stereo,立体声,window.drm,adapter-generated,crates/sdroxide-ui/src/app/drm.rs:505
window.drm.text_505_d7de34,mono,单声道,window.drm,adapter-generated,crates/sdroxide-ui/src/app/drm.rs:505
window.drm.text_514_6f3c60,SERVICE,业务,window.drm,adapter-generated,crates/sdroxide-ui/src/app/drm.rs:514
window.drm.text_518_2a089a,Decode this service of the multiplex,解码此复用信号中的业务,window.drm,adapter-generated,crates/sdroxide-ui/src/app/drm.rs:518
window.drm.text_541_63df4a,broadcaster's clock  {:04}-{:02}-{:02} {:02}:{:02} UTC,广播台时钟  {:04}-{:02}-{:02} {:02}:{:02} UTC,window.drm,adapter-generated,crates/sdroxide-ui/src/app/drm.rs:541
window.grid_tracker.text_220_6e9ad6,GRID TRACKER,网格追踪,window.grid_tracker,adapter-generated,crates/sdroxide-ui/src/app/grid_tracker.rs:220
window.grid_tracker.text_231_4340cc,{} worked,已通联 {} 个,window.grid_tracker,adapter-generated,crates/sdroxide-ui/src/app/grid_tracker.rs:231
window.grid_tracker.text_236_0d81d7,{confirmed} confirmed,已确认 {confirmed} 个,window.grid_tracker,adapter-generated,crates/sdroxide-ui/src/app/grid_tracker.rs:236
window.grid_tracker.text_243_bfd450,{} heard,已收听 {} 个,window.grid_tracker,adapter-generated,crates/sdroxide-ui/src/app/grid_tracker.rs:243
window.grid_tracker.text_248_52f729,"Shade the squares heard on the live decode list, not only the ones in the log — what is on the air now, in cyan under the worked squares.",同时标记实时解码列表中收听到的网格，而不只显示日志中的网格。当前正在空中的网格以青色显示，位于已通联网格的下层。,window.grid_tracker,adapter-generated,crates/sdroxide-ui/src/app/grid_tracker.rs:248
window.grid_tracker.text_265_90648e,"Drag to pan, wheel to zoom. Amber = worked, green = confirmed, cyan = heard.",拖动平移，滚轮缩放。琥珀色＝已通联，绿色＝已确认，青色＝已收听。,window.grid_tracker,adapter-generated,crates/sdroxide-ui/src/app/grid_tracker.rs:265
window.hd.text_125_28deda,OFDM frame timing recovered,已恢复 OFDM 帧定时,window.hd,adapter-generated,crates/sdroxide-ui/src/app/hd.rs:125
window.hd.text_125_7dcad6,SYNC,同步,window.hd,adapter-generated,crates/sdroxide-ui/src/app/hd.rs:125
window.hd.text_126_6d8b28,Audio frames decoding,正在解码音频帧,window.hd,adapter-generated,crates/sdroxide-ui/src/app/hd.rs:126
window.hd.text_126_859e89,AUDIO,音频,window.hd,adapter-generated,crates/sdroxide-ui/src/app/hd.rs:126
window.hd.text_157_272776,QUALITY,信号质量,window.hd,adapter-generated,crates/sdroxide-ui/src/app/hd.rs:157
window.hd.text_158_86543e,LOWER,下边带,window.hd,adapter-generated,crates/sdroxide-ui/src/app/hd.rs:158
window.hd.text_159_9cba1c,UPPER,上边带,window.hd,adapter-generated,crates/sdroxide-ui/src/app/hd.rs:159
window.hd.text_160_503737,last minute,最近一分钟,window.hd,adapter-generated,crates/sdroxide-ui/src/app/hd.rs:160
window.hd.text_175_052eb4,waiting for a locked signal,正在等待信号锁定,window.hd,adapter-generated,crates/sdroxide-ui/src/app/hd.rs:175
window.hd.text_229_8c217f,MER L,下边带 MER,window.hd,adapter-generated,crates/sdroxide-ui/src/app/hd.rs:229
window.hd.text_231_33b64e,Modulation error ratio of the lower digital sideband.,下数字边带的调制误差比。,window.hd,adapter-generated,crates/sdroxide-ui/src/app/hd.rs:231
window.hd.text_232_8163e9,MER U,上边带 MER,window.hd,adapter-generated,crates/sdroxide-ui/src/app/hd.rs:232
window.hd.text_234_57def9,Modulation error ratio of the upper digital sideband.,上数字边带的调制误差比。,window.hd,adapter-generated,crates/sdroxide-ui/src/app/hd.rs:234
window.hd.text_239_ace6bc,Channel bit-error ratio after the inner code. Below about 1e-3 the outer code can correct it; above that the audio starts to break up.,内码解码后的信道误码率。低于约 1e-3 时，外码可纠正这些错误；高于此值时，音频开始出现断续。,window.hd,adapter-generated,crates/sdroxide-ui/src/app/hd.rs:239
window.hd.text_242_82047f,OFFSET,偏移,window.hd,adapter-generated,crates/sdroxide-ui/src/app/hd.rs:242
window.hd.text_244_348a79,"Residual carrier frequency offset. Large and steady means the receiver's reference is off, not the broadcast.",残余载波频率偏移。偏移较大且稳定时，说明接收机的参考频率存在偏差，而非广播信号的问题。,window.hd,adapter-generated,crates/sdroxide-ui/src/app/hd.rs:244
window.hd.text_252_b54ada,Primary Service Mode Indicator: which of the FM hybrid service modes the station is transmitting.,主业务模式指示：电台正在发射的 FM 混合业务模式。,window.hd,adapter-generated,crates/sdroxide-ui/src/app/hd.rs:252
window.hd.text_276_e299e2,PROGRAMME,节目,window.hd,adapter-generated,crates/sdroxide-ui/src/app/hd.rs:276
window.hd.text_280_8f0dda,Decode {} ({}),解码 {}（{}）,window.hd,adapter-generated,crates/sdroxide-ui/src/app/hd.rs:280
window.hd.text_282_b1917b, — restricted access, — 受限访问,window.hd,adapter-generated,crates/sdroxide-ui/src/app/hd.rs:282
window.hd.text_78_128cfd,waiting for the receiver…,正在等待接收机…,window.hd,adapter-generated,crates/sdroxide-ui/src/app/hd.rs:78
window.hd.text_84_6ec9b7,"Not in HD Radio. Set the mode to HD Radio on an FM broadcast carrying the digital sidecars — the dial goes on the analog carrier's centre, not beside it.",当前不是 HD Radio 模式。请在带有数字边带的 FM 广播频率上选择 HD Radio，并将频率设在模拟载波中心，而非其旁边。,window.hd,adapter-generated,crates/sdroxide-ui/src/app/hd.rs:84
window.hd.text_99_77d1dc,"No HD Radio lock. The digital sidebands are transmitted about 20 dB below the analog carrier, so a listenable station can still be too noisy to decode: the decoder needs a few seconds on a clean one.",尚未锁定 HD Radio 信号。数字边带的发射电平比模拟载波低约 20 dB，因此即使模拟音频能收听，噪声仍可能过大而无法解码。解码器需要在清晰信号上等待数秒。,window.hd,adapter-generated,crates/sdroxide-ui/src/app/hd.rs:99
window.hfdl.text_119_e4d567,HFDL is selected but decoding is off — press LISTEN above,已选择 HFDL，但尚未开启解码；请点击上方的“监听”,window.hfdl,adapter-generated,crates/sdroxide-ui/src/app/hfdl.rs:119
window.hfdl.text_174_9da4a4,DECODES,解码记录,window.hfdl,adapter-generated,crates/sdroxide-ui/src/app/hfdl.rs:174
window.hfdl.text_177_dfc337,filter,筛选,window.hfdl,adapter-generated,crates/sdroxide-ui/src/app/hfdl.rs:177
window.hfdl.text_200_79e75a,Nothing decoded yet — a ground station's squitter repeats every ~32 s once one is in the channel.,尚无解码结果。信道中有地面台时，其自动广播报文约每 32 秒发送一次。,window.hfdl,adapter-generated,crates/sdroxide-ui/src/app/hfdl.rs:200
window.hfdl.text_203_70c95a,No decode matches the filter.,没有符合筛选条件的解码记录。,window.hfdl,adapter-generated,crates/sdroxide-ui/src/app/hfdl.rs:203
window.hfdl.text_295_749c20,{} fixed,已纠正 {} 处,window.hfdl,adapter-generated,crates/sdroxide-ui/src/app/hfdl.rs:295
window.hfdl.text_53_b4d43d,LISTEN,监听,window.hfdl,adapter-generated,crates/sdroxide-ui/src/app/hfdl.rs:53
window.hfdl.text_55_87b2f3,Switches the engine's HFDL downconverter and decoder on or off. Decoding costs a 24 kHz lane and a worker thread whether the window is open or not.,开启或关闭引擎的 HFDL 下变频器与解码器。无论此窗口是否打开，解码都会占用一个 24 kHz 接收通道和一个工作线程。,window.hfdl,adapter-generated,crates/sdroxide-ui/src/app/hfdl.rs:55
window.hfdl.text_69_a33e67,The channel (the assigned frequency) to listen on. Anything in the band works — HFDL stations transmit on 2.8 to 22 MHz — against a fixed 24 kHz lane centred here.,要监听的信道（指配频率）。HFDL 电台在 2.8 至 22 MHz 发射；此频段内均可接收，接收通道以此频率为中心，固定宽度为 24 kHz。,window.hfdl,adapter-generated,crates/sdroxide-ui/src/app/hfdl.rs:69
window.hfdl.text_82_ff5e2f,Save the HFDL decode log to a file,将 HFDL 解码日志保存到文件,window.hfdl,adapter-generated,crates/sdroxide-ui/src/app/hfdl.rs:82
window.hfdl.text_96_16c7d4,"Riverhead (northern Atlantic/north America) — the default, and the channel the decoder was validated on.",Riverhead（北大西洋／北美洲）：默认信道，也是用于验证解码器的信道。,window.hfdl,adapter-generated,crates/sdroxide-ui/src/app/hfdl.rs:96
window.hfdl.text_99_cab080,An HFDL assigned frequency.,HFDL 指配频率。,window.hfdl,adapter-generated,crates/sdroxide-ui/src/app/hfdl.rs:99
window.ism.text_102_4ec7c5,sql,静噪,window.ism,adapter-generated,crates/sdroxide-ui/src/app/ism.rs:102
window.ism.text_108_249393,How far a burst must stand above the channel's own noise floor before it is decoded,突发信号必须高于该信道自身噪声底多少，才开始解码,window.ism,adapter-generated,crates/sdroxide-ui/src/app/ism.rs:108
window.ism.text_130_3afa88,{} — not decoded yet,{} — 尚未解码,window.ism,adapter-generated,crates/sdroxide-ui/src/app/ism.rs:130
window.ism.text_166_65f15c,band,频段,window.ism,adapter-generated,crates/sdroxide-ui/src/app/ism.rs:166
window.ism.text_181_b9f5f8,Listen on {label} — tunes the radio there. One band at a time: they are too far apart for any receiver to cover two at once.,监听 {label}，并将电台调到此频段。一次只能监听一个频段：这些频段相距太远，接收机无法同时覆盖两个。,window.ism,adapter-generated,crates/sdroxide-ui/src/app/ism.rs:181
window.ism.text_188_ab02ee,bw,带宽,window.ism,adapter-generated,crates/sdroxide-ui/src/app/ism.rs:188
window.ism.text_196_a8e6a2,"Give each band the width it normally needs — a quarter of a megahertz for the OOK bands at 315, 345 and 433 MHz, a full one for 868 and 915.",按各频段的通常需求设置带宽：315、345 和 433 MHz 的 OOK 频段使用 250 kHz；868 和 915 MHz 使用 1 MHz。,window.ism,adapter-generated,crates/sdroxide-ui/src/app/ism.rs:196
window.ism.text_201_280fae,"Watch {label}Hz around the band centre, whatever the band would have asked for. Narrower fits a receiver that cannot deliver the band's own width; wider reaches devices sitting further off centre. Your receiver has to hand over about a third more than this.",在频段中心周围监听 {label}Hz，覆盖范围不受频段默认带宽限制。接收机无法提供默认带宽时可缩小范围；扩大范围则可接收偏离中心更远的设备。接收机实际提供的带宽需比此值多约三分之一。,window.ism,adapter-generated,crates/sdroxide-ui/src/app/ism.rs:201
window.ism.text_243_fe234a,"Several hundred more device decoders, from the rtl_433 project, built in. Reads the 433 MHz OOK devices sdroxide's own decoders do not reach at all. Where both can read a device, rtl_433 knows far more variants and takes over.",内置 rtl_433 项目的数百种设备解码器，可读取 SDRoxide 自带解码器尚不支持的 433 MHz OOK 设备。对于两者均支持的设备，rtl_433 支持的变体更多，因此由它负责解码。,window.ism,adapter-generated,crates/sdroxide-ui/src/app/ism.rs:243
window.ism.text_254_c156d9,1 of your own,自定义 1 个,window.ism,adapter-generated,crates/sdroxide-ui/src/app/ism.rs:254
window.ism.text_256_baa432,{} of your own,自定义 {} 个,window.ism,adapter-generated,crates/sdroxide-ui/src/app/ism.rs:256
window.ism.text_260_465aff,"{} decoders ({flex}), {} decoded",{} 个解码器（{flex}），已解码 {} 次,window.ism,adapter-generated,crates/sdroxide-ui/src/app/ism.rs:260
window.ism.text_267_f8418a,"Device decoders registered, how many came from your rtl433_flex.conf, and how many transmissions have been decoded since it started.",已注册的设备解码器数量、来自 rtl433_flex.conf 的自定义解码器数量，以及启动以来成功解码的发送次数。,window.ism,adapter-generated,crates/sdroxide-ui/src/app/ism.rs:267
window.ism.text_275_280ede,RELOAD DECODERS,重新加载解码器,window.ism,adapter-generated,crates/sdroxide-ui/src/app/ism.rs:275
window.ism.text_277_601b15,Re-read rtl433_flex.conf after editing it. The devices already heard stay in the list.,编辑后重新读取 rtl433_flex.conf。已收听到的设备仍保留在列表中。,window.ism,adapter-generated,crates/sdroxide-ui/src/app/ism.rs:277
window.ism.text_291_d276d7,handled by rtl_433: {},由 rtl_433 解码：{},window.ism,adapter-generated,crates/sdroxide-ui/src/app/ism.rs:291
window.ism.text_296_a65f9a,"rtl_433 knows more variants of these than sdroxide's own decoders do, so it reads them while it is listening here. Select another band and sdroxide's own take over again.",rtl_433 对这些设备的变体支持比 SDRoxide 自带解码器更广，因此在此频段监听时由它解码。选择其他频段后，将重新使用 SDRoxide 自带解码器。,window.ism,adapter-generated,crates/sdroxide-ui/src/app/ism.rs:296
window.ism.text_303_2f201d,flex: {e},自定义解码器：{e},window.ism,adapter-generated,crates/sdroxide-ui/src/app/ism.rs:303
window.ism.text_305_8ae82c,"A decoder in your rtl433_flex.conf was refused. The others still loaded. Fix the line, then press RELOAD DECODERS.",rtl433_flex.conf 中的一个解码器未能加载，其他解码器已正常加载。请修正对应行，再点击“重新加载解码器”。,window.ism,adapter-generated,crates/sdroxide-ui/src/app/ism.rs:305
window.ism.text_331_317c5e,waiting for the decoder…,正在等待解码器…,window.ism,adapter-generated,crates/sdroxide-ui/src/app/ism.rs:331
window.ism.text_348_ae1f04,"window {:.3} MHz, {:.3} MHz wide",接收窗口中心 {:.3} MHz，宽度 {:.3} MHz,window.ism,adapter-generated,crates/sdroxide-ui/src/app/ism.rs:348
window.ism.text_356_2b30c1,"Where the decoder is actually listening. This follows the receiver's hardware centre, not the VFO — on a wide front end the two can be a long way apart, and it is the window that decides which channels are reachable.",解码器实际监听的范围，跟随接收机的硬件中心频率。宽带接收时，硬件中心与 VFO 频率可能相距很远；可接收哪些信道取决于此窗口。,window.ism,adapter-generated,crates/sdroxide-ui/src/app/ism.rs:356
window.ism.text_392_a939b0,"{} bursts, {} decoded",{} 次突发信号，已解码 {} 次,window.ism,adapter-generated,crates/sdroxide-ui/src/app/ism.rs:392
window.ism.text_397_dc1c72,"Transmissions the gate opened on, and how many produced a valid frame. Many bursts and no decodes means the band is busy with devices sdroxide cannot read yet. None at all means nothing is reaching the threshold — lower it, or check that the dial is on the band.",达到门限的发送次数，以及其中产生有效帧的次数。突发信号很多却没有解码结果，表示该频段中有大量软件尚不能解码的设备。两者均为零则表示没有信号达到门限；请降低门限，或检查当前频率是否位于该频段。,window.ism,adapter-generated,crates/sdroxide-ui/src/app/ism.rs:397
window.ism.text_412_b46511,{} devices,{} 个设备,window.ism,adapter-generated,crates/sdroxide-ui/src/app/ism.rs:412
window.ism.text_423_63ee8f,nothing heard yet,尚未收到信号,window.ism,adapter-generated,crates/sdroxide-ui/src/app/ism.rs:423
window.ism.text_606_9d4279,"{}  id {}
{:.4} MHz   {} dB   heard {}×
first heard {} ago","{}  标识 {}
{:.4} MHz   {} dB   已收听 {} 次
首次收听于 {} 前",window.ism,adapter-generated,crates/sdroxide-ui/src/app/ism.rs:606
window.ism.text_60_ccf31e,ISM DEVICES,ISM 设备,window.ism,adapter-generated,crates/sdroxide-ui/src/app/ism.rs:60
window.ism.text_617_524ec2,"

Click to tune the receiver to it","

点击将接收机调到此频率",window.ism,adapter-generated,crates/sdroxide-ui/src/app/ism.rs:617
window.ism.text_92_38cca6,OFF,关闭,window.ism,adapter-generated,crates/sdroxide-ui/src/app/ism.rs:92
window.ism.text_92_ce8133,DECODING,正在解码,window.ism,adapter-generated,crates/sdroxide-ui/src/app/ism.rs:92
window.ism.text_98_3abbc8,Needs a wideband IQ source; a CAT rig sends only audio,需要宽带 IQ 信号源；CAT 电台仅提供音频,window.ism,adapter-generated,crates/sdroxide-ui/src/app/ism.rs:98
window.logbook.qsl.clublog_sent,Club Log ↑,Club Log 已上传,window.logbook.qsl,reviewed-display-resource,crates/sdroxide-ui/src/app/logbook.rs:821
window.logbook.qsl.eqsl_received,eQSL ✓,eQSL 已确认,window.logbook.qsl,reviewed-display-resource,crates/sdroxide-ui/src/app/logbook.rs:815
window.logbook.qsl.eqsl_sent,eQSL ↑,eQSL 已上传,window.logbook.qsl,reviewed-display-resource,crates/sdroxide-ui/src/app/logbook.rs:818
window.logbook.qsl.hamqth_sent,HamQTH ↑,HamQTH 已上传,window.logbook.qsl,reviewed-display-resource,crates/sdroxide-ui/src/app/logbook.rs:820
window.logbook.qsl.lotw_received,LoTW ✓,LoTW 已确认,window.logbook.qsl,reviewed-display-resource,crates/sdroxide-ui/src/app/logbook.rs:814
window.logbook.qsl.lotw_sent,LoTW ↑,LoTW 已上传,window.logbook.qsl,reviewed-display-resource,crates/sdroxide-ui/src/app/logbook.rs:817
window.logbook.qsl.qrz_sent,QRZ ↑,QRZ 已上传,window.logbook.qsl,reviewed-display-resource,crates/sdroxide-ui/src/app/logbook.rs:819
window.logbook.text_354_6db90c,"Confirmations: {} downloaded, {matched} newly confirmed",确认记录：已下载 {} 条，新确认 {matched} 条,window.logbook,adapter-generated,crates/sdroxide-ui/src/app/logbook.rs:354
window.logbook.text_404_0beb7f,LOGBOOK,通联日志,window.logbook,adapter-generated,crates/sdroxide-ui/src/app/logbook.rs:404
window.logbook.text_415_49cb9d,+ NEW ENTRY,＋ 新增记录,window.logbook,adapter-generated,crates/sdroxide-ui/src/app/logbook.rs:415
window.logbook.text_436_40bc49,IMPORT,导入,window.logbook,adapter-generated,crates/sdroxide-ui/src/app/logbook.rs:436
window.logbook.text_437_887f09,Import QSOs from an ADIF (.adi or .adif) file,从 ADIF 文件（.adi 或 .adif）导入通联记录,window.logbook,adapter-generated,crates/sdroxide-ui/src/app/logbook.rs:437
window.logbook.text_447_6c3dd2,{} QSO,{} 次通联,window.logbook,adapter-generated,crates/sdroxide-ui/src/app/logbook.rs:447
window.logbook.text_517_68e71e,NEW QSO,新增通联,window.logbook,adapter-generated,crates/sdroxide-ui/src/app/logbook.rs:517
window.logbook.text_517_8f1121,EDIT QSO,编辑通联,window.logbook,adapter-generated,crates/sdroxide-ui/src/app/logbook.rs:517
window.logbook.text_524_c81c89,⚠ WORKED BEFORE ({dupe_band}),⚠ 曾在 {dupe_band} 通联,window.logbook,adapter-generated,crates/sdroxide-ui/src/app/logbook.rs:524
window.logbook.text_549_d6e645,Call,呼号,window.logbook,adapter-generated,crates/sdroxide-ui/src/app/logbook.rs:549
window.logbook.text_555_f3e98e,LOOKUP,查询,window.logbook,adapter-generated,crates/sdroxide-ui/src/app/logbook.rs:555
window.logbook.text_556_a46a24,Look up name / QTH / grid,查询姓名、台址及网格定位,window.logbook,adapter-generated,crates/sdroxide-ui/src/app/logbook.rs:556
window.logbook.text_562_0d7d12,Grid,网格定位,window.logbook,adapter-generated,crates/sdroxide-ui/src/app/logbook.rs:562
window.logbook.text_575_2c526c,Freq MHz,频率 MHz,window.logbook,adapter-generated,crates/sdroxide-ui/src/app/logbook.rs:575
window.logbook.text_577_5e23ec,Mode,模式,window.logbook,adapter-generated,crates/sdroxide-ui/src/app/logbook.rs:577
window.logbook.text_582_33e365,RST sent,发送的 RST,window.logbook,adapter-generated,crates/sdroxide-ui/src/app/logbook.rs:582
window.logbook.text_584_0786ad,RST rcvd,收到的 RST,window.logbook,adapter-generated,crates/sdroxide-ui/src/app/logbook.rs:584
window.logbook.text_589_dcd1d5,Name,姓名,window.logbook,adapter-generated,crates/sdroxide-ui/src/app/logbook.rs:589
window.logbook.text_591_9eedd0,QTH,台址,window.logbook,adapter-generated,crates/sdroxide-ui/src/app/logbook.rs:591
window.logbook.text_596_a3b50c,State,州／省,window.logbook,adapter-generated,crates/sdroxide-ui/src/app/logbook.rs:596
window.logbook.text_598_701d02,Country,国家／地区,window.logbook,adapter-generated,crates/sdroxide-ui/src/app/logbook.rs:598
window.logbook.text_603_a1d819,Date UTC,UTC 日期,window.logbook,adapter-generated,crates/sdroxide-ui/src/app/logbook.rs:603
window.logbook.text_605_33b934,Time,时间,window.logbook,adapter-generated,crates/sdroxide-ui/src/app/logbook.rs:605
window.logbook.text_607_97bfc0,NOW,当前时间,window.logbook,adapter-generated,crates/sdroxide-ui/src/app/logbook.rs:607
window.logbook.text_613_fc8dc4,Pwr W,功率 W,window.logbook,adapter-generated,crates/sdroxide-ui/src/app/logbook.rs:613
window.logbook.text_615_7da8d6,Contest,比赛,window.logbook,adapter-generated,crates/sdroxide-ui/src/app/logbook.rs:615
window.logbook.text_617_c52f75,S# sent,发送的序号,window.logbook,adapter-generated,crates/sdroxide-ui/src/app/logbook.rs:617
window.logbook.text_619_7fed45,S# rcvd,收到的序号,window.logbook,adapter-generated,crates/sdroxide-ui/src/app/logbook.rs:619
window.logbook.text_624_44f5e3,Comment,备注,window.logbook,adapter-generated,crates/sdroxide-ui/src/app/logbook.rs:624
window.logbook.text_632_f4b6c4, SAVE , 保存 ,window.logbook,adapter-generated,crates/sdroxide-ui/src/app/logbook.rs:632
window.logbook.text_640_ad8d69,CANCEL,取消,window.logbook,adapter-generated,crates/sdroxide-ui/src/app/logbook.rs:640
window.logbook.text_710_6c0671,{}–{} UTC · {} QSO,{}–{} UTC · {} 次通联,window.logbook,adapter-generated,crates/sdroxide-ui/src/app/logbook.rs:710
window.logbook.text_816_522847,card ✓,纸质卡片 ✓,window.logbook,adapter-generated,crates/sdroxide-ui/src/app/logbook.rs:816
window.logbook.text_849_9b8949,DEL,删除,window.logbook,adapter-generated,crates/sdroxide-ui/src/app/logbook.rs:849
window.logbook.text_853_da9e8e,Delete this entry,删除此记录,window.logbook,adapter-generated,crates/sdroxide-ui/src/app/logbook.rs:853
window.logbook.text_858_18a0c0,EDIT,编辑,window.logbook,adapter-generated,crates/sdroxide-ui/src/app/logbook.rs:858
window.logbook.text_864_42cb4e,UP,上传,window.logbook,adapter-generated,crates/sdroxide-ui/src/app/logbook.rs:864
window.logbook.text_865_298e61,Upload this QSO to configured logs,将此通联上传到已配置的日志服务,window.logbook,adapter-generated,crates/sdroxide-ui/src/app/logbook.rs:865
window.logbook.text_911_a01cbf,no QSOs yet — run FT8/FT4 or add a manual entry,尚无通联记录；可运行 FT8/FT4 或手动添加,window.logbook,adapter-generated,crates/sdroxide-ui/src/app/logbook.rs:911
window.login.actions.checking, CHECKING… , 检查中… ,window.login.actions,reviewed-display-resource,crates/sdroxide-ui/src/login.rs:626
window.login.actions.sign_in, SIGN IN , 登录 ,window.login.actions,reviewed-display-resource,crates/sdroxide-ui/src/login.rs:626
window.login.text_609_020b8f,Remember on this device,在此设备上记住登录信息,window.login,adapter-generated,crates/sdroxide-ui/src/login.rs:609
window.login.text_612_f932e9,"Signs in without asking next time, and lets the 3D view's tab in without asking at all. The password is kept in the clear, so leave this off on a machine other people use.",下次自动登录，3D 视图的选项卡也无需再次登录。密码以明文保存，请勿在与他人共用的计算机上启用。,window.login,adapter-generated,crates/sdroxide-ui/src/login.rs:612
window.login.text_618_c76bd7,"Keeps the password on this device, in the clear.",在此设备上以明文保存密码。,window.login,adapter-generated,crates/sdroxide-ui/src/login.rs:618
window.login.text_644_a8e8ca,"A wrong password shuts the server's door for a few seconds, so this can take a moment.",密码错误会使服务器暂停接受登录几秒，因此此操作可能需要稍等。,window.login,adapter-generated,crates/sdroxide-ui/src/login.rs:644
window.memories_voice.text_1035_9b8949,DEL,删除,window.memories_voice,adapter-generated,crates/sdroxide-ui/src/app/windows.rs:1035
window.memories_voice.text_1041_38d4f3,Erase this recording,删除此录音,window.memories_voice,adapter-generated,crates/sdroxide-ui/src/app/windows.rs:1041
window.memories_voice.text_1055_128796,"RADE: the message is encoded by the digital-voice codec, exactly as a live over would be.",RADE：消息由数字语音编解码器编码，与实时发话的处理方式相同。,window.memories_voice,adapter-generated,crates/sdroxide-ui/src/app/windows.rs:1055
window.memories_voice.text_125_71e204,Recall,调用频道,window.memories_voice,adapter-generated,crates/sdroxide-ui/src/app/windows.rs:125
window.memories_voice.text_125_fede09,RCL,调用,window.memories_voice,adapter-generated,crates/sdroxide-ui/src/app/windows.rs:125
window.memories_voice.text_137_9b8949,DEL,删除,window.memories_voice,adapter-generated,crates/sdroxide-ui/src/app/windows.rs:137
window.memories_voice.text_146_f9f30a,EDT,编辑,window.memories_voice,adapter-generated,crates/sdroxide-ui/src/app/windows.rs:146
window.memories_voice.text_147_110491,"Edit the name, frequency, mode, antenna and repeater setup",编辑名称、频率、模式、天线和中继设置,window.memories_voice,adapter-generated,crates/sdroxide-ui/src/app/windows.rs:147
window.memories_voice.text_283_c35b52,RPT,中继,window.memories_voice,adapter-generated,crates/sdroxide-ui/src/app/windows.rs:283
window.memories_voice.text_284_22fcdc,"The repeater shift, tone and 1750 Hz burst stored with this channel",随此频道保存的中继频差、亚音及 1750 Hz 启动音,window.memories_voice,adapter-generated,crates/sdroxide-ui/src/app/windows.rs:284
window.memories_voice.text_291_005359,Abandon the edit (Escape),放弃编辑（Escape）,window.memories_voice,adapter-generated,crates/sdroxide-ui/src/app/windows.rs:291
window.memories_voice.text_304_c210bf,SAVE,保存,window.memories_voice,adapter-generated,crates/sdroxide-ui/src/app/windows.rs:304
window.memories_voice.text_309_72fcf9,Keep the changes (Enter),保存更改（Enter）,window.memories_voice,adapter-generated,crates/sdroxide-ui/src/app/windows.rs:309
window.memories_voice.text_358_0cf201,Recall this channel without moving the antenna,调用此频道，不切换天线,window.memories_voice,adapter-generated,crates/sdroxide-ui/src/app/windows.rs:358
window.memories_voice.text_365_7b250d,The antenna to switch to when this channel is recalled. — leaves whatever the radio is already on.,调用此频道时切换到的天线。“—”表示保留电台当前使用的天线。,window.memories_voice,adapter-generated,crates/sdroxide-ui/src/app/windows.rs:365
window.memories_voice.text_385_2e544a,Shift,频差,window.memories_voice,adapter-generated,crates/sdroxide-ui/src/app/windows.rs:385
window.memories_voice.text_407_c2c8b7,Tone,亚音,window.memories_voice,adapter-generated,crates/sdroxide-ui/src/app/windows.rs:407
window.memories_voice.text_441_9a2b24,INVERT,反相,window.memories_voice,adapter-generated,crates/sdroxide-ui/src/app/windows.rs:441
window.memories_voice.text_441_db2cb3,NORMAL,正常,window.memories_voice,adapter-generated,crates/sdroxide-ui/src/app/windows.rs:441
window.memories_voice.text_443_4906e3,DCS polarity,DCS 极性,window.memories_voice,adapter-generated,crates/sdroxide-ui/src/app/windows.rs:443
window.memories_voice.text_453_74a800,Open every over on the tone burst while this channel is recalled,调用此频道期间，每次发话先发送启动音,window.memories_voice,adapter-generated,crates/sdroxide-ui/src/app/windows.rs:453
window.memories_voice.text_475_e7218b,Memories,存储频道,window.memories_voice,adapter-generated,crates/sdroxide-ui/src/app/windows.rs:475
window.memories_voice.text_513_57a806,memory name,频道名称,window.memories_voice,adapter-generated,crates/sdroxide-ui/src/app/windows.rs:513
window.memories_voice.text_517_ee7da9,Store,保存频道,window.memories_voice,adapter-generated,crates/sdroxide-ui/src/app/windows.rs:517
window.memories_voice.text_526_979445,folder name,文件夹名称,window.memories_voice,adapter-generated,crates/sdroxide-ui/src/app/windows.rs:526
window.memories_voice.text_530_cf28f4,New folder,新建文件夹,window.memories_voice,adapter-generated,crates/sdroxide-ui/src/app/windows.rs:530
window.memories_voice.text_543_40bc49,IMPORT,导入,window.memories_voice,adapter-generated,crates/sdroxide-ui/src/app/windows.rs:543
window.memories_voice.text_545_5e177c,"Read a channel list from a CHIRP CSV file (.csv) — a repeater directory export, a marine or PMR channel table, or anything else CHIRP can write.

Each channel brings its frequency, mode, repeater shift and CTCSS or DCS tone with it. Channels already on this list — same frequency, same mode — are skipped, so re-importing an updated directory adds what is new rather than doubling what is not.","从 CHIRP CSV 文件（.csv）读取频道列表，例如中继目录导出、海事频道表、PMR 频道表或 CHIRP 可写出的其他列表。

每个频道包含频率、模式、中继频差及 CTCSS 或 DCS 亚音。频率和模式均与现有列表相同的频道会被跳过，因此重新导入更新后的目录只会添加新频道，不会重复已有频道。",window.memories_voice,adapter-generated,crates/sdroxide-ui/src/app/windows.rs:545
window.memories_voice.text_559_6938f8,EXPORT,导出,window.memories_voice,adapter-generated,crates/sdroxide-ui/src/app/windows.rs:559
window.memories_voice.text_561_6742ef,"Write this list out as a CHIRP CSV file, to load into a handheld or to keep as a backup.",将此列表导出为 CHIRP CSV 文件，用于写入手持电台或保留备份。,window.memories_voice,adapter-generated,crates/sdroxide-ui/src/app/windows.rs:561
window.memories_voice.text_571_40aab4,{} channel,{} 个频道,window.memories_voice,adapter-generated,crates/sdroxide-ui/src/app/windows.rs:571
window.memories_voice.text_579_2e660b,no memories yet,尚无存储频道,window.memories_voice,adapter-generated,crates/sdroxide-ui/src/app/windows.rs:579
window.memories_voice.text_582_fee691,"drag a memory onto a folder to file it, below them to unfile it",将频道拖到文件夹上可归档，拖到文件夹下方可移出文件夹,window.memories_voice,adapter-generated,crates/sdroxide-ui/src/app/windows.rs:582
window.memories_voice.text_655_3ead87,drop here to unfile,拖到此处可移出文件夹,window.memories_voice,adapter-generated,crates/sdroxide-ui/src/app/windows.rs:655
window.memories_voice.text_679_bec690,Sort,排序,window.memories_voice,adapter-generated,crates/sdroxide-ui/src/app/windows.rs:679
window.memories_voice.text_683_daed1e,In the order they were stored,按保存顺序,window.memories_voice,adapter-generated,crates/sdroxide-ui/src/app/windows.rs:683
window.memories_voice.text_684_5b941a,"By name, ignoring case",按名称，不区分大小写,window.memories_voice,adapter-generated,crates/sdroxide-ui/src/app/windows.rs:684
window.memories_voice.text_685_60cb1e,By frequency,按频率,window.memories_voice,adapter-generated,crates/sdroxide-ui/src/app/windows.rs:685
window.memories_voice.text_686_abae5e,"By band, then by frequency inside each",先按波段，再按各波段内的频率,window.memories_voice,adapter-generated,crates/sdroxide-ui/src/app/windows.rs:686
window.memories_voice.text_699_423f57,Descending — click for ascending,降序；点击切换为升序,window.memories_voice,adapter-generated,crates/sdroxide-ui/src/app/windows.rs:699
window.memories_voice.text_701_4cd65e,Ascending — click for descending,升序；点击切换为降序,window.memories_voice,adapter-generated,crates/sdroxide-ui/src/app/windows.rs:701
window.memories_voice.text_764_9b8949,DEL,删除,window.memories_voice,adapter-generated,crates/sdroxide-ui/src/app/windows.rs:764
window.memories_voice.text_768_8510ff,Delete folder — its memories move to the top level,删除文件夹，其中的频道移至顶层,window.memories_voice,adapter-generated,crates/sdroxide-ui/src/app/windows.rs:768
window.memories_voice.text_773_509123,REN,重命名,window.memories_voice,adapter-generated,crates/sdroxide-ui/src/app/windows.rs:773
window.memories_voice.text_774_7249f1,Rename folder,重命名文件夹,window.memories_voice,adapter-generated,crates/sdroxide-ui/src/app/windows.rs:774
window.memories_voice.text_784_a6d230,empty — drop memories here,空文件夹；将频道拖到此处,window.memories_voice,adapter-generated,crates/sdroxide-ui/src/app/windows.rs:784
window.memories_voice.text_832_e1b161,Voice keyer,语音键控器,window.memories_voice,adapter-generated,crates/sdroxide-ui/src/app/windows.rs:832
window.memories_voice.text_852_82c09f,"REC records from your microphone, PLAY lets you listen to what you recorded, TX puts it on the air — as does a numpad key, a MIDI pad, or rigctld's send_voice_mem.",“录音”从麦克风录制，“播放”用于试听，“发射”会通过无线电发送；数字小键盘、MIDI 打击垫或 rigctld 的 send_voice_mem 命令也可触发发射。,window.memories_voice,adapter-generated,crates/sdroxide-ui/src/app/windows.rs:852
window.memories_voice.text_890_6a1734,Slot {},录音槽 {},window.memories_voice,adapter-generated,crates/sdroxide-ui/src/app/windows.rs:890
window.memories_voice.text_914_50a45e,REC,录音,window.memories_voice,adapter-generated,crates/sdroxide-ui/src/app/windows.rs:914
window.memories_voice.text_921_2175c4,Stop and store,停止并保存,window.memories_voice,adapter-generated,crates/sdroxide-ui/src/app/windows.rs:921
window.memories_voice.text_923_b60152,Record from the microphone (up to {max_len:.0} s),从麦克风录制，最长 {max_len:.0} 秒,window.memories_voice,adapter-generated,crates/sdroxide-ui/src/app/windows.rs:923
window.memories_voice.text_946_04dedf,STOP,停止,window.memories_voice,adapter-generated,crates/sdroxide-ui/src/app/windows.rs:946
window.memories_voice.text_946_f53a7a,PLAY,播放,window.memories_voice,adapter-generated,crates/sdroxide-ui/src/app/windows.rs:946
window.memories_voice.text_952_94fa9b,Stop listening,停止试听,window.memories_voice,adapter-generated,crates/sdroxide-ui/src/app/windows.rs:952
window.memories_voice.text_954_b6a2ed,Nothing recorded in this slot,此录音槽没有录音,window.memories_voice,adapter-generated,crates/sdroxide-ui/src/app/windows.rs:954
window.memories_voice.text_956_47d972,Not while transmitting,发射期间不可试听,window.memories_voice,adapter-generated,crates/sdroxide-ui/src/app/windows.rs:956
window.memories_voice.text_958_ea082d,Listen to this message — nothing is transmitted,试听此消息，不进行发射,window.memories_voice,adapter-generated,crates/sdroxide-ui/src/app/windows.rs:958
window.memories_voice.text_978_04dedf,STOP,停止,window.memories_voice,adapter-generated,crates/sdroxide-ui/src/app/windows.rs:978
window.memories_voice.text_978_536939,TX,发射,window.memories_voice,adapter-generated,crates/sdroxide-ui/src/app/windows.rs:978
window.memories_voice.text_986_ea07b0,Stop transmitting,停止发射,window.memories_voice,adapter-generated,crates/sdroxide-ui/src/app/windows.rs:986
window.memories_voice.text_988_b6a2ed,Nothing recorded in this slot,此录音槽没有录音,window.memories_voice,adapter-generated,crates/sdroxide-ui/src/app/windows.rs:988
window.memories_voice.text_990_fceed8,TUNE is active — switch it off first,调谐载波已开启，请先关闭,window.memories_voice,adapter-generated,crates/sdroxide-ui/src/app/windows.rs:990
window.memories_voice.text_992_4828aa,Transmit this message,发射此消息,window.memories_voice,adapter-generated,crates/sdroxide-ui/src/app/windows.rs:992
window.morse.tab.learn,LEARN,循序学习,window.morse.tab,reviewed-display-resource,crates/sdroxide-ui/src/app/morse.rs:46
window.morse.tab.practice,PRACTICE,收听练习,window.morse.tab,reviewed-display-resource,crates/sdroxide-ui/src/app/morse.rs:45
window.morse.tab.translate,TRANSLATE,文本转摩斯码,window.morse.tab,reviewed-display-resource,crates/sdroxide-ui/src/app/morse.rs:44
window.morse.text_379_dee251,MORSE,摩尔斯电码,window.morse,adapter-generated,crates/sdroxide-ui/src/app/morse.rs:379
window.morse.text_425_de4dd7,Text → Morse,文字 → 摩尔斯电码,window.morse,adapter-generated,crates/sdroxide-ui/src/app/morse.rs:425
window.morse.text_431_b82972,Morse → Text,摩尔斯电码 → 文字,window.morse,adapter-generated,crates/sdroxide-ui/src/app/morse.rs:431
window.morse.text_442_102b3b,"`.` and `-` per character, a space between characters, ` / ` between words. The ITU alphabet, digits, punctuation and the common prosigns.",每个字符用 `.` 和 `-` 表示，字符之间用空格分隔，单词之间用 ` / ` 分隔。支持 ITU 字母、数字、标点及常用程序信号。,window.morse,adapter-generated,crates/sdroxide-ui/src/app/morse.rs:442
window.morse.text_453_39fc01,The reference translator is available in the desktop build.,参考转换器可在桌面版中使用。,window.morse,adapter-generated,crates/sdroxide-ui/src/app/morse.rs:453
window.morse.text_461_6eceff,"Play what you type, to your own speakers",通过本机扬声器播放输入的内容,window.morse,adapter-generated,crates/sdroxide-ui/src/app/morse.rs:461
window.morse.text_472_f53a7a,PLAY,播放,window.morse,adapter-generated,crates/sdroxide-ui/src/app/morse.rs:472
window.morse.text_476_04dedf,STOP,停止,window.morse,adapter-generated,crates/sdroxide-ui/src/app/morse.rs:476
window.morse.text_482_d28b1b,about {:.0} s,约 {:.0} 秒,window.morse,adapter-generated,crates/sdroxide-ui/src/app/morse.rs:482
window.morse.text_503_c66e48,Characters in play: {set},练习字符：{set},window.morse,adapter-generated,crates/sdroxide-ui/src/app/morse.rs:503
window.morse.text_506_327ba6,Score: {correct} / {total}. Run: {} of {}.,成绩：{correct} / {total}。连续答对：{} / {}。,window.morse,adapter-generated,crates/sdroxide-ui/src/app/morse.rs:506
window.morse.text_515_ded7a4,Every character learned — well done.,全部字符已掌握，做得好！,window.morse,adapter-generated,crates/sdroxide-ui/src/app/morse.rs:515
window.morse.text_526_b7ca9f,"The drill needs sound, which the desktop build has.",此练习需要声音支持，请使用桌面版。,window.morse,adapter-generated,crates/sdroxide-ui/src/app/morse.rs:526
window.morse.text_530_a253ff,NEW,新题,window.morse,adapter-generated,crates/sdroxide-ui/src/app/morse.rs:530
window.morse.text_537_15e1f7,REVEAL,显示答案,window.morse,adapter-generated,crates/sdroxide-ui/src/app/morse.rs:537
window.morse.text_540_7ef2fa,RESET,重置,window.morse,adapter-generated,crates/sdroxide-ui/src/app/morse.rs:540
window.morse.text_551_92d23f,REPLAY,重播,window.morse,adapter-generated,crates/sdroxide-ui/src/app/morse.rs:551
window.morse.text_560_53e245,What did you hear?,你听到了什么？,window.morse,adapter-generated,crates/sdroxide-ui/src/app/morse.rs:560
window.morse.text_568_2c1282,CHECK,检查答案,window.morse,adapter-generated,crates/sdroxide-ui/src/app/morse.rs:568
window.morse.text_590_1a23ff,Press NEW to hear a character.,点击“新题”收听一个字符。,window.morse,adapter-generated,crates/sdroxide-ui/src/app/morse.rs:590
window.morse.text_597_c2c8b7,Tone,音调,window.morse,adapter-generated,crates/sdroxide-ui/src/app/morse.rs:597
window.morse.text_615_62a822,Spacing,间隔速度,window.morse,adapter-generated,crates/sdroxide-ui/src/app/morse.rs:615
window.morse.text_623_47a692,"Characters go out at the speed above; this is the speed the *gaps* are sent at, so a beginner hears the letter as a whole before they can send it that fast.",字符按上方速度播放；此处控制字符之间的间隔速度，让初学者能先辨认完整字符，再逐步达到相同的发送速度。,window.morse,adapter-generated,crates/sdroxide-ui/src/app/morse.rs:623
window.morse.text_635_106d1b,Playback is available in the desktop build.,播放功能可在桌面版中使用。,window.morse,adapter-generated,crates/sdroxide-ui/src/app/morse.rs:635
window.multi.text_678_548c99,● TX,● 发射,window.multi,adapter-generated,crates/sdroxide-ui/src/multi.rs:678
window.multi.text_734_46212a,Already open in another split view,已在另一个分屏视图中打开,window.multi,adapter-generated,crates/sdroxide-ui/src/multi.rs:734
window.multi.text_738_0bff2d,Show this radio here,在此处显示这台电台,window.multi,adapter-generated,crates/sdroxide-ui/src/multi.rs:738
window.publicsdr.text_185_b14326,+ TAB,＋ 新选项卡,window.publicsdr,adapter-generated,crates/sdroxide-ui/src/app/publicsdr.rs:185
window.publicsdr.text_186_75c159,"Open this receiver as a new radio, in its own tab",将此接收机作为新电台，在独立选项卡中打开,window.publicsdr,adapter-generated,crates/sdroxide-ui/src/app/publicsdr.rs:186
window.publicsdr.text_193_e2bc8e,"Point *this* radio at the receiver, replacing whatever interface it is on now — asked again first, because that is a whole radio's worth of setting up",将当前电台改为连接此接收机，替换现有接口；这会改变整台电台的连接配置，因此操作前将再次确认。,window.publicsdr,adapter-generated,crates/sdroxide-ui/src/app/publicsdr.rs:193
window.publicsdr.text_210_45c8c3,"{}
{}
antenna: {}
{}","{}
{}
天线：{}
{}",window.publicsdr,adapter-generated,crates/sdroxide-ui/src/app/publicsdr.rs:210
window.publicsdr.text_213_109df2,not stated,未说明,window.publicsdr,adapter-generated,crates/sdroxide-ui/src/app/publicsdr.rs:213
window.publicsdr.text_215_f99aa8,noise-floor score {snr},噪声底评分 {snr},window.publicsdr,adapter-generated,crates/sdroxide-ui/src/app/publicsdr.rs:215
window.publicsdr.text_216_c238e3,up to {:.0} kHz of I/Q,I/Q 带宽最高 {:.0} kHz,window.publicsdr,adapter-generated,crates/sdroxide-ui/src/app/publicsdr.rs:216
window.publicsdr.text_254_9b66c9,REPLACE,替换,window.publicsdr,adapter-generated,crates/sdroxide-ui/src/app/publicsdr.rs:254
window.publicsdr.text_255_0cc499,Point the radio you are on at this receiver,将当前电台改为连接此接收机,window.publicsdr,adapter-generated,crates/sdroxide-ui/src/app/publicsdr.rs:255
window.publicsdr.text_260_7a3a57,+ TAB INSTEAD,改为新增选项卡,window.publicsdr,adapter-generated,crates/sdroxide-ui/src/app/publicsdr.rs:260
window.publicsdr.text_261_ae32cc,Open the receiver as another radio and leave this one alone,将接收机作为另一台电台打开，保留当前电台,window.publicsdr,adapter-generated,crates/sdroxide-ui/src/app/publicsdr.rs:261
window.publicsdr.text_266_ad8d69,CANCEL,取消,window.publicsdr,adapter-generated,crates/sdroxide-ui/src/app/publicsdr.rs:266
window.publicsdr.text_364_58c39f,PUBLIC SDRS,公共 SDR 接收机,window.publicsdr,adapter-generated,crates/sdroxide-ui/src/app/publicsdr.rs:364
window.publicsdr.text_385_adfe61,AVAILABLE,可用,window.publicsdr,adapter-generated,crates/sdroxide-ui/src/app/publicsdr.rs:385
window.publicsdr.text_387_1904cb,"Hide receivers that are full, and the ones whose operator has not opened any channels to apps other than a browser",隐藏已满员的接收机，以及未向浏览器以外应用开放频道的接收机,window.publicsdr,adapter-generated,crates/sdroxide-ui/src/app/publicsdr.rs:387
window.publicsdr.text_394_ad5535,IN BAND,覆盖当前频率,window.publicsdr,adapter-generated,crates/sdroxide-ui/src/app/publicsdr.rs:394
window.publicsdr.text_395_022e21,Only receivers that cover the current dial frequency,仅显示覆盖当前拨盘频率的接收机,window.publicsdr,adapter-generated,crates/sdroxide-ui/src/app/publicsdr.rs:395
window.publicsdr.text_400_e248a1,LOW BW,低带宽,window.publicsdr,adapter-generated,crates/sdroxide-ui/src/app/publicsdr.rs:400
window.publicsdr.text_402_ce83d3,"Take a SpyServer in its low-bandwidth shape: a narrow I/Q window that follows the dial plus the server's own band view, instead of megabits of wideband I/Q. No effect on a KiwiSDR, which has only the one shape.",以低带宽方式连接 SpyServer：使用跟随拨盘的窄带 I/Q 窗口和服务器自身的波段视图，代替每秒数兆比特的宽带 I/Q 数据。KiwiSDR 只有一种连接方式，不受此选项影响。,window.publicsdr,adapter-generated,crates/sdroxide-ui/src/app/publicsdr.rs:402
window.publicsdr.text_412_000bb3,⟳ REFRESH,⟳ 刷新,window.publicsdr,adapter-generated,crates/sdroxide-ui/src/app/publicsdr.rs:412
window.publicsdr.text_413_35cb06,Fetch both directories again,重新获取两个接收机目录,window.publicsdr,adapter-generated,crates/sdroxide-ui/src/app/publicsdr.rs:413
window.publicsdr.text_427_d0060d,"name, place, antenna, band",名称、地点、天线、波段,window.publicsdr,adapter-generated,crates/sdroxide-ui/src/app/publicsdr.rs:427
window.publicsdr.text_431_155b1a,Clear the search,清除搜索条件,window.publicsdr,adapter-generated,crates/sdroxide-ui/src/app/publicsdr.rs:431
window.publicsdr.text_442_ba9046,Fetching the receiver lists…,正在获取接收机列表…,window.publicsdr,adapter-generated,crates/sdroxide-ui/src/app/publicsdr.rs:442
window.publicsdr.text_444_904bb6,"The machine this radio is attached to does not answer device questions, so it cannot fetch the lists either.",此电台连接的计算机不响应设备查询，因此也无法获取接收机列表。,window.publicsdr,adapter-generated,crates/sdroxide-ui/src/app/publicsdr.rs:444
window.publicsdr.text_467_988d9b,{} receivers · {per_net} · fetched {age} ago,{} 台接收机 · {per_net} · 获取于 {age}前,window.publicsdr,adapter-generated,crates/sdroxide-ui/src/app/publicsdr.rs:467
window.publicsdr.text_509_73d043,nothing matches — try turning a filter chip back on,没有匹配项；请尝试重新启用筛选按钮,window.publicsdr,adapter-generated,crates/sdroxide-ui/src/app/publicsdr.rs:509
window.qo100.custom.text_332_7ae449,tracker,频谱跟踪,window.qo100.custom,adapter-generated,crates/sdroxide-ui/src/app/qo100.rs:332
window.qo100.custom.text_349_d66440,clicked,手动标记,window.qo100.custom,adapter-generated,crates/sdroxide-ui/src/app/qo100.rs:349
window.qo100.custom.text_490_1eb7c1,clear mark,清除标记,window.qo100.custom,adapter-generated,crates/sdroxide-ui/src/app/qo100.rs:490
window.qo100.custom.text_506_e6b267,lo −,低端 −,window.qo100.custom,adapter-generated,crates/sdroxide-ui/src/app/qo100.rs:506
window.qo100.custom.text_509_ce5628,lo +,低端 +,window.qo100.custom,adapter-generated,crates/sdroxide-ui/src/app/qo100.rs:509
window.qo100.custom.text_522_747e07,hi −,高端 −,window.qo100.custom,adapter-generated,crates/sdroxide-ui/src/app/qo100.rs:522
window.qo100.custom.text_526_5d753c,hi +,高端 +,window.qo100.custom,adapter-generated,crates/sdroxide-ui/src/app/qo100.rs:526
window.qo100.custom.text_559_7218a5,Open Settings ▸ Radio,打开设置 ▸ 电台,window.qo100.custom,adapter-generated,crates/sdroxide-ui/src/app/qo100.rs:559
window.qo100.custom.text_582_b0268d,Tune to 10489.750 MHz,调谐至 10489.750 MHz,window.qo100.custom,adapter-generated,crates/sdroxide-ui/src/app/qo100.rs:582
window.qo100.custom.text_651_0902e9,TRACKER,频谱跟踪,window.qo100.custom,adapter-generated,crates/sdroxide-ui/src/app/qo100.rs:651
window.qo100.custom.text_680_cfb25f,SHAPE,波形,window.qo100.custom,adapter-generated,crates/sdroxide-ui/src/app/qo100.rs:680
window.qo100.custom.text_691_3470ef,DRIFT,漂移速率,window.qo100.custom,adapter-generated,crates/sdroxide-ui/src/app/qo100.rs:691
window.qo100.custom.text_717_59bdfe,CYCLES,周期,window.qo100.custom,adapter-generated,crates/sdroxide-ui/src/app/qo100.rs:717
window.qo100.custom.text_765_f16563,RECEIVER,接收频率,window.qo100.custom,adapter-generated,crates/sdroxide-ui/src/app/qo100.rs:765
window.qo100.custom.text_774_3dc0db,TARGET,目标频率,window.qo100.custom,adapter-generated,crates/sdroxide-ui/src/app/qo100.rs:774
window.qo100.custom.text_780_0f4b42,MEASURED,实测频率,window.qo100.custom,adapter-generated,crates/sdroxide-ui/src/app/qo100.rs:780
window.qo100.custom.text_804_3470ef,DRIFT,频偏,window.qo100.custom,adapter-generated,crates/sdroxide-ui/src/app/qo100.rs:804
window.qo100.custom.text_821_1cb77c,CONVERTER OFFSET,变频器偏移,window.qo100.custom,adapter-generated,crates/sdroxide-ui/src/app/qo100.rs:821
window.qo100.measurement.text_785_0465eb,  (clicked),  （手动标记）,window.qo100.measurement,adapter-generated,crates/sdroxide-ui/src/app/qo100.rs:785
window.qo100.measurement.text_786_3b725d,  (tracker),  （频谱跟踪）,window.qo100.measurement,adapter-generated,crates/sdroxide-ui/src/app/qo100.rs:786
window.qo100.text_419_38cca6,OFF,关闭,window.qo100,adapter-generated,crates/sdroxide-ui/src/app/qo100.rs:419
window.qo100.text_419_e8a011,ON,开启,window.qo100,adapter-generated,crates/sdroxide-ui/src/app/qo100.rs:419
window.qo100.text_432_426b75,This receiver cannot reach 10489.750 MHz on its own — set up an LNB/converter offset first (Settings ▸ Radio),此接收机本身无法调到 10489.750 MHz；请先在“设置 ▸ 电台”中配置 LNB／变频器频偏。,window.qo100,adapter-generated,crates/sdroxide-ui/src/app/qo100.rs:432
window.qo100.text_437_201d73,"Run the fast spectral tracker: every second, look in the parking window for the beacon's two symmetric lobes and report where the carrier sits",运行快速频谱跟踪器：每秒在停泊窗口内搜索信标的两个对称旁瓣，并报告载波位置,window.qo100,adapter-generated,crates/sdroxide-ui/src/app/qo100.rs:437
window.qo100.text_443_deb116,TELEMETRY,遥测,window.qo100,adapter-generated,crates/sdroxide-ui/src/app/qo100.rs:443
window.qo100.text_448_81b16e,"Also run the AO-40 uncoded frame decoder — sync word, CRC and the telemetry text — with a step-by-step readout (carrier → sync → CRC) of how far each pass gets",同时运行 AO-40 无编码帧解码器，处理同步字、CRC 和遥测文本；以“载波 → 同步 → CRC”的逐步状态显示每轮处理进度,window.qo100,adapter-generated,crates/sdroxide-ui/src/app/qo100.rs:448
window.qo100.text_455_6ea56f,AUTO,自动,window.qo100,adapter-generated,crates/sdroxide-ui/src/app/qo100.rs:455
window.qo100.text_460_918c8e,"Auto-correct: let the tracker adjust the converter/LNB offset by itself — a slow closed loop that, on a clean and steady estimate, nudges the beacon back onto 10489.750 MHz and holds it there as the LNB drifts. Reopens the front end each time it acts.",自动校正：允许跟踪器自行调整变频器／LNB 频偏。这是一个缓慢的闭环，在估计清晰且稳定时逐步将信标移回 10489.750 MHz，并补偿 LNB 漂移。每次调整都会重新打开接收前端。,window.qo100,adapter-generated,crates/sdroxide-ui/src/app/qo100.rs:460
window.qo100.text_467_dec0f0,width,宽度,window.qo100,adapter-generated,crates/sdroxide-ui/src/app/qo100.rs:467
window.qo100.text_468_265eb7,Narrower — search a smaller slice,缩窄，减小搜索范围,window.qo100,adapter-generated,crates/sdroxide-ui/src/app/qo100.rs:468
window.qo100.text_480_9cb761,Wider — for when the beacon isn't found at the current width,加宽，用于当前宽度内未找到信标的情况,window.qo100,adapter-generated,crates/sdroxide-ui/src/app/qo100.rs:480
window.qo100.text_492_05656f,Drop the hand-placed beacon mark and go back to the decoder's own reading,清除手动信标标记，恢复使用解码器的测量结果,window.qo100,adapter-generated,crates/sdroxide-ui/src/app/qo100.rs:492
window.qo100.text_505_4d3971,park,停泊区,window.qo100,adapter-generated,crates/sdroxide-ui/src/app/qo100.rs:505
window.qo100.text_533_47562d,Before switching ON: tune so the beacon's two lobes sit between +{:.0} and +{:.0} kHz in the strip (the shaded lane).,开启前，请调谐，使信标的两个旁瓣位于图中的 +{:.0} 至 +{:.0} kHz 之间，即阴影通道内。,window.qo100,adapter-generated,crates/sdroxide-ui/src/app/qo100.rs:533
window.qo100.text_552_544c9d,This radio's own tuning range doesn't reach 10489.750 MHz — it needs an LNB/converter offset (Settings ▸ Radio ▸ Converter) before this window can do anything.,此电台自身的调谐范围无法达到 10489.750 MHz。请先在“设置 ▸ 电台 ▸ 变频器”中配置 LNB／变频器频偏，才能使用此窗口。,window.qo100,adapter-generated,crates/sdroxide-ui/src/app/qo100.rs:552
window.qo100.text_574_e24cc3,"The receiver is currently listening around {:.6} MHz — nowhere near the 10489.750 MHz beacon, so there is nothing here to draw. The decoder keeps searching regardless.",接收机目前监听 {:.6} MHz 附近，远离 10489.750 MHz 信标，因此此处没有可绘制的内容。解码器仍会继续搜索。,window.qo100,adapter-generated,crates/sdroxide-ui/src/app/qo100.rs:574
window.qo100.text_593_e09774,receiver currently covers only ±{:.0} kHz here — the rest of the strip stays blank,接收机在此处仅覆盖 ±{:.0} kHz，其余图像区域保持空白,window.qo100,adapter-generated,crates/sdroxide-ui/src/app/qo100.rs:593
window.qo100.text_637_e983a7,"tip: if you can see the beacon in the strip but it won't lock, double-click it — that marks it as 10489.750 MHz and lets APPLY correct to it",提示：若图中可见信标但无法锁定，可双击信标，将其标记为 10489.750 MHz，再点击“应用”据此校正,window.qo100,adapter-generated,crates/sdroxide-ui/src/app/qo100.rs:637
window.qo100.text_672_8b50a5,no twin-lobe shape in the parking window,停泊窗口内未发现双旁瓣形状,window.qo100,adapter-generated,crates/sdroxide-ui/src/app/qo100.rs:672
window.qo100.text_683_37012a,null {:.1} dB   sym {:.2}   snr {:.1} dB,凹口 {:.1} dB   对称度 {:.2}   信噪比 {:.1} dB,window.qo100,adapter-generated,crates/sdroxide-ui/src/app/qo100.rs:683
window.qo100.text_696_05c6b9,{:+.1} Hz/s   {:+.2} Hz/s²  (de-rotated before decode),{:+.1} Hz/s   {:+.2} Hz/s²（解码前已补偿相位旋转）,window.qo100,adapter-generated,crates/sdroxide-ui/src/app/qo100.rs:696
window.qo100.text_700_ed8312,{:+.1} Hz/s  (de-rotated before decode),{:+.1} Hz/s（解码前已补偿相位旋转）,window.qo100,adapter-generated,crates/sdroxide-ui/src/app/qo100.rs:700
window.qo100.text_703_e53d3e,— (need a longer run of estimates),—（需要更长的估计记录）,window.qo100,adapter-generated,crates/sdroxide-ui/src/app/qo100.rs:703
window.qo100.text_719_13db31,"{} found, {} empty",找到 {} 次，空窗口 {} 次,window.qo100,adapter-generated,crates/sdroxide-ui/src/app/qo100.rs:719
window.qo100.text_738_b98014,{} over {} correction{}{last},累计校正 {}，共 {} 次{}{last},window.qo100,adapter-generated,crates/sdroxide-ui/src/app/qo100.rs:738
window.qo100.text_797_041123,not locked yet,尚未锁定,window.qo100,adapter-generated,crates/sdroxide-ui/src/app/qo100.rs:797
window.qo100.text_831_4248dc,DECODE,解码,window.qo100,adapter-generated,crates/sdroxide-ui/src/app/qo100.rs:831
window.qo100.text_845_e58284,sync {} / 32 err  ×{},同步错误 {} / 32   ×{},window.qo100,adapter-generated,crates/sdroxide-ui/src/app/qo100.rs:845
window.qo100.text_860_d8b1e9,frame buffer {:.0}%,帧缓冲区 {:.0}%,window.qo100,adapter-generated,crates/sdroxide-ui/src/app/qo100.rs:860
window.qo100.text_864_293924,"{} blocks tried, {} decoded",尝试 {} 个数据块，解码 {} 个,window.qo100,adapter-generated,crates/sdroxide-ui/src/app/qo100.rs:864
window.qo100.text_874_2ee451,DECODE — filling the first frame buffer…,解码：正在填充第一个帧缓冲区…,window.qo100,adapter-generated,crates/sdroxide-ui/src/app/qo100.rs:874
window.qo100.text_882_d25ceb,DECODE — off. Turn on the TELEMETRY chip (top row) for the carrier → sync → CRC readout.,解码已关闭。开启顶行的“遥测”按钮可查看“载波 → 同步 → CRC”状态。,window.qo100,adapter-generated,crates/sdroxide-ui/src/app/qo100.rs:882
window.qo100.text_896_deb116,TELEMETRY,遥测,window.qo100,adapter-generated,crates/sdroxide-ui/src/app/qo100.rs:896
window.qo100.text_920_d6a286, APPLY CORRECTION , 应用校正 ,window.qo100,adapter-generated,crates/sdroxide-ui/src/app/qo100.rs:920
window.qo100.text_924_8d4e92,"Write the converter/LNB offset that puts the beacon where you clicked onto 10489.750 MHz, and reopen the receiver — the same brief interruption Settings ▸ Radio ▸ Apply makes",写入变频器／LNB 频偏，使你点击的信标位置对应 10489.750 MHz，并重新打开接收机；短暂中断与“设置 ▸ 电台 ▸ 应用”相同,window.qo100,adapter-generated,crates/sdroxide-ui/src/app/qo100.rs:924
window.qo100.text_929_12c1a0,"Write the converter/LNB offset that puts the tracker's estimate onto 10489.750 MHz, and reopen the receiver — the same brief interruption Settings ▸ Radio ▸ Apply makes",写入变频器／LNB 频偏，使跟踪器估计的位置对应 10489.750 MHz，并重新打开接收机；短暂中断与“设置 ▸ 电台 ▸ 应用”相同,window.qo100,adapter-generated,crates/sdroxide-ui/src/app/qo100.rs:929
window.qo100.text_934_640246,Waiting for a second CRC-valid frame before offering to write this — one lock alone could be a chance match,等待第二个 CRC 校验通过的帧后才允许写入；仅一次锁定可能是偶然匹配,window.qo100,adapter-generated,crates/sdroxide-ui/src/app/qo100.rs:934
window.qo100.text_938_761d53,"Write the corrected converter/LNB offset and reopen the receiver — a brief interruption, the same one Settings ▸ Radio ▸ Apply makes",写入校正后的变频器／LNB 频偏并重新打开接收机；会产生与“设置 ▸ 电台 ▸ 应用”相同的短暂中断,window.qo100,adapter-generated,crates/sdroxide-ui/src/app/qo100.rs:938
window.qo100.text_960_18d302,last applied {ago}s ago: {old:.0} → {new:.0} Hz ({:+.0} Hz),上次应用于 {ago}秒前：{old:.0} → {new:.0} Hz（{:+.0} Hz）,window.qo100,adapter-generated,crates/sdroxide-ui/src/app/qo100.rs:960
window.rds.text_102_817708,STATION,电台,window.rds,adapter-generated,crates/sdroxide-ui/src/app/rds.rs:102
window.rds.text_102_c34dc2,DIAGNOSTICS,诊断,window.rds,adapter-generated,crates/sdroxide-ui/src/app/rds.rs:102
window.rds.text_115_ac88e5,Auto ({}),自动（{}）,window.rds,adapter-generated,crates/sdroxide-ui/src/app/rds.rs:115
window.rds.text_126_14c106,"Which programme-type table to read this station against. RDS is used everywhere outside North America; RBDS adds the call sign a US station's identity code spells out. Auto follows the extended country code the station sends, and until one arrives it will not spell out a call sign — the identity ranges it would read are shared with nine countries' RDS codes, so select RBDS to name a station that sends no country code.",选择解读该电台节目类型的对照表。北美以外地区使用 RDS；RBDS 还可将美国电台的节目识别码解读为呼号。自动模式根据电台发送的扩展国家代码选择标准；收到该代码之前，不会显示由识别码推导出的呼号，因为这些识别码范围也被九个国家的 RDS 国家代码使用。若电台不发送国家代码，可手动选择 RBDS 来显示呼号。,window.rds,adapter-generated,crates/sdroxide-ui/src/app/rds.rs:126
window.rds.text_150_128cfd,waiting for the receiver…,等待接收数据…,window.rds,adapter-generated,crates/sdroxide-ui/src/app/rds.rs:150
window.rds.text_156_e7e079,"No RDS on this station. Not every transmitter carries it, and a weak one may carry it without it arriving.",此电台没有可用的 RDS 数据。有些电台不发送 RDS；信号较弱时，即使发送也可能无法接收。,window.rds,adapter-generated,crates/sdroxide-ui/src/app/rds.rs:156
window.rds.text_159_190263,RDS is only carried on WFM broadcast stations.,只有宽带调频（WFM）广播电台携带 RDS 数据。,window.rds,adapter-generated,crates/sdroxide-ui/src/app/rds.rs:159
window.rds.text_169_495879,HOLDING,保留上次数据,window.rds,adapter-generated,crates/sdroxide-ui/src/app/rds.rs:169
window.rds.text_170_83db8a,Block sync has dropped — this is the last station read.,数据块同步已丢失；当前显示上次接收到的电台数据。,window.rds,adapter-generated,crates/sdroxide-ui/src/app/rds.rs:170
window.rds.text_201_82ec80,IDENTITY,节目识别码,window.rds,adapter-generated,crates/sdroxide-ui/src/app/rds.rs:201
window.rds.text_204_e299e2,PROGRAMME,节目类型,window.rds,adapter-generated,crates/sdroxide-ui/src/app/rds.rs:204
window.rds.text_207_939a2e,DESCRIBED AS,电台自述类型,window.rds,adapter-generated,crates/sdroxide-ui/src/app/rds.rs:207
window.rds.text_210_3565fc,Speech,语音,window.rds,adapter-generated,crates/sdroxide-ui/src/app/rds.rs:210
window.rds.text_210_65f23e,CONTENT,内容,window.rds,adapter-generated,crates/sdroxide-ui/src/app/rds.rs:210
window.rds.text_210_6eb00b,Music,音乐,window.rds,adapter-generated,crates/sdroxide-ui/src/app/rds.rs:210
window.rds.text_214_204639,TRAFFIC,交通信息,window.rds,adapter-generated,crates/sdroxide-ui/src/app/rds.rs:214
window.rds.text_216_c3746a,announcement on air now,正在播报交通公告,window.rds,adapter-generated,crates/sdroxide-ui/src/app/rds.rs:216
window.rds.text_217_ea4e42,carried by this station,此电台提供交通信息,window.rds,adapter-generated,crates/sdroxide-ui/src/app/rds.rs:217
window.rds.text_218_9f8521,not carried,此电台不提供交通信息,window.rds,adapter-generated,crates/sdroxide-ui/src/app/rds.rs:218
window.rds.text_222_7a753b,RADIO TEXT,广播文本,window.rds,adapter-generated,crates/sdroxide-ui/src/app/rds.rs:222
window.rds.text_227_b0810b,STATION CLOCK,电台时钟,window.rds,adapter-generated,crates/sdroxide-ui/src/app/rds.rs:227
window.rds.text_230_e3b435,COUNTRY CODE,扩展国家代码,window.rds,adapter-generated,crates/sdroxide-ui/src/app/rds.rs:230
window.rds.text_235_3afc66,ALSO ON,替代频率,window.rds,adapter-generated,crates/sdroxide-ui/src/app/rds.rs:235
window.rds.text_246_640cfc,ALSO TAGGED,其他标签,window.rds,adapter-generated,crates/sdroxide-ui/src/app/rds.rs:246
window.rds.text_250_eed507,type {class},类型 {class},window.rds,adapter-generated,crates/sdroxide-ui/src/app/rds.rs:250
window.rds.text_260_128cfd,waiting for the receiver…,等待接收数据…,window.rds,adapter-generated,crates/sdroxide-ui/src/app/rds.rs:260
window.rds.text_267_7dcad6,SYNC,已同步,window.rds,adapter-generated,crates/sdroxide-ui/src/app/rds.rs:267
window.rds.text_269_621cf7,NO SYNC,未同步,window.rds,adapter-generated,crates/sdroxide-ui/src/app/rds.rs:269
window.rds.text_272_1af17e,· {} groups,· {} 个数据组,window.rds,adapter-generated,crates/sdroxide-ui/src/app/rds.rs:272
window.rds.text_274_a857c0,· {:.1} % of blocks in error,· {:.1} % 的数据块有错误,window.rds,adapter-generated,crates/sdroxide-ui/src/app/rds.rs:274
window.rds.text_275_b7dacf,"Blocks that failed their check, plus those the error corrector had to repair. Corrections count as errors on purpose: a rising figure is the first sign a station is about to stop decoding.",包括校验失败的数据块，以及需要纠错器修复的数据块。这里有意将已纠正的数据块也计入错误：错误率上升通常是即将无法继续解码的最早迹象。,window.rds,adapter-generated,crates/sdroxide-ui/src/app/rds.rs:275
window.rds.text_281_d078f8,{} clean · {} corrected · {} lost,{} 个无错 · {} 个已纠正 · {} 个丢失,window.rds,adapter-generated,crates/sdroxide-ui/src/app/rds.rs:281
window.rds.text_295_0ae503,FRONT END OVERLOADING,射频前端过载,window.rds,adapter-generated,crates/sdroxide-ui/src/app/rds.rs:295
window.rds.text_301_150a26,"The converter is clipping, which puts distortion right across the multiplex — including on the 57 kHz data subcarrier. Turn the RF gain down, or switch in an attenuator: RDS goes about a decibel before anything is audible, so a station that sounds perfect can still be far too strong for its data to survive.",模数转换器正在削顶，失真会覆盖整个复合基带，包括 57 kHz 数据副载波。请降低射频增益，或启用衰减器：原文指出，RDS 可能比可听见的失真提前约 1 dB 失效，因此即使声音正常，过强的信号仍可能使数据无法解码。,window.rds,adapter-generated,crates/sdroxide-ui/src/app/rds.rs:301
window.rds.text_320_9f5583,GROUP TYPES,数据组类型,window.rds,adapter-generated,crates/sdroxide-ui/src/app/rds.rs:320
window.rds.text_328_ffb520,RECENT GROUPS — newest last,最近的数据组（最新位于底部）,window.rds,adapter-generated,crates/sdroxide-ui/src/app/rds.rs:328
window.rds.text_334_480cd8,nothing decoded yet,尚未解码出数据,window.rds,adapter-generated,crates/sdroxide-ui/src/app/rds.rs:334
window.rds.text_78_147238,RDS,RDS 广播数据,window.rds,adapter-generated,crates/sdroxide-ui/src/app/rds.rs:78
window.sat.motion.text_720_1a28e6,approaching,接近中,window.sat.motion,adapter-generated,crates/sdroxide-ui/src/app/sat.rs:720
window.sat.motion.text_722_50bf81,receding,远离中,window.sat.motion,adapter-generated,crates/sdroxide-ui/src/app/sat.rs:722
window.sat.motion.text_724_e060ee,abeam,横向经过,window.sat.motion,adapter-generated,crates/sdroxide-ui/src/app/sat.rs:724
window.sat.text_825_0e36d9,⚠ {} rigctld client{} connected — satellite software steering the dial there would correct Doppler twice,⚠ 已连接 {} 个 rigctld 客户端{}；若卫星软件同时控制频率，将重复进行多普勒校正,window.sat,adapter-generated,crates/sdroxide-ui/src/app/sat.rs:825
window.satellite.custom.text_1028_093f87,Pick a satellite to see its links and lock on.,选择卫星以查看链路并进行跟踪锁定。,window.satellite.custom,adapter-generated,crates/sdroxide-ui/src/app/sat.rs:1028
window.satellite.custom.text_1066_fbb098,No frequencies on file for this one — add them in Settings ▸ TLE.,此卫星尚无频率记录；请在设置 ▸ TLE 中添加。,window.satellite.custom,adapter-generated,crates/sdroxide-ui/src/app/sat.rs:1066
window.satellite.custom.text_1079_d5abb6,DOWNLINK (MHz),下行（MHz）,window.satellite.custom,adapter-generated,crates/sdroxide-ui/src/app/sat.rs:1079
window.satellite.custom.text_1080_6026f4,UPLINK (MHz),上行（MHz）,window.satellite.custom,adapter-generated,crates/sdroxide-ui/src/app/sat.rs:1080
window.satellite.custom.text_1081_ac6c84,MODE,模式,window.satellite.custom,adapter-generated,crates/sdroxide-ui/src/app/sat.rs:1081
window.satellite.custom.text_511_efb77a,PASS PROFILE,过境轨迹,window.satellite.custom,adapter-generated,crates/sdroxide-ui/src/app/sat.rs:511
window.satellite.custom.text_519_a01bd7,{} above the horizon,地平线以上可见时长：{},window.satellite.custom,adapter-generated,crates/sdroxide-ui/src/app/sat.rs:519
window.satellite.custom.text_568_7884ae,in {s} s,{s} 秒后,window.satellite.custom,adapter-generated,crates/sdroxide-ui/src/app/sat.rs:568
window.satellite.custom.text_570_1fd99d,in {} min,{} 分钟后,window.satellite.custom,adapter-generated,crates/sdroxide-ui/src/app/sat.rs:570
window.satellite.custom.text_572_9f467a,in {} h {:02} min,{} 小时 {:02} 分钟后,window.satellite.custom,adapter-generated,crates/sdroxide-ui/src/app/sat.rs:572
window.satellite.custom.text_701_4037d7,AZIMUTH,方位角,window.satellite.custom,adapter-generated,crates/sdroxide-ui/src/app/sat.rs:701
window.satellite.custom.text_707_1f4186,ELEVATION,仰角,window.satellite.custom,adapter-generated,crates/sdroxide-ui/src/app/sat.rs:707
window.satellite.custom.text_716_69da96,RANGE,距离,window.satellite.custom,adapter-generated,crates/sdroxide-ui/src/app/sat.rs:716
window.satellite.custom.text_718_fced8f,RATE,距离变化率,window.satellite.custom,adapter-generated,crates/sdroxide-ui/src/app/sat.rs:718
window.satellite.custom.text_729_022120,DOWNLINK,下行,window.satellite.custom,adapter-generated,crates/sdroxide-ui/src/app/sat.rs:729
window.satellite.custom.text_735_c7db17,DOPPLER RX,接收多普勒频移,window.satellite.custom,adapter-generated,crates/sdroxide-ui/src/app/sat.rs:735
window.satellite.custom.text_740_9a569e,UPLINK,上行,window.satellite.custom,adapter-generated,crates/sdroxide-ui/src/app/sat.rs:740
window.satellite.custom.text_744_b76e68,DOPPLER TX,发射多普勒频移,window.satellite.custom,adapter-generated,crates/sdroxide-ui/src/app/sat.rs:744
window.satellite.custom.text_759_c0e934,Pass until {} UTC · max {:.0}°,本次过境至 {} UTC 结束 · 最高仰角 {:.0}°,window.satellite.custom,adapter-generated,crates/sdroxide-ui/src/app/sat.rs:759
window.satellite.custom.text_771_672b13,Next pass {} UTC ({}) · rises {:.0}° {} · max {:.0}°,下次过境 {} UTC（{}）· 升起方位 {:.0}° {} · 最高仰角 {:.0}°,window.satellite.custom,adapter-generated,crates/sdroxide-ui/src/app/sat.rs:771
window.satellite.custom.text_780_6dd841,No pass inside the next 48 hours from your QTH.,从您的台站位置看，未来 48 小时内没有过境。,window.satellite.custom,adapter-generated,crates/sdroxide-ui/src/app/sat.rs:780
window.satellite.custom.text_981_4c6d1a,SATELLITE,卫星,window.satellite.custom,adapter-generated,crates/sdroxide-ui/src/app/sat.rs:981
window.satellite.custom.text_983_2f9acb,PASS,过境,window.satellite.custom,adapter-generated,crates/sdroxide-ui/src/app/sat.rs:983
window.satellite.tabs.text_625_bcdc9d,SATELLITES,卫星,window.satellite.tabs,adapter-generated,crates/sdroxide-ui/src/app/sat.rs:625
window.satellite.text_1006_0573f9,"● up now, {el:.0}°",● 当前在地平线以上，仰角 {el:.0}°,window.satellite,adapter-generated,crates/sdroxide-ui/src/app/sat.rs:1006
window.satellite.text_1012_60b6d5,always visible,始终可见,window.satellite,adapter-generated,crates/sdroxide-ui/src/app/sat.rs:1012
window.satellite.text_1015_11f4fb,not from here,本站不可见,window.satellite,adapter-generated,crates/sdroxide-ui/src/app/sat.rs:1015
window.satellite.text_1017_6b51c7,no elements,无轨道根数,window.satellite,adapter-generated,crates/sdroxide-ui/src/app/sat.rs:1017
window.satellite.text_1122_eaca96,TUNE,调谐,window.satellite,adapter-generated,crates/sdroxide-ui/src/app/sat.rs:1122
window.satellite.text_1123_4fbeb2,"Set the dial and mode to this link — no lock, no correction",将拨盘频率和模式设为此链路，不锁定，也不进行校正,window.satellite,adapter-generated,crates/sdroxide-ui/src/app/sat.rs:1123
window.satellite.text_1140_82a522, LOCK ON , 开启锁定 ,window.satellite,adapter-generated,crates/sdroxide-ui/src/app/sat.rs:1140
window.satellite.text_1140_d78a51, LOCKED , 已锁定 ,window.satellite,adapter-generated,crates/sdroxide-ui/src/app/sat.rs:1140
window.satellite.text_1145_ef7da1,"Track this satellite: Doppler correction on RX and TX, transponder-mapped uplink, and the 3D view follows it",跟踪此卫星：校正接收和发射的多普勒频偏，按转发器映射上行频率，同时让 3D 视图跟随该卫星,window.satellite,adapter-generated,crates/sdroxide-ui/src/app/sat.rs:1145
window.satellite.text_588_4c6d1a,SATELLITE,卫星,window.satellite,adapter-generated,crates/sdroxide-ui/src/app/sat.rs:588
window.satellite.text_683_920111,● LOCKED — {},● 已锁定 · {},window.satellite,adapter-generated,crates/sdroxide-ui/src/app/sat.rs:683
window.satellite.text_689_09911d,UNLOCK,解除锁定,window.satellite,adapter-generated,crates/sdroxide-ui/src/app/sat.rs:689
window.satellite.text_690_04aab6,Release the lock; the dial stays where it is,解除锁定，保持当前拨盘频率,window.satellite,adapter-generated,crates/sdroxide-ui/src/app/sat.rs:690
window.satellite.text_810_4a4d42,⚠ Elements stale — corrections suspended until a TLE refresh,⚠ 轨道根数已过期；在刷新 TLE 前暂停校正,window.satellite,adapter-generated,crates/sdroxide-ui/src/app/sat.rs:810
window.satellite.text_816_a800fb,Doppler correction needs an IQ front end — a CAT rig tracks only,多普勒校正需要 I/Q 接收前端；CAT 电台仅提供跟踪,window.satellite,adapter-generated,crates/sdroxide-ui/src/app/sat.rs:816
window.satellite.text_838_64db79,Rotator: antenna at {az:.0}° az {el:.0}° el,旋转器：天线方位角 {az:.0}°，仰角 {el:.0}°,window.satellite,adapter-generated,crates/sdroxide-ui/src/app/sat.rs:838
window.satellite.text_842_466379,Rotator: {e},旋转器：{e},window.satellite,adapter-generated,crates/sdroxide-ui/src/app/sat.rs:842
window.satellite.text_843_d1cd81,Rotator: not connected,旋转器：未连接,window.satellite,adapter-generated,crates/sdroxide-ui/src/app/sat.rs:843
window.satellite.text_855_791bca,DOPPLER,多普勒校正,window.satellite,adapter-generated,crates/sdroxide-ui/src/app/sat.rs:855
window.satellite.text_856_0ecdcd,Apply the computed correction to RX and TX,将计算出的校正值应用于接收和发射频率,window.satellite,adapter-generated,crates/sdroxide-ui/src/app/sat.rs:856
window.satellite.text_862_354c60,ROTATOR,天线旋转器,window.satellite,adapter-generated,crates/sdroxide-ui/src/app/sat.rs:862
window.satellite.text_864_3c85db,Steer the antenna through the rotctld client (Settings ▸ Servers),通过 rotctld 客户端控制天线方向（设置 ▸ 服务）,window.satellite,adapter-generated,crates/sdroxide-ui/src/app/sat.rs:864
window.satellite.text_890_aa0d40,name or NORAD,名称或 NORAD 编号,window.satellite,adapter-generated,crates/sdroxide-ui/src/app/sat.rs:890
window.satellite.text_897_970cd9,set your grid for passes (Settings ▸ General),请设置网格定位以计算过境（设置 ▸ 常规）,window.satellite,adapter-generated,crates/sdroxide-ui/src/app/sat.rs:897
window.scanner.folders.text_320_d64dc9,Unfiled,未归档,window.scanner.folders,adapter-generated,crates/sdroxide-ui/src/app/scanner.rs:320
window.scanner.text_127_9fcc19,That range is empty — the high edge has to be at least one channel above the low one.,频率范围为空；上限必须至少比下限高一个频道步进。,window.scanner,adapter-generated,crates/sdroxide-ui/src/app/scanner.rs:127
window.scanner.text_148_40cc43,SKIP while it is holding to pass over that channel from now on,停留时点击“跳过”，今后便不再扫描该频道,window.scanner,adapter-generated,crates/sdroxide-ui/src/app/scanner.rs:148
window.scanner.text_158_dc5420,Skipping,已跳过,window.scanner,adapter-generated,crates/sdroxide-ui/src/app/scanner.rs:158
window.scanner.text_160_c7f4c3,Stop passing over any of them,取消全部频道的跳过状态,window.scanner,adapter-generated,crates/sdroxide-ui/src/app/scanner.rs:160
window.scanner.text_173_07d128,Stop passing over this channel,取消此频道的跳过状态,window.scanner,adapter-generated,crates/sdroxide-ui/src/app/scanner.rs:173
window.scanner.text_191_44e909,No memory channels stored yet — store some in the MEM window.,尚未保存存储频道；请先在“存储频道”窗口中添加。,window.scanner,adapter-generated,crates/sdroxide-ui/src/app/scanner.rs:191
window.scanner.text_198_afc594,SKIP a channel to pass over it,点击“跳过”可排除此频道,window.scanner,adapter-generated,crates/sdroxide-ui/src/app/scanner.rs:198
window.scanner.text_207_6ad446,SKIP,跳过,window.scanner,adapter-generated,crates/sdroxide-ui/src/app/scanner.rs:207
window.scanner.text_21_71d4cf,Scanner,扫描器,window.scanner,adapter-generated,crates/sdroxide-ui/src/app/scanner.rs:21
window.scanner.text_253_8d5ebd,FAST,快速,window.scanner,adapter-generated,crates/sdroxide-ui/src/app/scanner.rs:253
window.scanner.text_259_e90568,read the list off the spectrum instead of visiting every channel,从频谱中读取频道列表，无需逐个调谐频道,window.scanner,adapter-generated,crates/sdroxide-ui/src/app/scanner.rs:259
window.scanner.text_295_c4d6bb,Folders,文件夹,window.scanner,adapter-generated,crates/sdroxide-ui/src/app/scanner.rs:295
window.scanner.text_296_b5c7ae,ALL,全部,window.scanner,adapter-generated,crates/sdroxide-ui/src/app/scanner.rs:296
window.scanner.text_298_a76f2c,"Scan every folder, and every folder made from now on. Pick folders instead to scan only those.",扫描所有文件夹，包括今后新建的文件夹。也可选择文件夹，仅扫描所选范围。,window.scanner,adapter-generated,crates/sdroxide-ui/src/app/scanner.rs:298
window.scanner.text_327_22667a,Nothing is filed under the folders you picked.,所选文件夹中没有频道。,window.scanner,adapter-generated,crates/sdroxide-ui/src/app/scanner.rs:327
window.scanner.text_335_9b01f5,Stops at,停止门限,window.scanner,adapter-generated,crates/sdroxide-ui/src/app/scanner.rs:335
window.scanner.text_337_a7056a,SQL,静噪,window.scanner,adapter-generated,crates/sdroxide-ui/src/app/scanner.rs:337
window.scanner.text_339_d9df84,"Use the receiver's own squelch, so the scan stops exactly where the audio would open",使用接收机自身的静噪门限，使扫描在音频打开的位置停止,window.scanner,adapter-generated,crates/sdroxide-ui/src/app/scanner.rs:339
window.scanner.text_350_f91ce2,squelch is off — the scan will stop on the first thing it looks at,静噪已关闭；扫描将在遇到的第一个信号处停止,window.scanner,adapter-generated,crates/sdroxide-ui/src/app/scanner.rs:350
window.scanner.text_364_1cee4d,Channel power a signal has to reach to stop the scan,频道功率达到此门限时停止扫描,window.scanner,adapter-generated,crates/sdroxide-ui/src/app/scanner.rs:364
window.scanner.text_369_e75f4a,Listens for,监听时长,window.scanner,adapter-generated,crates/sdroxide-ui/src/app/scanner.rs:369
window.scanner.text_374_231118,How long to stay on a candidate before judging it. Below about a tenth of a second the level meter has not settled and weak signals get missed,判断候选频道前的停留时间。少于约十分之一秒时，电平表尚未稳定，可能漏掉弱信号。,window.scanner,adapter-generated,crates/sdroxide-ui/src/app/scanner.rs:374
window.scanner.text_379_2c501f,Resumes,恢复扫描,window.scanner,adapter-generated,crates/sdroxide-ui/src/app/scanner.rs:379
window.scanner.text_384_646966,Carry on once the signal drops,信号消失后继续扫描,window.scanner,adapter-generated,crates/sdroxide-ui/src/app/scanner.rs:384
window.scanner.text_385_a62390,"Carry on after a fixed time, regardless",固定时间后继续扫描，无论信号是否仍在,window.scanner,adapter-generated,crates/sdroxide-ui/src/app/scanner.rs:385
window.scanner.text_386_b00a14,Stay until you press NEXT,保持停留，直到点击“下一个”,window.scanner,adapter-generated,crates/sdroxide-ui/src/app/scanner.rs:386
window.scanner.text_401_18e127,How long to stay,停留时长,window.scanner,adapter-generated,crates/sdroxide-ui/src/app/scanner.rs:401
window.scanner.text_404_0e9eb9,How long to wait after the signal drops,信号消失后的等待时间,window.scanner,adapter-generated,crates/sdroxide-ui/src/app/scanner.rs:404
window.scanner.text_416_8322e8,stopped,已停止,window.scanner,adapter-generated,crates/sdroxide-ui/src/app/scanner.rs:416
window.scanner.text_421_1695e4,holding {here:.6} MHz,停留于 {here:.6} MHz,window.scanner,adapter-generated,crates/sdroxide-ui/src/app/scanner.rs:421
window.scanner.text_423_6eef1c,scanning · {here:.6} MHz,正在扫描 · {here:.6} MHz,window.scanner,adapter-generated,crates/sdroxide-ui/src/app/scanner.rs:423
window.scanner.text_427_6ad446,SKIP,跳过,window.scanner,adapter-generated,crates/sdroxide-ui/src/app/scanner.rs:427
window.scanner.text_428_bf2975,"Move on, and don't stop on this channel again",继续扫描，并且不再停留于此频道,window.scanner,adapter-generated,crates/sdroxide-ui/src/app/scanner.rs:428
window.scanner.text_433_0167f7,Move on now,立即继续扫描,window.scanner,adapter-generated,crates/sdroxide-ui/src/app/scanner.rs:433
window.scanner.text_433_7a66ea,NEXT,下一个,window.scanner,adapter-generated,crates/sdroxide-ui/src/app/scanner.rs:433
window.scanner.text_49_c311e7,Work through the stored memory channels,依次扫描已保存的存储频道,window.scanner,adapter-generated,crates/sdroxide-ui/src/app/scanner.rs:49
window.scanner.text_50_cea98f,Work through a slice of a band on a channel grid,按频道步进扫描指定波段范围,window.scanner,adapter-generated,crates/sdroxide-ui/src/app/scanner.rs:50
window.scanner.text_58_04dedf,STOP,停止,window.scanner,adapter-generated,crates/sdroxide-ui/src/app/scanner.rs:58
window.scanner.text_58_39f17e,START,开始,window.scanner,adapter-generated,crates/sdroxide-ui/src/app/scanner.rs:58
window.scanner.text_87_218197,From,起始频率,window.scanner,adapter-generated,crates/sdroxide-ui/src/app/scanner.rs:87
window.scanner.text_90_663ea1,to,至,window.scanner,adapter-generated,crates/sdroxide-ui/src/app/scanner.rs:90
window.scanner.text_96_8e6a6c,Step,步进,window.scanner,adapter-generated,crates/sdroxide-ui/src/app/scanner.rs:96
window.solar.text_205_76dc44,"Solar system 3D view — Sun, Earth, Moon, sunspots and CMEs (separate window)",太阳系 3D 视图：太阳、地球、月球、太阳黑子及日冕物质抛射（独立窗口）,window.solar,adapter-generated,crates/sdroxide-ui/src/app/solar.rs:205
window.solar.text_216_b65c68,"Solar system 3D view — Sun, Earth, Moon, sunspots and CMEs (new browser tab)",太阳系 3D 视图：太阳、地球、月球、太阳黑子及日冕物质抛射（新浏览器标签页）,window.solar,adapter-generated,crates/sdroxide-ui/src/app/solar.rs:216
window.solar.title,sdroxide — solar system,sdroxide — 太阳系,window.solar,reviewed-display-resource,crates/sdroxide-ui/src/solar3d/mod.rs:288
window.spots.search.no_match,no match,没有匹配项,window.spots.search,reviewed-display-resource,crates/sdroxide-ui/src/app/spots.rs:366
window.spots.text_117_a253ff,NEW,新增,window.spots,adapter-generated,crates/sdroxide-ui/src/app/spots.rs:117
window.spots.text_292_4cadfa,SPOTS,电台报告,window.spots,adapter-generated,crates/sdroxide-ui/src/app/spots.rs:292
window.spots.text_305_d484f2,Longwave & shortwave broadcast stations on air now,当前正在播出的长波及短波广播电台,window.spots,adapter-generated,crates/sdroxide-ui/src/app/spots.rs:305
window.spots.text_313_d357d0,IN VIEW,视图内,window.spots,adapter-generated,crates/sdroxide-ui/src/app/spots.rs:313
window.spots.text_314_a35d5a,Only spots inside the panadapter span,仅显示频谱视图范围内的电台报告,window.spots,adapter-generated,crates/sdroxide-ui/src/app/spots.rs:314
window.spots.text_320_3b3b5d,⚙ SETUP,⚙ 设置,window.spots,adapter-generated,crates/sdroxide-ui/src/app/spots.rs:320
window.spots.text_321_b21aaa,"Feeds, lookup & upload settings",数据源、查询及上传设置,window.spots,adapter-generated,crates/sdroxide-ui/src/app/spots.rs:321
window.spots.text_335_792215,"call, station, site, frequency",呼号、电台、站点、频率,window.spots,adapter-generated,crates/sdroxide-ui/src/app/spots.rs:335
window.spots.text_339_155b1a,Clear the search,清空搜索,window.spots,adapter-generated,crates/sdroxide-ui/src/app/spots.rs:339
window.vdl2.text_691_db005a,{} parameter{} SDRoxide does not read — shown above as identifier and bytes,有 {} 个参数{}尚无法由 SDRoxide 解析，已在上方显示其标识符和字节数据,window.vdl2,adapter-generated,crates/sdroxide-ui/src/app/panels/vdl2.rs:691
window.winlink.buttons.text_471_9b8949,DEL,删除,window.winlink.buttons,adapter-generated,crates/sdroxide-ui/src/app/winlink.rs:471
window.winlink.buttons.text_479_734126,ARCH,归档,window.winlink.buttons,adapter-generated,crates/sdroxide-ui/src/app/winlink.rs:479
winlink.text_138_619437,MAIL,邮件,winlink,adapter-generated,crates/sdroxide-ui/src/app/winlink.rs:138
winlink.text_257_315a1f,ABORT,中止,winlink,adapter-generated,crates/sdroxide-ui/src/app/winlink.rs:257
winlink.text_257_dbec93,Stop the session in progress,停止正在进行的会话,winlink,adapter-generated,crates/sdroxide-ui/src/app/winlink.rs:257
winlink.text_260_5bb4dc,CONNECT,连接,winlink,adapter-generated,crates/sdroxide-ui/src/app/winlink.rs:260
winlink.text_263_32619c,COMPOSE,写邮件,winlink,adapter-generated,crates/sdroxide-ui/src/app/winlink.rs:263
winlink.text_266_77e868,LOG,日志,winlink,adapter-generated,crates/sdroxide-ui/src/app/winlink.rs:266
winlink.text_276_4b6394,connecting…,正在连接…,winlink,adapter-generated,crates/sdroxide-ui/src/app/winlink.rs:276
winlink.text_285_c21e3f,last session failed — {err},上次会话失败 — {err},winlink,adapter-generated,crates/sdroxide-ui/src/app/winlink.rs:285
winlink.text_288_63eb4d,"last session: {} received, {} sent",上次会话：接收 {}，发送 {},winlink,adapter-generated,crates/sdroxide-ui/src/app/winlink.rs:288
winlink.text_292_2c5380,not connected yet,尚未连接,winlink,adapter-generated,crates/sdroxide-ui/src/app/winlink.rs:292
winlink.text_298_fbc6d7,loading…,正在加载…,winlink,adapter-generated,crates/sdroxide-ui/src/app/winlink.rs:298
winlink.text_302_cf1021,{} is empty,{}为空,winlink,adapter-generated,crates/sdroxide-ui/src/app/winlink.rs:302
winlink.text_326_312d00,showing {} of {},显示 {} 条，共 {} 条,winlink,adapter-generated,crates/sdroxide-ui/src/app/winlink.rs:326
winlink.text_451_14fee0,(no subject),（无主题）,winlink,adapter-generated,crates/sdroxide-ui/src/app/winlink.rs:451
winlink.text_471_989ad8,Delete this message,删除此邮件,winlink,adapter-generated,crates/sdroxide-ui/src/app/winlink.rs:471
winlink.text_480_b2a476,Move to the archive,移至归档,winlink,adapter-generated,crates/sdroxide-ui/src/app/winlink.rs:480
winlink.text_530_77a79d,fetching {mid}…,正在获取 {mid}…,winlink,adapter-generated,crates/sdroxide-ui/src/app/winlink.rs:530
winlink.text_534_67d11f,select a message,请选择邮件,winlink,adapter-generated,crates/sdroxide-ui/src/app/winlink.rs:534
winlink.text_538_14fee0,(no subject),（无主题）,winlink,adapter-generated,crates/sdroxide-ui/src/app/winlink.rs:538
winlink.text_539_1e5482,from {}   {},发件人 {}   {},winlink,adapter-generated,crates/sdroxide-ui/src/app/winlink.rs:539
winlink.text_540_ed9069,to {},收件人 {},winlink,adapter-generated,crates/sdroxide-ui/src/app/winlink.rs:540
winlink.text_542_7d6b79,cc {},抄送 {},winlink,adapter-generated,crates/sdroxide-ui/src/app/winlink.rs:542
winlink.text_552_7eb9ab,attachment: {} ({} bytes),附件：{}（{} 字节）,winlink,adapter-generated,crates/sdroxide-ui/src/app/winlink.rs:552
winlink.text_558_623026,REPLY,回复,winlink,adapter-generated,crates/sdroxide-ui/src/app/winlink.rs:558
winlink.text_575_65daeb,DELETE,删除,winlink,adapter-generated,crates/sdroxide-ui/src/app/winlink.rs:575
winlink.text_593_f4b06e,To,收件人,winlink,adapter-generated,crates/sdroxide-ui/src/app/winlink.rs:593
winlink.text_596_b28037,Cc,抄送,winlink,adapter-generated,crates/sdroxide-ui/src/app/winlink.rs:596
winlink.text_599_689712,Subject,主题,winlink,adapter-generated,crates/sdroxide-ui/src/app/winlink.rs:599
winlink.text_604_2f4298,"A callsign, or SMTP:someone@example.org for internet mail. Separate several with commas.",填写呼号，或使用 SMTP:someone@example.org 发送互联网邮件。多个地址以逗号分隔。,winlink,adapter-generated,crates/sdroxide-ui/src/app/winlink.rs:604
winlink.text_620_b9ba8f,FILE IN OUTBOX,存入发件箱,winlink,adapter-generated,crates/sdroxide-ui/src/app/winlink.rs:620
winlink.text_625_61413a,DISCARD,放弃,winlink,adapter-generated,crates/sdroxide-ui/src/app/winlink.rs:625
winlink.text_631_e3deca,filed messages go out on the next session,存入发件箱的邮件将在下次会话发送,winlink,adapter-generated,crates/sdroxide-ui/src/app/winlink.rs:631
winlink.text_651_a2a726,MAIL LOG,邮件日志,winlink,adapter-generated,crates/sdroxide-ui/src/app/winlink.rs:651
winlink.text_667_9542a7,session running…,会话正在进行…,winlink,adapter-generated,crates/sdroxide-ui/src/app/winlink.rs:667
winlink.text_676_9d58c0,no session yet,尚无会话,winlink,adapter-generated,crates/sdroxide-ui/src/app/winlink.rs:676
display.repeater.shift.simplex,SIMPLEX,单工,display.repeater.shift,display-helper-adapted,crates/sdroxide-types/src/repeater.rs:45
display.repeater.tone.off,OFF,关闭,display.repeater.tone,display-helper-adapted,crates/sdroxide-types/src/repeater.rs:81
display.wspr.hop_blocked.transmitting,transmitting,发射中,display.wspr.hop_blocked,display-helper-adapted,crates/sdroxide-digi/src/wspr_controller.rs:393;crates/sdroxide-ui/src/app/panels/wspr.rs:368
display.backend.status.adsb-audio,this front end hands over demodulated audio; ADS-B needs the raw I/Q stream,当前前端输出的是解调音频；ADS-B 需要原始 I/Q 数据流,display.backend.status,display-helper-adapted,crates/sdroxide-radio/src/engine.rs:10634;crates/sdroxide-ui/src/app/panels/adsb.rs:174
display.backend.status.adsb-band,this receiver does not tune to 1090 MHz,此接收机无法调谐到 1090 MHz,display.backend.status,display-helper-adapted,crates/sdroxide-radio/src/engine.rs:10652;crates/sdroxide-ui/src/app/panels/adsb.rs:174
display.backend.status.vdl2-audio,this front end hands over demodulated audio; VDL2 needs the raw I/Q stream,当前前端输出的是解调音频；VDL2 需要原始 I/Q 数据流,display.backend.status,display-helper-adapted,crates/sdroxide-radio/src/engine.rs:10871;crates/sdroxide-ui/src/app/panels/vdl2.rs:225
display.backend.status.vdl2-band,this receiver does not tune to 136.8 MHz,此接收机无法调谐到 136.8 MHz,display.backend.status,display-helper-adapted,crates/sdroxide-radio/src/engine.rs:10885;crates/sdroxide-ui/src/app/panels/vdl2.rs:225
display.backend.status.ais-audio,this front end hands over demodulated audio; AIS needs the raw I/Q stream,当前前端输出的是解调音频；AIS 需要原始 I/Q 数据流,display.backend.status,display-helper-adapted,crates/sdroxide-radio/src/engine.rs:11086;crates/sdroxide-ui/src/app/panels/ais.rs:199
display.backend.status.ais-band,this receiver does not tune to 162 MHz,此接收机无法调谐到 162 MHz,display.backend.status,display-helper-adapted,crates/sdroxide-radio/src/engine.rs:11100;crates/sdroxide-ui/src/app/panels/ais.rs:199
display.backend.status.rtl433-start,rtl_433 could not start,rtl_433 无法启动,display.backend.status,display-helper-adapted,crates/sdroxide-ism/src/controller.rs:452;crates/sdroxide-ui/src/app/ism.rs:338
display.backend.status.nrsc5-start,the HD Radio decoder could not be started,HD Radio 解码器无法启动,display.backend.status,display-helper-adapted,crates/sdroxide-nrsc5/src/demod.rs:115;crates/sdroxide-ui/src/app/hd.rs:93
display.backend.status.adsb-minimum-rate,"ADS-B needs at least {} Msps and this stream is {} Msps — lower the front-end decimation, or raise the device sample rate",ADS-B 至少需要 {} Msps 采样率，当前数据流为 {} Msps。请降低前端抽取率或提高设备采样率。,display.backend.status,display-helper-adapted,crates/sdroxide-radio/src/engine.rs:10640;crates/sdroxide-ui/src/app/panels/adsb.rs:174
display.backend.status.adsb-outside-window,"1090.000 MHz is outside the receiver's window, which is {} MHz wide about {} MHz",接收机窗口不包含 1090.000 MHz；窗口宽度为 {} MHz，中心频率约为 {} MHz。,display.backend.status,display-helper-adapted,crates/sdroxide-radio/src/engine.rs:10658;crates/sdroxide-ui/src/app/panels/adsb.rs:174
display.backend.status.adsb-low-sampling,"this stream is {} Msps and a Mode S chip is half a microsecond, so the signal is barely sampled: the strong aircraft decode and the weak ones are lost. {} Msps or more is what it takes — widen the receiver's window if it has the setting.",当前数据流速率为 {} Msps。Mode S 芯片脉冲仅半微秒，采样不足会导致弱信号丢失。需要至少 {} Msps；如设备支持，请加宽接收机窗口。,display.backend.status,display-helper-adapted,crates/sdroxide-radio/src/engine.rs:10602;crates/sdroxide-ui/src/app/panels/adsb.rs:189
display.backend.status.vdl2-minimum-rate,"VDL2 needs at least {} kHz of stream and this one is {} kHz — lower the front-end decimation, or raise the device sample rate",VDL2 至少需要 {} kHz 的数据流，当前为 {} kHz。请降低前端抽取率或提高设备采样率。,display.backend.status,display-helper-adapted,crates/sdroxide-radio/src/engine.rs:10877;crates/sdroxide-ui/src/app/panels/vdl2.rs:225
display.backend.status.vdl2-outside-window,"no VDL2 channel is inside the receiver's window, which is {} MHz wide about {} MHz",接收机窗口内没有 VDL2 信道；窗口宽度为 {} MHz，中心频率约为 {} MHz。,display.backend.status,display-helper-adapted,crates/sdroxide-radio/src/engine.rs:10891;crates/sdroxide-ui/src/app/panels/vdl2.rs:225
display.backend.status.vdl2-partial-window,"this window is {} kHz wide and reaches {} of the {} channels, {} to {} MHz — the other {} channels are outside it",当前窗口宽 {} kHz，可覆盖 {} 个信道（共 {} 个），范围为 {} 至 {} MHz；其余 {} 个信道位于窗口外。,display.backend.status,display-helper-adapted,crates/sdroxide-radio/src/engine.rs:10922;crates/sdroxide-ui/src/app/panels/vdl2.rs:238
display.backend.status.vdl2-low-samples,this window leaves only {} samples per symbol; below {} the symbol timing has too little to work with,当前窗口每个符号仅有 {} 个采样点；低于 {} 时，符号定时将难以正常工作。,display.backend.status,display-helper-adapted,crates/sdroxide-radio/src/engine.rs:10935;crates/sdroxide-ui/src/app/panels/vdl2.rs:238
display.backend.status.ais-minimum-rate,"AIS needs at least {} kHz of stream and this one is {} kHz — lower the front-end decimation, or raise the device sample rate",AIS 至少需要 {} kHz 的数据流，当前为 {} kHz。请降低前端抽取率或提高设备采样率。,display.backend.status,display-helper-adapted,crates/sdroxide-radio/src/engine.rs:11092;crates/sdroxide-ui/src/app/panels/ais.rs:199
display.backend.status.ais-outside-window,"neither AIS channel is inside the receiver's window, which is {} kHz wide about {} MHz",接收机窗口内不包含 AIS 两个信道；窗口宽度为 {} kHz，中心频率约为 {} MHz。,display.backend.status,display-helper-adapted,crates/sdroxide-radio/src/engine.rs:11106;crates/sdroxide-ui/src/app/panels/ais.rs:199
display.backend.status.ais-partial-window,"this window is {} kHz wide and reaches AIS {} only — a ship alternates between the two channels, so it will be heard at half its reporting rate (AIS {} is outside it)",当前窗口宽 {} kHz，仅覆盖 AIS {} 信道。船舶会在两个信道间交替，因此报告频率减半（AIS {} 位于窗口外）。,display.backend.status,display-helper-adapted,crates/sdroxide-radio/src/engine.rs:11136;crates/sdroxide-ui/src/app/panels/ais.rs:213
display.backend.status.ais-low-samples,this window leaves only {} samples a bit; below {} the bit timing has too little to work with,当前窗口每比特仅有 {} 个采样点；低于 {} 时，比特定时将难以正常工作。,display.backend.status,display-helper-adapted,crates/sdroxide-radio/src/engine.rs:11147;crates/sdroxide-ui/src/app/panels/ais.rs:213
display.backend.status.fsk441-empty-message,type a message to transmit,请输入要发送的文本,display.backend.status,display-helper-adapted,crates/sdroxide-digi/src/fsk441_controller.rs:200;crates/sdroxide-ui/src/app/panels/mod.rs:1259
display.publicsdr.blocked.phantom-bridge,"PhantomSDR's KiwiSDR bridge sends demodulated audio, not I/Q — sdroxide has no client for it yet",PhantomSDR 的 KiwiSDR 桥接仅提供解调音频，不提供 I/Q 数据流；sdroxide 目前尚不支持该接口,display.publicsdr.blocked,display-helper-adapted,crates/sdroxide-types/src/publicsdr.rs:231;crates/sdroxide-ui/src/app/publicsdr.rs:179
display.publicsdr.blocked.no-protocol-client,no client for this receiver's protocol yet,尚不支持此接收机的通信协议,display.publicsdr.blocked,display-helper-adapted,crates/sdroxide-types/src/publicsdr.rs:235;crates/sdroxide-ui/src/app/publicsdr.rs:179
display.publicsdr.blocked.browser-only,operator has not enabled connections from non-browser apps,操作员尚未允许浏览器以外的应用程序连接,display.publicsdr.blocked,display-helper-adapted,crates/sdroxide-types/src/publicsdr.rs:240;crates/sdroxide-ui/src/app/publicsdr.rs:179
display.publicsdr.blocked.device-protocol,no client for {}'s protocol yet,尚不支持 {} 使用的接收机协议,display.publicsdr.blocked,display-helper-adapted,crates/sdroxide-types/src/publicsdr.rs:236;crates/sdroxide-ui/src/app/publicsdr.rs:179
display.publicsdr.blocked.capacity,full — {} of {} channels in use,容量已满：已有 {} 个连接，最多允许 {} 个。,display.publicsdr.blocked,display-helper-adapted,crates/sdroxide-types/src/publicsdr.rs:243;crates/sdroxide-ui/src/app/publicsdr.rs:179
display.backend.status.ism-no-band,no enabled band is inside the receiver's window,接收机窗口内没有启用的频段,display.backend.status,display-helper-adapted,crates/sdroxide-ism/src/controller.rs:431;crates/sdroxide-ui/src/app/ism.rs:338
display.backend.status.ism-narrow-window,"the receiver's window is too narrow for {} kHz — choose a narrower bandwidth, or AUTO",接收机窗口过窄，无法容纳 {} kHz 带宽。请选择更窄的带宽，或选择 AUTO。,display.backend.status,display-helper-adapted,crates/sdroxide-ism/src/controller.rs:426;crates/sdroxide-ui/src/app/ism.rs:338
display.backend.status.nrsc5-no-audio,"The nrsc5 library on this machine was built without its audio decoder (USE_FAAD2=OFF), so it can find HD Radio stations but not play them. Install an nrsc5 built with it — upstream's default, which carries its own patched faad2 — then restart sdroxide.",本机的 nrsc5 库在构建时未启用音频解码器（USE_FAAD2=OFF），因此可以搜索到 HD Radio 电台，但无法播放。请安装启用了该功能的 nrsc5（上游默认构建包含其修补版 faad2），然后重新启动 sdroxide。,display.backend.status,display-helper-adapted,crates/sdroxide-nrsc5/src/worker.rs:71;crates/sdroxide-ui/src/app/hd.rs:93
display.backend.status.nrsc5-missing-library,"HD Radio needs nrsc5's decoder library ({}), which is not installed on this machine. sdroxide loads it at run time rather than building it in: install nrsc5 from your distribution or from github.com/theori-io/nrsc5, then restart sdroxide.",HD Radio 需要 nrsc5 解码库（{}），但本机尚未安装。sdroxide 会在运行时加载该库，而不是将其编译进程序：请通过系统软件源或 github.com/theori-io/nrsc5 安装 nrsc5，然后重新启动 sdroxide。,display.backend.status,display-helper-adapted,crates/sdroxide-nrsc5/src/ffi.rs:155;crates/sdroxide-ui/src/app/top_bar.rs:6591
display.wspr.tx_blocked.identity,Set your callsign and grid before transmitting.,请先设置呼号和网格，再进行发射。,display.wspr.tx_blocked,display-helper-adapted,crates/sdroxide-digi/src/wspr/tx.rs:242;crates/sdroxide-ui/src/app/panels/wspr.rs:590
display.wspr.tx_blocked.grid,"{grid} is not a Maidenhead locator, so there is nothing to transmit as. Two letters and two digits — JN47 — is what the message carries.",{grid} 不是 Maidenhead 网格定位符，因此无法用于发射。消息需要两个字母和两位数字，例如 JN47。,display.wspr.tx_blocked,display-helper-adapted,crates/sdroxide-digi/src/wspr/tx.rs:242;crates/sdroxide-ui/src/app/panels/wspr.rs:590
display.wspr.tx_blocked.callsign,"{call} cannot be sent: WSPR's message carries a plain callsign, and a compound one needs a layout this station cannot encode. Receiving is unaffected.",{call} 无法发射：WSPR 消息只支持普通呼号，本站无法编码复合呼号。接收不受影响。,display.wspr.tx_blocked,display-helper-adapted,crates/sdroxide-digi/src/wspr/tx.rs:242;crates/sdroxide-ui/src/app/panels/wspr.rs:590
display.winlink.activity.connecting,connecting to {address}…,连接到 {address}…,display.winlink.activity,display-helper-adapted,crates/sdroxide-winlink/src/manager.rs:232;crates/sdroxide-ui/src/app/winlink.rs:278
display.winlink.activity.calling,calling {gateway}…,正在呼叫 {gateway}…,display.winlink.activity,display-helper-adapted,crates/sdroxide-winlink/src/manager.rs:232;crates/sdroxide-ui/src/app/winlink.rs:278
display.winlink.activity.stopping,stopping…,正在停止…,display.winlink.activity,display-helper-adapted,crates/sdroxide-winlink/src/manager.rs:232;crates/sdroxide-ui/src/app/winlink.rs:278
display.login.refusal.credentials,username or password not accepted,用户名或密码不正确,display.login.refusal,display-helper-adapted,crates/sdroxide-types/src/access.rs:164;crates/sdroxide-ui/src/login.rs:639
display.login.refusal.busy,another sign-in is being checked — try again,另一个登录请求正在验证，请稍后重试,display.login.refusal,display-helper-adapted,crates/sdroxide-types/src/access.rs:177;crates/sdroxide-ui/src/login.rs:639
display.rifp.error.cancelled,session {id} cancelled by the sender,RIFP 会话 {id} 已由发送方取消,display.rifp.error,display-helper-adapted,crates/sdroxide-digi/src/rifp_controller.rs:242;crates/sdroxide-ui/src/app/panels/sstv.rs:1990
display.rifp.error.dropped,dropped incomplete session {id},不完整的 RIFP 会话 {id} 已丢弃,display.rifp.error,display-helper-adapted,crates/sdroxide-digi/src/rifp_controller.rs:318;crates/sdroxide-ui/src/app/panels/sstv.rs:1990
display.rifp.error.conflict,"session {id}: conflicting manifests, abandoned",RIFP 会话 {id} 的清单冲突，已放弃,display.rifp.error,display-helper-adapted,crates/sdroxide-digi/src/rifp_controller.rs:360;crates/sdroxide-ui/src/app/panels/sstv.rs:1990
display.rifp.error.crc,session {id}: object CRC-32 mismatch,RIFP 会话 {id} 的对象 CRC-32 校验失败,display.rifp.error,display-helper-adapted,crates/sdroxide-digi/src/rifp_controller.rs:528;crates/sdroxide-ui/src/app/panels/sstv.rs:1990
display.rifp.error.sha,session {id}: object SHA-256 mismatch,RIFP 会话 {id} 的对象 SHA-256 校验失败,display.rifp.error,display-helper-adapted,crates/sdroxide-digi/src/rifp_controller.rs:532;crates/sdroxide-ui/src/app/panels/sstv.rs:1990
display.rifp.error.expired,session {id}: expired incomplete,RIFP 会话 {id} 已超时且未完成,display.rifp.error,display-helper-adapted,crates/sdroxide-digi/src/rifp_controller.rs:753;crates/sdroxide-ui/src/app/panels/sstv.rs:1990
display.rifp.error.size,"session {id}: reassembled {got} octets, manifest says {want}",RIFP 会话 {id}：重组数据为 {got} 字节，清单声明为 {want} 字节,display.rifp.error,display-helper-adapted,crates/sdroxide-digi/src/rifp_controller.rs:518;crates/sdroxide-ui/src/app/panels/sstv.rs:1990
display.rifp.error.manifest_id,session {id}: manifest session ID does not match the frame header,RIFP 会话 {id}：清单会话 ID 与帧头不一致,display.rifp.error,display-helper-adapted,crates/sdroxide-digi/src/rifp_controller.rs:443;crates/sdroxide-ui/src/app/panels/sstv.rs:1990
display.rifp.error.manifest_chunks,session {id}: manifest chunk count does not match the frame header,RIFP 会话 {id}：清单分块数与帧头不一致,display.rifp.error,display-helper-adapted,crates/sdroxide-digi/src/rifp_controller.rs:446;crates/sdroxide-ui/src/app/panels/sstv.rs:1990
display.rifp.error.manifest_digest,session {id}: manifest digest is not a 64-digit hex string,RIFP 会话 {id}：清单摘要不是 64 位十六进制字符串,display.rifp.error,display-helper-adapted,crates/sdroxide-digi/src/rifp_controller.rs:470;crates/sdroxide-ui/src/app/panels/sstv.rs:1990
display.rifp.error.manifest_utf8,session {id}: manifest is not valid UTF-8,RIFP 会话 {id}：清单不是有效的 UTF-8 文本,display.rifp.error,display-helper-adapted,crates/sdroxide-digi/src/rifp_controller.rs:437;crates/sdroxide-ui/src/app/panels/sstv.rs:1990
display.rifp.error.rle_odd,session {id}: odd-length RLE8 payload,RIFP 会话 {id}：RLE8 负载长度为奇数,display.rifp.error,display-helper-adapted,crates/sdroxide-digi/src/rifp_controller.rs:171;crates/sdroxide-ui/src/app/panels/sstv.rs:1990
display.rifp.error.rle_zero,session {id}: zero run length in RLE8 payload,RIFP 会话 {id}：RLE8 负载包含长度为零的游程,display.rifp.error,display-helper-adapted,crates/sdroxide-digi/src/rifp_controller.rs:177;crates/sdroxide-ui/src/app/panels/sstv.rs:1990
display.rifp.error.rle_overflow,session {id}: RLE8 payload expands past the declared raster,RIFP 会话 {id}：RLE8 负载解压后超出声明的光栅大小,display.rifp.error,display-helper-adapted,crates/sdroxide-digi/src/rifp_controller.rs:180;crates/sdroxide-ui/src/app/panels/sstv.rs:1990
display.rifp.error.group3,session {id}: Group 3 is receive-only in this build; pick Group 4,RIFP 会话 {id}：此版本仅支持接收 Group 3，请选择 Group 4,display.rifp.error,display-helper-adapted,crates/sdroxide-digi/src/rifp_controller.rs:229;crates/sdroxide-ui/src/app/panels/sstv.rs:1990
display.rifp.error.no_encoding,session {id}: no content encoding in the manifest,RIFP 会话 {id}：清单未指定内容编码,display.rifp.error,display-helper-adapted,crates/sdroxide-digi/src/rifp_controller.rs:289;crates/sdroxide-ui/src/app/panels/sstv.rs:1990
display.rifp.error.chunk_conflict,"session {id}: chunk {sequence} arrived twice with different contents, abandoned",RIFP 会话 {id}：第 {sequence} 块重复到达且内容不同，已放弃该会话,display.rifp.error,display-helper-adapted,crates/sdroxide-digi/src/rifp_controller.rs:391;crates/sdroxide-ui/src/app/panels/sstv.rs:1990
display.rifp.error.object_type,session {id}: unsupported object type {media_type} / {encoding},RIFP 会话 {id}：不支持对象类型 {media_type} / {encoding},display.rifp.error,display-helper-adapted,crates/sdroxide-digi/src/rifp_controller.rs:535;crates/sdroxide-ui/src/app/panels/sstv.rs:1990
display.rifp.error.depth,session {id}: unsupported grayscale depth {depth},RIFP 会话 {id}：不支持 {depth} 位灰度深度,display.rifp.error,display-helper-adapted,crates/sdroxide-digi/src/rifp_controller.rs:457;crates/sdroxide-ui/src/app/panels/sstv.rs:1990
display.rifp.error.manifest_version,session {id}: unsupported manifest version {version},RIFP 会话 {id}：不支持清单版本 {version},display.rifp.error,display-helper-adapted,crates/sdroxide-digi/src/rifp_controller.rs:440;crates/sdroxide-ui/src/app/panels/sstv.rs:1990
display.rifp.error.dimensions,session {id}: image dimensions {width}×{height} exceed local limits,RIFP 会话 {id}：图像尺寸 {width}×{height} 超出本机限制,display.rifp.error,display-helper-adapted,crates/sdroxide-digi/src/rifp_controller.rs:454;crates/sdroxide-ui/src/app/panels/sstv.rs:1990
display.rifp.error.manifest_size,session {id}: manifest of {size} octets is too large,RIFP 会话 {id}：清单大小为 {size} 字节，超过上限,display.rifp.error,display-helper-adapted,crates/sdroxide-digi/src/rifp_controller.rs:431;crates/sdroxide-ui/src/app/panels/sstv.rs:1990
display.rifp.error.protocol,session {id}: not a RIFP manifest (protocol {protocol}),RIFP 会话 {id}：清单协议标识不是 RIFP（收到 {protocol}）,display.rifp.error,display-helper-adapted,crates/sdroxide-digi/src/rifp_controller.rs:437;crates/sdroxide-ui/src/app/panels/sstv.rs:1990
display.rifp.error.object_size,session {id}: object of {size} octets exceeds local limits,RIFP 会话 {id}：对象大小为 {size} 字节，超出本机限制,display.rifp.error,display-helper-adapted,crates/sdroxide-digi/src/rifp_controller.rs:460;crates/sdroxide-ui/src/app/panels/sstv.rs:1990
display.rifp.error.chunk_size,session {id}: implausible chunk size {size},RIFP 会话 {id}：分块大小 {size} 无效,display.rifp.error,display-helper-adapted,crates/sdroxide-digi/src/rifp_controller.rs:463;crates/sdroxide-ui/src/app/panels/sstv.rs:1990
display.rifp.error.chunk_count,session {id}: implausible chunk count {count},RIFP 会话 {id}：分块数 {count} 无效,display.rifp.error,display-helper-adapted,crates/sdroxide-digi/src/rifp_controller.rs:466;crates/sdroxide-ui/src/app/panels/sstv.rs:1990
display.rifp.error.manifest_parse,session {id}: manifest: {detail},RIFP 会话 {id}：清单解析失败：{detail},display.rifp.error,display-helper-adapted,crates/sdroxide-digi/src/rifp_controller.rs:434;crates/sdroxide-ui/src/app/panels/sstv.rs:1990
display.rifp.error.truncated_raster,session {id}: truncated raster: {got} of {want} octets,RIFP 会话 {id}：光栅数据被截断，收到 {got} 字节，应为 {want} 字节,display.rifp.error,display-helper-adapted,crates/sdroxide-digi/src/rifp_controller.rs:126;crates/sdroxide-ui/src/app/panels/sstv.rs:1990
display.rifp.error.transmit,transmit: {detail},RIFP 发射失败：{detail},display.rifp.error,display-helper-adapted,crates/sdroxide-digi/src/rifp_controller.rs:834;crates/sdroxide-ui/src/app/panels/sstv.rs:1990
display.winlink.error.no_sid,"peer sent no SID, so it is not speaking B2F",对端未发送 SID，因此不是 B2F 协议,display.winlink.error,display-helper-adapted,crates/sdroxide-winlink/src/session.rs:136;crates/sdroxide-ui/src/app/winlink.rs:285
display.winlink.error.proposal_checksum,peer sent a proposal block with a bad checksum,对端发送的提案块校验和错误,display.winlink.error,display-helper-adapted,crates/sdroxide-winlink/src/session.rs:307;crates/sdroxide-ui/src/app/winlink.rs:285
display.winlink.error.disconnected,peer disconnected mid-session,会话进行期间对端断开连接,display.winlink.error,display-helper-adapted,crates/sdroxide-winlink/src/session.rs:133;crates/sdroxide-ui/src/app/winlink.rs:285
display.winlink.error.no_prompt,telnet login: connection closed before a password prompt arrived,Telnet 登录失败：收到密码提示前连接已关闭,display.winlink.error,display-helper-adapted,crates/sdroxide-winlink/src/transport.rs:31;crates/sdroxide-ui/src/app/winlink.rs:285
display.winlink.error.no_result,the Winlink session ended without a result,Winlink 会话结束，但没有返回结果,display.winlink.error,display-helper-adapted,crates/sdroxide-winlink/src/manager.rs:287;crates/sdroxide-ui/src/app/winlink.rs:285
display.winlink.error.no_b2,peer does not support B2 compressed forwarding (SID codes {codes}),对端不支持 B2 压缩转发（SID 代码 {codes}）,display.winlink.error,display-helper-adapted,crates/sdroxide-winlink/src/session.rs:336;crates/sdroxide-ui/src/app/winlink.rs:285
display.winlink.error.connect,connecting to {address}: {error},连接 {address} 失败：{error},display.winlink.error,display-helper-adapted,crates/sdroxide-winlink/src/transport.rs:31;crates/sdroxide-ui/src/app/winlink.rs:285
display.winlink.error.telnet,telnet login: {error},Telnet 登录失败：{error},display.winlink.error,display-helper-adapted,crates/sdroxide-winlink/src/transport.rs:31;crates/sdroxide-ui/src/app/winlink.rs:285
display.winlink.error.decompress,decompressing {mid}: {error},解压邮件 {mid} 失败：{error},display.winlink.error,display-helper-adapted,crates/sdroxide-winlink/src/session.rs:69;crates/sdroxide-ui/src/app/winlink.rs:285
display.winlink.error.parse,parsing {mid}: {error},解析邮件 {mid} 失败：{error},display.winlink.error,display-helper-adapted,crates/sdroxide-winlink/src/session.rs:69;crates/sdroxide-ui/src/app/winlink.rs:285
app.frame.login_test_success,"ok, {message}",成功：{message},app.frame,adapter-generated,crates/sdroxide-ui/src/app/frame.rs:1303
display.decode.sort.none,None,接收顺序,display.decode.sort,display-helper-adapted,crates/sdroxide-types/src/digi.rs:88;crates/sdroxide-ui/src/app/panels/decodes.rs:139
display.decode.sort.snr,SNR,信噪比,display.decode.sort,display-helper-adapted,crates/sdroxide-types/src/digi.rs:89;crates/sdroxide-ui/src/app/panels/decodes.rs:139
display.decode.sort.distance,Dist,距离,display.decode.sort,display-helper-adapted,crates/sdroxide-types/src/digi.rs:90;crates/sdroxide-ui/src/app/panels/decodes.rs:139
display.decode.sort.country,Country,国家/地区,display.decode.sort,display-helper-adapted,crates/sdroxide-types/src/digi.rs:91;crates/sdroxide-ui/src/app/panels/decodes.rs:139
window.hd.title,HD Radio,高清数字广播（HD Radio）,window.hd,adapter-generated,crates/sdroxide-ui/src/app/hd.rs:53
settings.net.tls_label,TLS (wss://),TLS（安全 WebSocket，wss://）,settings.net,adapter-generated,crates/sdroxide-ui/src/app/settings/net.rs:99
window.drm.snr_label,SNR,信噪比,window.drm,adapter-generated,crates/sdroxide-ui/src/app/drm.rs:193;crates/sdroxide-ui/src/app/drm.rs:430
window.drm.mer_label,MER,调制误差比,window.drm,adapter-generated,crates/sdroxide-ui/src/app/drm.rs:194;crates/sdroxide-ui/src/app/drm.rs:432
panels.sstv.fsk_id_label,FSK ID,FSK 呼号标识,panels.sstv,adapter-generated,crates/sdroxide-ui/src/app/panels/sstv.rs:869
panels.sstv.rx_id_label,ID {id},呼号标识 {id},panels.sstv,adapter-generated,crates/sdroxide-ui/src/app/panels/sstv.rs:822
panels.rade.snr_reading,SNR {:.0} dB,信噪比 {:.0} dB,panels.rade,adapter-generated,crates/sdroxide-ui/src/app/panels/rade.rs:87
panels.rade.snr_unavailable,SNR —,信噪比 —,panels.rade,adapter-generated,crates/sdroxide-ui/src/app/panels/rade.rs:103
plugins.language.import_folder,Import language pack folder,导入语言包文件夹,plugins.language,adapter-generated,crates/sdroxide-ui/src/language_plugin.rs:1558
plugins.language.select_folder,Select language pack,选择语言包文件夹,plugins.language,adapter-generated,crates/sdroxide-ui/src/language_plugin.rs:1559
plugins.language.import_json,Import translation JSON,导入翻译 JSON,plugins.language,adapter-generated,crates/sdroxide-ui/src/language_plugin.rs:1573
plugins.language.restore_bundled,Use bundled pack,恢复内置语言包,plugins.language,adapter-generated,crates/sdroxide-ui/src/language_plugin.rs:1591
plugins.language.manual_unavailable,Chinese manual unavailable; using English,中文手册不可用，已切换为英文。,plugins.language,adapter-generated,crates/sdroxide-ui/src/language_plugin.rs:1604
plugins.language.manual_details,Manual details,手册详情,plugins.language,adapter-generated,crates/sdroxide-ui/src/language_plugin.rs:1605
plugins.language.error_title,Language pack error,语言包错误,plugins.language,adapter-generated,crates/sdroxide-ui/src/language_plugin.rs:1609
settings.ui.speech.rtty_psk_label,"RTTY, PSK, Olivia, THOR, FSQ",RTTY、PSK、Olivia、THOR、FSQ,settings.ui.speech,adapter-generated,crates/sdroxide-ui/src/app/settings/ui_tab.rs:441
topbar.sql,SQL,静噪,topbar,adapter-generated,crates/sdroxide-ui/src/app/top_bar.rs:2724;crates/sdroxide-ui/src/app/top_bar.rs:8554
window.satellite.aos,AOS {} {},升起 {} {},window.satellite,adapter-generated,crates/sdroxide-ui/src/app/sat.rs:475
window.satellite.los,LOS {} {},落下 {} {},window.satellite,adapter-generated,crates/sdroxide-ui/src/app/sat.rs:476
window.satellite.norad_fallback,NORAD {norad_id},NORAD 编号 {norad_id},window.satellite,adapter-generated,crates/sdroxide-ui/src/app/sat.rs:1190
boundaries.app.settings.mod.add_target_station,On {},站点：{},boundaries.app.settings.mod,adapter-generated,crates/sdroxide-ui/src/app/settings/mod.rs:3637
panels.ais.channel_reason,AIS {} ({:.3} MHz) — {},AIS {}（{:.3} MHz）：{},panels.ais,adapter-generated,crates/sdroxide-ui/src/app/panels/ais.rs:162
panels.ais.reason_switched_off,switched off,已关闭,panels.ais,display-helper-adapted,crates/sdroxide-ais/src/controller.rs:287
panels.ais.reason_outside_receiver_window,outside the receiver's window,超出接收机接收范围,panels.ais,display-helper-adapted,crates/sdroxide-ais/src/controller.rs:289
window.spots.broadcast_filter,BC,广播,window.spots,adapter-generated,crates/sdroxide-ui/src/app/spots.rs:303
window.spots.match_count,{} of {},显示 {} / {} 条,window.spots,adapter-generated,crates/sdroxide-ui/src/app/spots.rs:368
display.key.space,Space,空格键,display.key,display-helper-adapted,crates/sdroxide-ui/src/app/settings/controls.rs:92
display.key.arrow_up,ArrowUp,上方向键,display.key,display-helper-adapted,crates/sdroxide-ui/src/app/settings/controls.rs:92
display.key.arrow_down,ArrowDown,下方向键,display.key,display-helper-adapted,crates/sdroxide-ui/src/app/settings/controls.rs:92
display.key.arrow_left,ArrowLeft,左方向键,display.key,display-helper-adapted,crates/sdroxide-ui/src/app/settings/controls.rs:92
display.key.arrow_right,ArrowRight,右方向键,display.key,display-helper-adapted,crates/sdroxide-ui/src/app/settings/controls.rs:92
display.key.enter,Enter,回车,display.key,display-helper-adapted,crates/sdroxide-ui/src/app/settings/controls.rs:92
display.key.escape,Escape,Esc,display.key,display-helper-adapted,crates/sdroxide-ui/src/app/settings/controls.rs:92
display.key.backspace,Backspace,退格,display.key,display-helper-adapted,crates/sdroxide-ui/src/app/settings/controls.rs:92
display.key.delete,Delete,删除,display.key,display-helper-adapted,crates/sdroxide-ui/src/app/settings/controls.rs:92
display.key.insert,Insert,插入,display.key,display-helper-adapted,crates/sdroxide-ui/src/app/settings/controls.rs:92
display.key.home,Home,Home 键,display.key,display-helper-adapted,crates/sdroxide-ui/src/app/settings/controls.rs:92
display.key.end,End,End 键,display.key,display-helper-adapted,crates/sdroxide-ui/src/app/settings/controls.rs:92
display.key.page_up,PageUp,上翻页,display.key,display-helper-adapted,crates/sdroxide-ui/src/app/settings/controls.rs:92
display.key.page_down,PageDown,下翻页,display.key,display-helper-adapted,crates/sdroxide-ui/src/app/settings/controls.rs:92
settings.tle.norad_fallback,NORAD {},NORAD 编号 {},settings.tle,adapter-generated,crates/sdroxide-ui/src/app/settings/tle.rs:253
display.radio.no_radio,No radio,无电台,display.radio,display-helper-adapted,src/gui_main.rs:129;src/main.rs:485;src/main.rs:576;src/main.rs:1172;src/server_main.rs:131
display.radio.switched_off,Switched off,已关闭,display.radio,display-helper-adapted,src/main.rs:443;src/main.rs:564
display.radio.panadapter_receiver,Panadapter receiver,频谱接收机,display.radio,display-helper-adapted,src/main.rs:406
display.radio.signal_generator,Signal generator,信号发生器,display.radio,display-helper-adapted,src/main.rs:1136
display.notice.null_radio_no_interface,no radio interface selected — choose one in Settings → Radio,未选择电台接口。请在“设置 → 电台”选择接口。,display.notice,display-helper-adapted,src/main.rs:1455
display.notice.null_radio_no_interface_retry,no radio interface selected — choose one in Settings → Radio. Retrying — or open Settings → Radio to choose another interface.,未选择电台接口。请在“设置 → 电台”选择接口；程序正在重试，您也可以改选其他接口。,display.notice,display-helper-adapted,src/main.rs:480;src/main.rs:1169;src/main.rs:1455
display.notice.null_radio_no_interface_reopen,no radio interface selected — choose one in Settings → Radio Retrying — or open Settings → Radio to choose another interface.,未选择电台接口。请在“设置 → 电台”选择接口；程序正在重试，您也可以改选其他接口。,display.notice,display-helper-adapted,src/main.rs:574;src/main.rs:1455
display.notice.null_radio_switched_off,"This radio is switched off — its interface is not open. Switch it back on with the power button above the A/B selector (in the VFO menu on a compact layout), on its tab, or in Settings → Radio.",该电台已关闭，接口未打开。可通过 A/B 选择器上方的电源按钮（紧凑布局中位于 VFO 菜单）、电台标签页或“设置 → 电台”重新开启。,display.notice,display-helper-adapted,src/null_source.rs:53
display.notice.null_radio_panadapter,This radio is the panadapter for radio {} — its spectrum and audio are on that radio's tab. Clear the Panadapter receiver box there to use it on its own again.,此电台是第 {} 台电台的频谱接收机，其频谱和音频显示在那台电台的标签页。若要单独使用，请在那里取消勾选“频谱接收机”。,display.notice,display-helper-adapted,src/null_source.rs:36
upstream.ft8.decode_depth.label,Decode depth,解码深度,panels.setup,translated-upstream-591d21d,crates/sdroxide-ui/src/app/panels/setup.rs:722
upstream.ft8.decode_depth.fast,Fast,快速,panels.setup,translated-upstream-591d21d,crates/sdroxide-ui/src/app/panels/setup.rs:732
upstream.ft8.decode_depth.normal,Normal,普通,panels.setup,translated-upstream-591d21d,crates/sdroxide-ui/src/app/panels/setup.rs:742
upstream.ft8.decode_depth.deep,Deep,深度,panels.setup,translated-upstream-591d21d,crates/sdroxide-ui/src/app/panels/setup.rs:752
upstream.ft8.decode_depth.help,"How hard the FT8 decoder works for weak signals.

Fast — one pass, no signal subtraction: quickest, fewest decodes.
Normal — flat multi-pass subtraction: a little quicker than Deep, a little less thorough.
Deep — the checkpointed multi-pass: the most decodes, and ~1.2 s on a busy slot.","设置 FT8 解码器搜寻弱信号的力度。

快速：单轮解码，不做信号相减；速度最快，解码量最少。
普通：平坦式多轮信号相减；比深度模式稍快，搜索也略少。
深度：带检查点的多轮解码；解码量最多，繁忙时隙约需 1.2 秒。",panels.setup,translated-upstream-591d21d,crates/sdroxide-ui/src/app/panels/setup.rs:762
panels.adsb.mode_s,1090 MHz Mode S,1090 MHz S 模式,panels.adsb,adapter-generated-reviewed,crates/sdroxide-ui/src/app/panels/adsb.rs:126
settings.net.freedv_reporter_title,FreeDV Reporter,FreeDV 通联上报,settings.net,adapter-generated-reviewed,crates/sdroxide-ui/src/app/settings/net.rs:76
